"Data","Q_25200000","CSS","Fonte"
"1972-01-01",1507.06,NA,NA
"1972-01-02",1210.38,NA,NA
"1972-01-03",1043.2,NA,NA
"1972-01-04",931.263,NA,NA
"1972-01-05",853.975,NA,NA
"1972-01-06",774.065,NA,NA
"1972-01-07",788.846,NA,NA
"1972-01-08",769.159,NA,NA
"1972-01-09",808.699,NA,NA
"1972-01-10",848.903,NA,NA
"1972-01-11",884.619,NA,NA
"1972-01-12",905.249,NA,NA
"1972-01-13",833.75,NA,NA
"1972-01-14",769.159,NA,NA
"1972-01-15",695.63,NA,NA
"1972-01-16",769.159,NA,NA
"1972-01-17",716.185,NA,NA
"1972-01-18",774.065,NA,NA
"1972-01-19",823.699,NA,NA
"1972-01-20",936.495,NA,NA
"1972-01-21",833.75,NA,NA
"1972-01-22",848.903,NA,NA
"1972-01-23",759.379,NA,NA
"1972-01-24",759.379,NA,NA
"1972-01-25",833.75,NA,NA
"1972-01-26",798.752,NA,NA
"1972-01-27",1054.08,NA,NA
"1972-01-28",1385.76,NA,NA
"1972-01-29",1332.31,NA,NA
"1972-01-30",1452.05,NA,NA
"1972-01-31",1531.73,NA,NA
"1972-02-01",1779.22,NA,NA
"1972-02-02",1740.34,NA,NA
"1972-02-03",1746.8,NA,NA
"1972-02-04",1779.22,NA,NA
"1972-02-05",1568.99,NA,NA
"1972-02-06",1458.13,NA,NA
"1972-02-07",1409.75,NA,NA
"1972-02-08",1373.82,NA,NA
"1972-02-09",1600.27,NA,NA
"1972-02-10",1488.65,NA,NA
"1972-02-11",1403.74,NA,NA
"1972-02-12",1291.23,NA,NA
"1972-02-13",1250.59,NA,NA
"1972-02-14",1344.13,NA,NA
"1972-02-15",1427.83,NA,NA
"1972-02-16",1464.22,NA,NA
"1972-02-17",1644.4,NA,NA
"1972-02-18",2149.72,NA,NA
"1972-02-19",2400.88,NA,NA
"1972-02-20",2512.74,NA,NA
"1972-02-21",2617.6,NA,NA
"1972-02-22",2108.82,NA,NA
"1972-02-23",2358.34,NA,NA
"1972-02-24",2392.35,NA,NA
"1972-02-25",2207.44,NA,NA
"1972-02-26",2232.34,NA,NA
"1972-02-27",2417.97,NA,NA
"1972-02-28",1971.88,NA,NA
"1972-02-29",1714.58,NA,NA
"1972-03-01",1619.13,NA,NA
"1972-03-02",1830.47,NA,NA
"1972-03-03",2068.21,NA,NA
"1972-03-04",1963.92,NA,NA
"1972-03-05",1830.47,NA,NA
"1972-03-06",1631.75,NA,NA
"1972-03-07",1513.22,NA,NA
"1972-03-08",1439.92,NA,NA
"1972-03-09",1373.82,NA,NA
"1972-03-10",1367.87,NA,NA
"1972-03-11",1350.05,NA,NA
"1972-03-12",1326.42,NA,NA
"1972-03-13",1302.92,NA,NA
"1972-03-14",1285.4,NA,NA
"1972-03-15",1445.98,NA,NA
"1972-03-16",1439.92,NA,NA
"1972-03-17",1326.42,NA,NA
"1972-03-18",1262.15,NA,NA
"1972-03-19",1525.55,NA,NA
"1972-03-20",1779.22,NA,NA
"1972-03-21",1766.23,NA,NA
"1972-03-22",1695.34,NA,NA
"1972-03-23",1445.98,NA,NA
"1972-03-24",1267.95,NA,NA
"1972-03-25",1181.94,NA,NA
"1972-03-26",1216.1,NA,NA
"1972-03-27",1267.95,NA,NA
"1972-03-28",1332.31,NA,NA
"1972-03-29",1338.21,NA,NA
"1972-03-30",1297.07,NA,NA
"1972-03-31",1302.92,NA,NA
"1972-04-01",1332.31,NA,NA
"1972-04-02",1367.87,NA,NA
"1972-04-03",1397.74,NA,NA
"1972-04-04",1153.73,NA,NA
"1972-04-05",1043.2,NA,NA
"1972-04-06",1153.73,NA,NA
"1972-04-07",1210.38,NA,NA
"1972-04-08",1262.15,NA,NA
"1972-04-09",1320.53,NA,NA
"1972-04-10",1297.07,NA,NA
"1972-04-11",1262.15,NA,NA
"1972-04-12",1176.28,NA,NA
"1972-04-13",1037.77,NA,NA
"1972-04-14",962.806,NA,NA
"1972-04-15",920.828,NA,NA
"1972-04-16",889.761,NA,NA
"1972-04-17",869.251,NA,NA
"1972-04-18",915.625,NA,NA
"1972-04-19",910.432,NA,NA
"1972-04-20",874.364,NA,NA
"1972-04-21",859.057,NA,NA
"1972-04-22",828.719,NA,NA
"1972-04-23",783.908,NA,NA
"1972-04-24",764.264,NA,NA
"1972-04-25",707.939,NA,NA
"1972-04-26",695.63,NA,NA
"1972-04-27",683.392,NA,NA
"1972-04-28",675.273,NA,NA
"1972-04-29",667.185,NA,NA
"1972-04-30",655.114,NA,NA
"1972-05-01",635.158,NA,NA
"1972-05-02",611.478,NA,NA
"1972-05-03",595.857,NA,NA
"1972-05-04",580.369,NA,NA
"1972-05-05",561.198,NA,NA
"1972-05-06",549.797,NA,NA
"1972-05-07",534.715,NA,NA
"1972-05-08",527.227,NA,NA
"1972-05-09",519.772,NA,NA
"1972-05-10",512.353,NA,NA
"1972-05-11",504.969,NA,NA
"1972-05-12",493.959,NA,NA
"1972-05-13",483.029,NA,NA
"1972-05-14",475.786,NA,NA
"1972-05-15",472.179,NA,NA
"1972-05-16",468.58,NA,NA
"1972-05-17",461.41,NA,NA
"1972-05-18",454.277,NA,NA
"1972-05-19",447.18,NA,NA
"1972-05-20",443.645,NA,NA
"1972-05-21",440.119,NA,NA
"1972-05-22",433.096,NA,NA
"1972-05-23",422.63,NA,NA
"1972-05-24",419.161,NA,NA
"1972-05-25",433.096,NA,NA
"1972-05-26",440.119,NA,NA
"1972-05-27",530.967,NA,NA
"1972-05-28",619.339,NA,NA
"1972-05-29",667.185,NA,NA
"1972-05-30",647.107,NA,NA
"1972-05-31",580.369,NA,NA
"1972-06-01",530.967,NA,NA
"1972-06-02",501.29,NA,NA
"1972-06-03",475.786,NA,NA
"1972-06-04",457.839,NA,NA
"1972-06-05",447.18,NA,NA
"1972-06-06",440.119,NA,NA
"1972-06-07",433.096,NA,NA
"1972-06-08",426.109,NA,NA
"1972-06-09",419.161,NA,NA
"1972-06-10",412.249,NA,NA
"1972-06-11",405.376,NA,NA
"1972-06-12",398.54,NA,NA
"1972-06-13",398.54,NA,NA
"1972-06-14",391.743,NA,NA
"1972-06-15",384.984,NA,NA
"1972-06-16",378.264,NA,NA
"1972-06-17",371.583,NA,NA
"1972-06-18",371.583,NA,NA
"1972-06-19",364.941,NA,NA
"1972-06-20",358.338,NA,NA
"1972-06-21",355.052,NA,NA
"1972-06-22",351.775,NA,NA
"1972-06-23",345.252,NA,NA
"1972-06-24",345.252,NA,NA
"1972-06-25",345.252,NA,NA
"1972-06-26",338.77,NA,NA
"1972-06-27",338.77,NA,NA
"1972-06-28",345.252,NA,NA
"1972-06-29",342.006,NA,NA
"1972-06-30",338.77,NA,NA
"1972-07-01",338.77,NA,NA
"1972-07-02",338.77,NA,NA
"1972-07-03",332.327,NA,NA
"1972-07-04",329.121,NA,NA
"1972-07-05",325.925,NA,NA
"1972-07-06",319.565,NA,NA
"1972-07-07",313.245,NA,NA
"1972-07-08",310.101,NA,NA
"1972-07-09",306.967,NA,NA
"1972-07-10",303.844,NA,NA
"1972-07-11",300.731,NA,NA
"1972-07-12",297.629,NA,NA
"1972-07-13",294.537,NA,NA
"1972-07-14",300.731,NA,NA
"1972-07-15",306.967,NA,NA
"1972-07-16",338.77,NA,NA
"1972-07-17",345.252,NA,NA
"1972-07-18",351.775,NA,NA
"1972-07-19",358.338,NA,NA
"1972-07-20",364.941,NA,NA
"1972-07-21",371.583,NA,NA
"1972-07-22",374.919,NA,NA
"1972-07-23",378.264,NA,NA
"1972-07-24",371.583,NA,NA
"1972-07-25",364.941,NA,NA
"1972-07-26",358.338,NA,NA
"1972-07-27",351.775,NA,NA
"1972-07-28",345.252,NA,NA
"1972-07-29",325.925,NA,NA
"1972-07-30",294.537,NA,NA
"1972-07-31",288.385,NA,NA
"1972-08-01",285.326,NA,NA
"1972-08-02",282.277,NA,NA
"1972-08-03",282.277,NA,NA
"1972-08-04",279.238,NA,NA
"1972-08-05",276.211,NA,NA
"1972-08-06",276.211,NA,NA
"1972-08-07",270.189,NA,NA
"1972-08-08",270.189,NA,NA
"1972-08-09",267.194,NA,NA
"1972-08-10",270.189,NA,NA
"1972-08-11",270.189,NA,NA
"1972-08-12",276.211,NA,NA
"1972-08-13",291.456,NA,NA
"1972-08-14",300.731,NA,NA
"1972-08-15",300.731,NA,NA
"1972-08-16",325.925,NA,NA
"1972-08-17",351.775,NA,NA
"1972-08-18",391.743,NA,NA
"1972-08-19",422.63,NA,NA
"1972-08-20",371.583,NA,NA
"1972-08-21",358.338,NA,NA
"1972-08-22",345.252,NA,NA
"1972-08-23",306.967,NA,NA
"1972-08-24",291.456,NA,NA
"1972-08-25",282.277,NA,NA
"1972-08-26",276.211,NA,NA
"1972-08-27",276.211,NA,NA
"1972-08-28",264.21,NA,NA
"1972-08-29",252.385,NA,NA
"1972-08-30",252.385,NA,NA
"1972-08-31",246.539,NA,NA
"1972-09-01",246.539,NA,NA
"1972-09-02",246.539,NA,NA
"1972-09-03",237.856,NA,NA
"1972-09-04",234.984,NA,NA
"1972-09-05",229.275,NA,NA
"1972-09-06",229.275,NA,NA
"1972-09-07",223.612,NA,NA
"1972-09-08",217.996,NA,NA
"1972-09-09",217.996,NA,NA
"1972-09-10",217.996,NA,NA
"1972-09-11",217.996,NA,NA
"1972-09-12",234.984,NA,NA
"1972-09-13",232.124,NA,NA
"1972-09-14",229.275,NA,NA
"1972-09-15",229.275,NA,NA
"1972-09-16",243.633,NA,NA
"1972-09-17",240.739,NA,NA
"1972-09-18",258.275,NA,NA
"1972-09-19",270.189,NA,NA
"1972-09-20",276.211,NA,NA
"1972-09-21",276.211,NA,NA
"1972-09-22",270.189,NA,NA
"1972-09-23",264.21,NA,NA
"1972-09-24",258.275,NA,NA
"1972-09-25",252.385,NA,NA
"1972-09-26",246.539,NA,NA
"1972-09-27",240.739,NA,NA
"1972-09-28",234.984,NA,NA
"1972-09-29",229.275,NA,NA
"1972-09-30",223.612,NA,NA
"1972-10-01",223.612,NA,NA
"1972-10-02",234.984,NA,NA
"1972-10-03",240.739,NA,NA
"1972-10-04",246.539,NA,NA
"1972-10-05",258.275,NA,NA
"1972-10-06",288.385,NA,NA
"1972-10-07",329.121,NA,NA
"1972-10-08",391.743,NA,NA
"1972-10-09",426.109,NA,NA
"1972-10-10",447.18,NA,NA
"1972-10-11",475.786,NA,NA
"1972-10-12",516.058,NA,NA
"1972-10-13",553.589,NA,NA
"1972-10-14",568.841,NA,NA
"1972-10-15",615.404,NA,NA
"1972-10-16",828.719,NA,NA
"1972-10-17",1016.16,NA,NA
"1972-10-18",838.791,NA,NA
"1972-10-19",639.133,NA,NA
"1972-10-20",607.561,NA,NA
"1972-10-21",557.389,NA,NA
"1972-10-22",504.969,NA,NA
"1972-10-23",490.306,NA,NA
"1972-10-24",419.161,NA,NA
"1972-10-25",391.743,NA,NA
"1972-10-26",384.984,NA,NA
"1972-10-27",378.264,NA,NA
"1972-10-28",371.583,NA,NA
"1972-10-29",361.635,NA,NA
"1972-10-30",306.967,NA,NA
"1972-10-31",288.385,NA,NA
"1972-11-01",294.537,NA,NA
"1972-11-02",335.543,NA,NA
"1972-11-03",368.257,NA,NA
"1972-11-04",381.619,NA,NA
"1972-11-05",412.249,NA,NA
"1972-11-06",464.991,NA,NA
"1972-11-07",584.228,NA,NA
"1972-11-08",655.114,NA,NA
"1972-11-09",989.361,NA,NA
"1972-11-10",884.619,NA,NA
"1972-11-11",615.404,NA,NA
"1972-11-12",576.518,NA,NA
"1972-11-13",557.389,NA,NA
"1972-11-14",549.797,NA,NA
"1972-11-15",695.63,NA,NA
"1972-11-16",745.289,NA,NA
"1972-11-17",936.495,NA,NA
"1972-11-18",1385.76,NA,NA
"1972-11-19",1476.42,NA,NA
"1972-11-20",1445.98,NA,NA
"1972-11-21",1452.05,NA,NA
"1972-11-22",1979.84,NA,NA
"1972-11-23",2813.74,NA,NA
"1972-11-24",2366.82,NA,NA
"1972-11-25",1940.13,NA,NA
"1972-11-26",1948.05,NA,NA
"1972-11-27",1708.16,NA,NA
"1972-11-28",1638.07,NA,NA
"1972-11-29",1575.23,NA,NA
"1972-11-30",1439.92,NA,NA
"1972-12-01",1181.94,NA,NA
"1972-12-02",1048.64,NA,NA
"1972-12-03",1005.41,NA,NA
"1972-12-04",973.399,NA,NA
"1972-12-05",931.263,NA,NA
"1972-12-06",910.432,NA,NA
"1972-12-07",900.077,NA,NA
"1972-12-08",874.364,NA,NA
"1972-12-09",838.791,NA,NA
"1972-12-10",803.72,NA,NA
"1972-12-11",798.752,NA,NA
"1972-12-12",936.495,NA,NA
"1972-12-13",1043.2,NA,NA
"1972-12-14",1239.05,NA,NA
"1972-12-15",1415.76,NA,NA
"1972-12-16",1908.57,NA,NA
"1972-12-17",2068.21,NA,NA
"1972-12-18",2224.03,NA,NA
"1972-12-19",2174.39,NA,NA
"1972-12-20",2174.39,NA,NA
"1972-12-21",2265.7,NA,NA
"1972-12-22",2400.88,NA,NA
"1972-12-23",2504.07,NA,NA
"1972-12-24",2600.01,NA,NA
"1972-12-25",3024.12,NA,NA
"1972-12-26",3211.4,NA,NA
"1972-12-27",3258.84,NA,NA
"1972-12-28",3249.33,NA,NA
"1972-12-29",3239.83,NA,NA
"1972-12-30",3258.84,NA,NA
"1972-12-31",3316.09,NA,NA
"1973-01-01",3211.4,NA,NA
"1973-01-02",3107.9,NA,NA
"1973-01-03",3024.12,NA,NA
"1973-01-04",2922.83,NA,NA
"1973-01-05",2877.2,NA,NA
"1973-01-06",2573.72,NA,NA
"1973-01-07",2274.07,NA,NA
"1973-01-08",1908.57,NA,NA
"1973-01-09",1587.73,NA,NA
"1973-01-10",1439.92,NA,NA
"1973-01-11",1355.98,NA,NA
"1973-01-12",1291.23,NA,NA
"1973-01-13",1239.05,NA,NA
"1973-01-14",1176.28,NA,NA
"1973-01-15",1164.98,NA,NA
"1973-01-16",1120.17,NA,NA
"1973-01-17",1086.96,NA,NA
"1973-01-18",1120.17,NA,NA
"1973-01-19",1326.42,NA,NA
"1973-01-20",1445.98,NA,NA
"1973-01-21",1695.34,NA,NA
"1973-01-22",1830.47,NA,NA
"1973-01-23",1940.13,NA,NA
"1973-01-24",2019.84,NA,NA
"1973-01-25",2100.68,NA,NA
"1973-01-26",2174.39,NA,NA
"1973-01-27",2215.73,NA,NA
"1973-01-28",2290.83,NA,NA
"1973-01-29",2316.07,NA,NA
"1973-01-30",2149.72,NA,NA
"1973-01-31",1987.82,NA,NA
"1973-02-01",1830.47,NA,NA
"1973-02-02",1600.27,NA,NA
"1973-02-03",1759.75,NA,NA
"1973-02-04",1845.99,NA,NA
"1973-02-05",1948.05,NA,NA
"1973-02-06",1869.37,NA,NA
"1973-02-07",1695.34,NA,NA
"1973-02-08",1593.99,NA,NA
"1973-02-09",1575.23,NA,NA
"1973-02-10",1550.32,NA,NA
"1973-02-11",1482.53,NA,NA
"1973-02-12",1409.75,NA,NA
"1973-02-13",1350.05,NA,NA
"1973-02-14",1338.21,NA,NA
"1973-02-15",1326.42,NA,NA
"1973-02-16",1332.31,NA,NA
"1973-02-17",1385.76,NA,NA
"1973-02-18",1568.99,NA,NA
"1973-02-19",1695.34,NA,NA
"1973-02-20",1830.47,NA,NA
"1973-02-21",1908.57,NA,NA
"1973-02-22",1759.75,NA,NA
"1973-02-23",1631.75,NA,NA
"1973-02-24",1562.76,NA,NA
"1973-02-25",1500.92,NA,NA
"1973-02-26",1385.76,NA,NA
"1973-02-27",1344.13,NA,NA
"1973-02-28",1332.31,NA,NA
"1973-03-01",1314.65,NA,NA
"1973-03-02",1291.23,NA,NA
"1973-03-03",1279.57,NA,NA
"1973-03-04",1244.82,NA,NA
"1973-03-05",1221.82,NA,NA
"1973-03-06",1256.36,NA,NA
"1973-03-07",1338.21,NA,NA
"1973-03-08",1445.98,NA,NA
"1973-03-09",1445.98,NA,NA
"1973-03-10",1581.47,NA,NA
"1973-03-11",1612.83,NA,NA
"1973-03-12",1695.34,NA,NA
"1973-03-13",1987.82,NA,NA
"1973-03-14",2011.81,NA,NA
"1973-03-15",1822.72,NA,NA
"1973-03-16",1676.18,NA,NA
"1973-03-17",1625.44,NA,NA
"1973-03-18",1631.75,NA,NA
"1973-03-19",1688.94,NA,NA
"1973-03-20",1568.99,NA,NA
"1973-03-21",1464.22,NA,NA
"1973-03-22",1367.87,NA,NA
"1973-03-23",1308.78,NA,NA
"1973-03-24",1262.15,NA,NA
"1973-03-25",1204.68,NA,NA
"1973-03-26",1291.23,NA,NA
"1973-03-27",1600.27,NA,NA
"1973-03-28",1908.57,NA,NA
"1973-03-29",1971.88,NA,NA
"1973-03-30",1869.37,NA,NA
"1973-03-31",1877.19,NA,NA
"1973-04-01",1877.19,NA,NA
"1973-04-02",1987.82,NA,NA
"1973-04-03",2174.39,NA,NA
"1973-04-04",2249,NA,NA
"1973-04-05",2299.23,NA,NA
"1973-04-06",2174.39,NA,NA
"1973-04-07",2068.21,NA,NA
"1973-04-08",1924.32,NA,NA
"1973-04-09",1753.27,NA,NA
"1973-04-10",1587.73,NA,NA
"1973-04-11",1488.65,NA,NA
"1973-04-12",1470.31,NA,NA
"1973-04-13",1494.78,NA,NA
"1973-04-14",1631.75,NA,NA
"1973-04-15",1779.22,NA,NA
"1973-04-16",1657.09,NA,NA
"1973-04-17",1544.12,NA,NA
"1973-04-18",1421.79,NA,NA
"1973-04-19",1326.42,NA,NA
"1973-04-20",1273.76,NA,NA
"1973-04-21",1291.23,NA,NA
"1973-04-22",1320.53,NA,NA
"1973-04-23",1332.31,NA,NA
"1973-04-24",1338.21,NA,NA
"1973-04-25",1361.92,NA,NA
"1973-04-26",1338.21,NA,NA
"1973-04-27",1227.56,NA,NA
"1973-04-28",1114.61,NA,NA
"1973-04-29",1054.08,NA,NA
"1973-04-30",1016.16,NA,NA
"1973-05-01",968.097,NA,NA
"1973-05-02",952.252,NA,NA
"1973-05-03",915.625,NA,NA
"1973-05-04",910.432,NA,NA
"1973-05-05",900.077,NA,NA
"1973-05-06",926.04,NA,NA
"1973-05-07",941.738,NA,NA
"1973-05-08",936.495,NA,NA
"1973-05-09",915.625,NA,NA
"1973-05-10",900.077,NA,NA
"1973-05-11",879.486,NA,NA
"1973-05-12",900.077,NA,NA
"1973-05-13",900.077,NA,NA
"1973-05-14",941.738,NA,NA
"1973-05-15",957.524,NA,NA
"1973-05-16",905.249,NA,NA
"1973-05-17",874.364,NA,NA
"1973-05-18",828.719,NA,NA
"1973-05-19",759.379,NA,NA
"1973-05-20",724.461,NA,NA
"1973-05-21",691.543,NA,NA
"1973-05-22",675.273,NA,NA
"1973-05-23",687.463,NA,NA
"1973-05-24",675.273,NA,NA
"1973-05-25",667.185,NA,NA
"1973-05-26",534.715,NA,NA
"1973-05-27",534.715,NA,NA
"1973-05-28",615.404,NA,NA
"1973-05-29",699.725,NA,NA
"1973-05-30",651.107,NA,NA
"1973-05-31",584.228,NA,NA
"1973-06-01",561.198,NA,NA
"1973-06-02",542.239,NA,NA
"1973-06-03",519.772,NA,NA
"1973-06-04",501.29,NA,NA
"1973-06-05",486.663,NA,NA
"1973-06-06",483.029,NA,NA
"1973-06-07",483.029,NA,NA
"1973-06-08",490.306,NA,NA
"1973-06-09",457.839,NA,NA
"1973-06-10",457.839,NA,NA
"1973-06-11",447.18,NA,NA
"1973-06-12",440.119,NA,NA
"1973-06-13",440.119,NA,NA
"1973-06-14",426.109,NA,NA
"1973-06-15",412.249,NA,NA
"1973-06-16",412.249,NA,NA
"1973-06-17",412.249,NA,NA
"1973-06-18",405.376,NA,NA
"1973-06-19",395.137,NA,NA
"1973-06-20",391.743,NA,NA
"1973-06-21",381.619,NA,NA
"1973-06-22",388.359,NA,NA
"1973-06-23",408.808,NA,NA
"1973-06-24",405.376,NA,NA
"1973-06-25",401.953,NA,NA
"1973-06-26",388.359,NA,NA
"1973-06-27",381.619,NA,NA
"1973-06-28",381.619,NA,NA
"1973-06-29",378.264,NA,NA
"1973-06-30",381.619,NA,NA
"1973-07-01",374.919,NA,NA
"1973-07-02",391.743,NA,NA
"1973-07-03",395.137,NA,NA
"1973-07-04",384.984,NA,NA
"1973-07-05",381.619,NA,NA
"1973-07-06",374.919,NA,NA
"1973-07-07",368.257,NA,NA
"1973-07-08",351.775,NA,NA
"1973-07-09",348.509,NA,NA
"1973-07-10",345.252,NA,NA
"1973-07-11",342.006,NA,NA
"1973-07-12",332.327,NA,NA
"1973-07-13",329.121,NA,NA
"1973-07-14",319.565,NA,NA
"1973-07-15",316.4,NA,NA
"1973-07-16",310.101,NA,NA
"1973-07-17",306.967,NA,NA
"1973-07-18",303.844,NA,NA
"1973-07-19",310.101,NA,NA
"1973-07-20",306.967,NA,NA
"1973-07-21",300.731,NA,NA
"1973-07-22",297.629,NA,NA
"1973-07-23",291.456,NA,NA
"1973-07-24",288.385,NA,NA
"1973-07-25",288.385,NA,NA
"1973-07-26",282.277,NA,NA
"1973-07-27",282.277,NA,NA
"1973-07-28",279.238,NA,NA
"1973-07-29",273.194,NA,NA
"1973-07-30",276.211,NA,NA
"1973-07-31",279.238,NA,NA
"1973-08-01",279.238,NA,NA
"1973-08-02",276.211,NA,NA
"1973-08-03",276.211,NA,NA
"1973-08-04",270.189,NA,NA
"1973-08-05",273.194,NA,NA
"1973-08-06",270.189,NA,NA
"1973-08-07",270.189,NA,NA
"1973-08-08",258.275,NA,NA
"1973-08-09",252.385,NA,NA
"1973-08-10",264.21,NA,NA
"1973-08-11",258.275,NA,NA
"1973-08-12",255.324,NA,NA
"1973-08-13",252.385,NA,NA
"1973-08-14",246.539,NA,NA
"1973-08-15",252.385,NA,NA
"1973-08-16",258.275,NA,NA
"1973-08-17",252.385,NA,NA
"1973-08-18",249.456,NA,NA
"1973-08-19",240.739,NA,NA
"1973-08-20",246.539,NA,NA
"1973-08-21",249.456,NA,NA
"1973-08-22",249.456,NA,NA
"1973-08-23",240.739,NA,NA
"1973-08-24",229.275,NA,NA
"1973-08-25",223.612,NA,NA
"1973-08-26",217.996,NA,NA
"1973-08-27",217.996,NA,NA
"1973-08-28",217.996,NA,NA
"1973-08-29",215.206,NA,NA
"1973-08-30",220.798,NA,NA
"1973-08-31",220.798,NA,NA
"1973-09-01",220.798,NA,NA
"1973-09-02",223.612,NA,NA
"1973-09-03",217.996,NA,NA
"1973-09-04",215.206,NA,NA
"1973-09-05",212.427,NA,NA
"1973-09-06",217.996,NA,NA
"1973-09-07",215.206,NA,NA
"1973-09-08",217.996,NA,NA
"1973-09-09",220.798,NA,NA
"1973-09-10",217.996,NA,NA
"1973-09-11",226.438,NA,NA
"1973-09-12",234.984,NA,NA
"1973-09-13",232.124,NA,NA
"1973-09-14",223.612,NA,NA
"1973-09-15",215.206,NA,NA
"1973-09-16",212.427,NA,NA
"1973-09-17",201.432,NA,NA
"1973-09-18",198.713,NA,NA
"1973-09-19",196.006,NA,NA
"1973-09-20",201.432,NA,NA
"1973-09-21",201.432,NA,NA
"1973-09-22",201.432,NA,NA
"1973-09-23",204.162,NA,NA
"1973-09-24",204.162,NA,NA
"1973-09-25",201.432,NA,NA
"1973-09-26",201.432,NA,NA
"1973-09-27",196.006,NA,NA
"1973-09-28",190.63,NA,NA
"1973-09-29",180.025,NA,NA
"1973-09-30",217.996,NA,NA
"1973-10-01",220.798,NA,NA
"1973-10-02",223.612,NA,NA
"1973-10-03",240.739,NA,NA
"1973-10-04",267.194,NA,NA
"1973-10-05",322.74,NA,NA
"1973-10-06",342.006,NA,NA
"1973-10-07",351.775,NA,NA
"1973-10-08",313.245,NA,NA
"1973-10-09",282.277,NA,NA
"1973-10-10",279.238,NA,NA
"1973-10-11",322.74,NA,NA
"1973-10-12",553.589,NA,NA
"1973-10-13",591.972,NA,NA
"1973-10-14",599.75,NA,NA
"1973-10-15",534.715,NA,NA
"1973-10-16",501.29,NA,NA
"1973-10-17",534.715,NA,NA
"1973-10-18",619.339,NA,NA
"1973-10-19",675.273,NA,NA
"1973-10-20",707.939,NA,NA
"1973-10-21",869.251,NA,NA
"1973-10-22",910.432,NA,NA
"1973-10-23",879.486,NA,NA
"1973-10-24",813.689,NA,NA
"1973-10-25",793.793,NA,NA
"1973-10-26",687.463,NA,NA
"1973-10-27",647.107,NA,NA
"1973-10-28",534.715,NA,NA
"1973-10-29",576.518,NA,NA
"1973-10-30",647.107,NA,NA
"1973-10-31",643.116,NA,NA
"1973-11-01",599.75,NA,NA
"1973-11-02",667.185,NA,NA
"1973-11-03",679.328,NA,NA
"1973-11-04",691.543,NA,NA
"1973-11-05",946.99,NA,NA
"1973-11-06",973.399,NA,NA
"1973-11-07",1000.05,NA,NA
"1973-11-08",946.99,NA,NA
"1973-11-09",884.619,NA,NA
"1973-11-10",853.975,NA,NA
"1973-11-11",671.225,NA,NA
"1973-11-12",603.651,NA,NA
"1973-11-13",549.797,NA,NA
"1973-11-14",627.232,NA,NA
"1973-11-15",793.793,NA,NA
"1973-11-16",1109.06,NA,NA
"1973-11-17",1537.92,NA,NA
"1973-11-18",1537.92,NA,NA
"1973-11-19",1452.05,NA,NA
"1973-11-20",1397.74,NA,NA
"1973-11-21",1361.92,NA,NA
"1973-11-22",1227.56,NA,NA
"1973-11-23",1204.68,NA,NA
"1973-11-24",1181.94,NA,NA
"1973-11-25",1164.98,NA,NA
"1973-11-26",1397.74,NA,NA
"1973-11-27",1550.32,NA,NA
"1973-11-28",1785.73,NA,NA
"1973-11-29",1814.52,NA,NA
"1973-11-30",1721.01,NA,NA
"1973-12-01",1531.73,NA,NA
"1973-12-02",1326.42,NA,NA
"1973-12-03",1103.52,NA,NA
"1973-12-04",926.04,NA,NA
"1973-12-05",910.432,NA,NA
"1973-12-06",1075.96,NA,NA
"1973-12-07",1886.65,NA,NA
"1973-12-08",1959.8,NA,NA
"1973-12-09",2219.37,NA,NA
"1973-12-10",2245.11,NA,NA
"1973-12-11",2009.12,NA,NA
"1973-12-12",1721.01,NA,NA
"1973-12-13",1537.92,NA,NA
"1973-12-14",1476.42,NA,NA
"1973-12-15",1421.79,NA,NA
"1973-12-16",1373.82,NA,NA
"1973-12-17",1302.92,NA,NA
"1973-12-18",1291.23,NA,NA
"1973-12-19",1244.82,NA,NA
"1973-12-20",1297.07,NA,NA
"1973-12-21",1746.8,NA,NA
"1973-12-22",1721.01,NA,NA
"1973-12-23",1644.4,NA,NA
"1973-12-24",1612.83,NA,NA
"1973-12-25",1482.53,NA,NA
"1973-12-26",1302.92,NA,NA
"1973-12-27",1519.38,NA,NA
"1973-12-28",1772.72,NA,NA
"1973-12-29",1894.73,NA,NA
"1973-12-30",1967.99,NA,NA
"1973-12-31",2193.74,NA,NA
"1974-01-01",2151.26,NA,NA
"1974-01-02",2210.81,NA,NA
"1974-01-03",2279.59,NA,NA
"1974-01-04",2490.47,NA,NA
"1974-01-05",2580.31,NA,NA
"1974-01-06",2726.46,NA,NA
"1974-01-07",2809.95,NA,NA
"1974-01-08",2828.62,NA,NA
"1974-01-09",2717.24,NA,NA
"1974-01-10",2553.24,NA,NA
"1974-01-11",2331.67,NA,NA
"1974-01-12",2142.8,NA,NA
"1974-01-13",1959.8,NA,NA
"1974-01-14",1766.23,NA,NA
"1974-01-15",1759.75,NA,NA
"1974-01-16",1759.75,NA,NA
"1974-01-17",1753.27,NA,NA
"1974-01-18",1822.49,NA,NA
"1974-01-19",1935.3,NA,NA
"1974-01-20",1935.3,NA,NA
"1974-01-21",1785.73,NA,NA
"1974-01-22",1619.13,NA,NA
"1974-01-23",1581.47,NA,NA
"1974-01-24",1708.16,NA,NA
"1974-01-25",1846.45,NA,NA
"1974-01-26",1854.47,NA,NA
"1974-01-27",2017.38,NA,NA
"1974-01-28",2075.57,NA,NA
"1974-01-29",1902.82,NA,NA
"1974-01-30",1701.74,NA,NA
"1974-01-31",1531.73,NA,NA
"1974-02-01",1568.99,NA,NA
"1974-02-02",1805.31,NA,NA
"1974-02-03",2025.66,NA,NA
"1974-02-04",1976.19,NA,NA
"1974-02-05",1805.31,NA,NA
"1974-02-06",1721.01,NA,NA
"1974-02-07",1650.74,NA,NA
"1974-02-08",1556.54,NA,NA
"1974-02-09",1513.22,NA,NA
"1974-02-10",1482.53,NA,NA
"1974-02-11",1494.78,NA,NA
"1974-02-12",1519.38,NA,NA
"1974-02-13",1507.06,NA,NA
"1974-02-14",1482.53,NA,NA
"1974-02-15",1439.92,NA,NA
"1974-02-16",1409.75,NA,NA
"1974-02-17",1525.55,NA,NA
"1974-02-18",1500.92,NA,NA
"1974-02-19",1433.87,NA,NA
"1974-02-20",1439.92,NA,NA
"1974-02-21",1332.31,NA,NA
"1974-02-22",1267.95,NA,NA
"1974-02-23",1159.35,NA,NA
"1974-02-24",1092.47,NA,NA
"1974-02-25",1037.77,NA,NA
"1974-02-26",1005.41,NA,NA
"1974-02-27",1059.54,NA,NA
"1974-02-28",1043.2,NA,NA
"1974-03-01",1037.77,NA,NA
"1974-03-02",1125.74,NA,NA
"1974-03-03",1120.17,NA,NA
"1974-03-04",1131.32,NA,NA
"1974-03-05",1273.76,NA,NA
"1974-03-06",1367.87,NA,NA
"1974-03-07",1409.75,NA,NA
"1974-03-08",1445.98,NA,NA
"1974-03-09",1464.22,NA,NA
"1974-03-10",1537.92,NA,NA
"1974-03-11",2109.09,NA,NA
"1974-03-12",2340.39,NA,NA
"1974-03-13",2680.48,NA,NA
"1974-03-14",2782.02,NA,NA
"1974-03-15",2998.72,NA,NA
"1974-03-16",3260.55,NA,NA
"1974-03-17",3570.87,NA,NA
"1974-03-18",3735.01,NA,NA
"1974-03-19",3859.86,NA,NA
"1974-03-20",3891.3,NA,NA
"1974-03-21",3975.61,NA,NA
"1974-03-22",4232.44,NA,NA
"1974-03-23",4876.81,NA,NA
"1974-03-24",5293.2,NA,NA
"1974-03-25",5246.32,NA,NA
"1974-03-26",5060.34,NA,NA
"1974-03-27",4842.67,NA,NA
"1974-03-28",4718.25,NA,NA
"1974-03-29",4221.62,NA,NA
"1974-03-30",3849.4,NA,NA
"1974-03-31",3632.11,NA,NA
"1974-04-01",3359.54,NA,NA
"1974-04-02",3182.14,NA,NA
"1974-04-03",2979.64,NA,NA
"1974-04-04",2828.62,NA,NA
"1974-04-05",2671.31,NA,NA
"1974-04-06",2571.28,NA,NA
"1974-04-07",2401.78,NA,NA
"1974-04-08",2202.27,NA,NA
"1974-04-09",2067.22,NA,NA
"1974-04-10",1992.63,NA,NA
"1974-04-11",1959.8,NA,NA
"1974-04-12",2219.37,NA,NA
"1974-04-13",2322.96,NA,NA
"1974-04-14",2305.58,NA,NA
"1974-04-15",2305.58,NA,NA
"1974-04-16",2410.59,NA,NA
"1974-04-17",2463.74,NA,NA
"1974-04-18",2375.4,NA,NA
"1974-04-19",2159.73,NA,NA
"1974-04-20",1976.19,NA,NA
"1974-04-21",1919.04,NA,NA
"1974-04-22",2000.87,NA,NA
"1974-04-23",1894.73,NA,NA
"1974-04-24",1814.52,NA,NA
"1974-04-25",1708.16,NA,NA
"1974-04-26",1682.56,NA,NA
"1974-04-27",1740.34,NA,NA
"1974-04-28",1753.27,NA,NA
"1974-04-29",1740.34,NA,NA
"1974-04-30",1663.44,NA,NA
"1974-05-01",1581.47,NA,NA
"1974-05-02",1458.13,NA,NA
"1974-05-03",1379.79,NA,NA
"1974-05-04",1302.92,NA,NA
"1974-05-05",1239.05,NA,NA
"1974-05-06",1227.56,NA,NA
"1974-05-07",1216.1,NA,NA
"1974-05-08",1204.68,NA,NA
"1974-05-09",1193.29,NA,NA
"1974-05-10",1176.28,NA,NA
"1974-05-11",1164.98,NA,NA
"1974-05-12",1153.73,NA,NA
"1974-05-13",1204.68,NA,NA
"1974-05-14",1308.78,NA,NA
"1974-05-15",1433.87,NA,NA
"1974-05-16",1507.06,NA,NA
"1974-05-17",1452.05,NA,NA
"1974-05-18",1279.57,NA,NA
"1974-05-19",1114.61,NA,NA
"1974-05-20",1065,NA,NA
"1974-05-21",1043.2,NA,NA
"1974-05-22",989.361,NA,NA
"1974-05-23",941.738,NA,NA
"1974-05-24",915.625,NA,NA
"1974-05-25",900.077,NA,NA
"1974-05-26",869.251,NA,NA
"1974-05-27",843.842,NA,NA
"1974-05-28",874.364,NA,NA
"1974-05-29",984.031,NA,NA
"1974-05-30",1000.05,NA,NA
"1974-05-31",978.71,NA,NA
"1974-06-01",915.625,NA,NA
"1974-06-02",848.903,NA,NA
"1974-06-03",803.72,NA,NA
"1974-06-04",778.982,NA,NA
"1974-06-05",759.379,NA,NA
"1974-06-06",803.72,NA,NA
"1974-06-07",828.719,NA,NA
"1974-06-08",793.793,NA,NA
"1974-06-09",764.264,NA,NA
"1974-06-10",745.289,NA,NA
"1974-06-11",724.461,NA,NA
"1974-06-12",712.058,NA,NA
"1974-06-13",712.058,NA,NA
"1974-06-14",691.543,NA,NA
"1974-06-15",671.225,NA,NA
"1974-06-16",659.13,NA,NA
"1974-06-17",659.13,NA,NA
"1974-06-18",655.114,NA,NA
"1974-06-19",651.107,NA,NA
"1974-06-20",671.225,NA,NA
"1974-06-21",736.935,NA,NA
"1974-06-22",687.463,NA,NA
"1974-06-23",663.154,NA,NA
"1974-06-24",659.13,NA,NA
"1974-06-25",651.107,NA,NA
"1974-06-26",659.13,NA,NA
"1974-06-27",671.225,NA,NA
"1974-06-28",639.133,NA,NA
"1974-06-29",607.561,NA,NA
"1974-06-30",615.404,NA,NA
"1974-07-01",627.232,NA,NA
"1974-07-02",615.404,NA,NA
"1974-07-03",607.561,NA,NA
"1974-07-04",599.75,NA,NA
"1974-07-05",591.972,NA,NA
"1974-07-06",584.228,NA,NA
"1974-07-07",580.369,NA,NA
"1974-07-08",576.518,NA,NA
"1974-07-09",568.841,NA,NA
"1974-07-10",565.015,NA,NA
"1974-07-11",557.389,NA,NA
"1974-07-12",553.589,NA,NA
"1974-07-13",549.797,NA,NA
"1974-07-14",542.239,NA,NA
"1974-07-15",538.473,NA,NA
"1974-07-16",534.715,NA,NA
"1974-07-17",523.495,NA,NA
"1974-07-18",516.058,NA,NA
"1974-07-19",497.62,NA,NA
"1974-07-20",490.306,NA,NA
"1974-07-21",486.663,NA,NA
"1974-07-22",486.663,NA,NA
"1974-07-23",472.179,NA,NA
"1974-07-24",461.41,NA,NA
"1974-07-25",468.58,NA,NA
"1974-07-26",461.41,NA,NA
"1974-07-27",454.277,NA,NA
"1974-07-28",450.723,NA,NA
"1974-07-29",436.603,NA,NA
"1974-07-30",436.603,NA,NA
"1974-07-31",443.645,NA,NA
"1974-08-01",440.119,NA,NA
"1974-08-02",426.109,NA,NA
"1974-08-03",419.161,NA,NA
"1974-08-04",415.7,NA,NA
"1974-08-05",429.598,NA,NA
"1974-08-06",426.109,NA,NA
"1974-08-07",408.808,NA,NA
"1974-08-08",401.953,NA,NA
"1974-08-09",398.54,NA,NA
"1974-08-10",405.376,NA,NA
"1974-08-11",398.54,NA,NA
"1974-08-12",388.359,NA,NA
"1974-08-13",371.583,NA,NA
"1974-08-14",361.635,NA,NA
"1974-08-15",378.264,NA,NA
"1974-08-16",401.953,NA,NA
"1974-08-17",419.161,NA,NA
"1974-08-18",426.109,NA,NA
"1974-08-19",501.29,NA,NA
"1974-08-20",538.473,NA,NA
"1974-08-21",508.657,NA,NA
"1974-08-22",472.179,NA,NA
"1974-08-23",450.723,NA,NA
"1974-08-24",408.808,NA,NA
"1974-08-25",378.264,NA,NA
"1974-08-26",371.583,NA,NA
"1974-08-27",358.338,NA,NA
"1974-08-28",345.252,NA,NA
"1974-08-29",364.941,NA,NA
"1974-08-30",361.635,NA,NA
"1974-08-31",351.775,NA,NA
"1974-09-01",408.808,NA,NA
"1974-09-02",401.953,NA,NA
"1974-09-03",395.137,NA,NA
"1974-09-04",374.919,NA,NA
"1974-09-05",368.257,NA,NA
"1974-09-06",364.941,NA,NA
"1974-09-07",358.338,NA,NA
"1974-09-08",351.775,NA,NA
"1974-09-09",348.509,NA,NA
"1974-09-10",351.775,NA,NA
"1974-09-11",355.052,NA,NA
"1974-09-12",348.509,NA,NA
"1974-09-13",342.006,NA,NA
"1974-09-14",329.121,NA,NA
"1974-09-15",319.565,NA,NA
"1974-09-16",316.4,NA,NA
"1974-09-17",310.101,NA,NA
"1974-09-18",306.967,NA,NA
"1974-09-19",300.731,NA,NA
"1974-09-20",294.537,NA,NA
"1974-09-21",291.456,NA,NA
"1974-09-22",285.326,NA,NA
"1974-09-23",361.635,NA,NA
"1974-09-24",384.984,NA,NA
"1974-09-25",374.919,NA,NA
"1974-09-26",358.338,NA,NA
"1974-09-27",348.509,NA,NA
"1974-09-28",342.006,NA,NA
"1974-09-29",332.327,NA,NA
"1974-09-30",319.565,NA,NA
"1974-10-01",316.4,NA,NA
"1974-10-02",313.245,NA,NA
"1974-10-03",306.967,NA,NA
"1974-10-04",329.121,NA,NA
"1974-10-05",374.919,NA,NA
"1974-10-06",332.327,NA,NA
"1974-10-07",316.4,NA,NA
"1974-10-08",310.101,NA,NA
"1974-10-09",351.775,NA,NA
"1974-10-10",401.953,NA,NA
"1974-10-11",433.096,NA,NA
"1974-10-12",405.376,NA,NA
"1974-10-13",374.919,NA,NA
"1974-10-14",368.257,NA,NA
"1974-10-15",361.635,NA,NA
"1974-10-16",358.338,NA,NA
"1974-10-17",408.808,NA,NA
"1974-10-18",516.058,NA,NA
"1974-10-19",534.715,NA,NA
"1974-10-20",663.154,NA,NA
"1974-10-21",663.154,NA,NA
"1974-10-22",595.857,NA,NA
"1974-10-23",542.239,NA,NA
"1974-10-24",490.306,NA,NA
"1974-10-25",443.645,NA,NA
"1974-10-26",436.603,NA,NA
"1974-10-27",405.376,NA,NA
"1974-10-28",419.161,NA,NA
"1974-10-29",501.29,NA,NA
"1974-10-30",615.404,NA,NA
"1974-10-31",695.63,NA,NA
"1974-11-01",783.908,NA,NA
"1974-11-02",853.975,NA,NA
"1974-11-03",720.319,NA,NA
"1974-11-04",683.392,NA,NA
"1974-11-05",615.404,NA,NA
"1974-11-06",538.473,NA,NA
"1974-11-07",516.058,NA,NA
"1974-11-08",508.657,NA,NA
"1974-11-09",472.179,NA,NA
"1974-11-10",461.41,NA,NA
"1974-11-11",443.645,NA,NA
"1974-11-12",429.598,NA,NA
"1974-11-13",419.161,NA,NA
"1974-11-14",408.808,NA,NA
"1974-11-15",401.953,NA,NA
"1974-11-16",422.63,NA,NA
"1974-11-17",516.058,NA,NA
"1974-11-18",576.518,NA,NA
"1974-11-19",557.389,NA,NA
"1974-11-20",493.959,NA,NA
"1974-11-21",412.249,NA,NA
"1974-11-22",405.376,NA,NA
"1974-11-23",457.839,NA,NA
"1974-11-24",519.772,NA,NA
"1974-11-25",732.769,NA,NA
"1974-11-26",712.058,NA,NA
"1974-11-27",683.392,NA,NA
"1974-11-28",631.191,NA,NA
"1974-11-29",557.389,NA,NA
"1974-11-30",516.058,NA,NA
"1974-12-01",490.306,NA,NA
"1974-12-02",464.991,NA,NA
"1974-12-03",464.991,NA,NA
"1974-12-04",557.389,NA,NA
"1974-12-05",584.228,NA,NA
"1974-12-06",699.725,NA,NA
"1974-12-07",823.699,NA,NA
"1974-12-08",915.625,NA,NA
"1974-12-09",1005.41,NA,NA
"1974-12-10",1070.48,NA,NA
"1974-12-11",1114.61,NA,NA
"1974-12-12",1103.52,NA,NA
"1974-12-13",962.806,NA,NA
"1974-12-14",808.699,NA,NA
"1974-12-15",774.065,NA,NA
"1974-12-16",759.379,NA,NA
"1974-12-17",900.077,NA,NA
"1974-12-18",936.495,NA,NA
"1974-12-19",1070.48,NA,NA
"1974-12-20",1142.5,NA,NA
"1974-12-21",1065,NA,NA
"1974-12-22",1043.2,NA,NA
"1974-12-23",1043.2,NA,NA
"1974-12-24",1114.61,NA,NA
"1974-12-25",1070.48,NA,NA
"1974-12-26",1016.16,NA,NA
"1974-12-27",994.702,NA,NA
"1974-12-28",968.097,NA,NA
"1974-12-29",957.524,NA,NA
"1974-12-30",1415.76,NA,NA
"1974-12-31",1792.25,NA,NA
"1975-01-01",1967.99,NA,NA
"1975-01-02",1894.73,NA,NA
"1975-01-03",1663.44,NA,NA
"1975-01-04",1507.06,NA,NA
"1975-01-05",2142.8,NA,NA
"1975-01-06",2253.71,NA,NA
"1975-01-07",2279.59,NA,NA
"1975-01-08",2159.73,NA,NA
"1975-01-09",2025.66,NA,NA
"1975-01-10",1830.46,NA,NA
"1975-01-11",1701.74,NA,NA
"1975-01-12",1494.78,NA,NA
"1975-01-13",1421.79,NA,NA
"1975-01-14",1256.36,NA,NA
"1975-01-15",1170.63,NA,NA
"1975-01-16",1153.73,NA,NA
"1975-01-17",1070.48,NA,NA
"1975-01-18",989.361,NA,NA
"1975-01-19",894.914,NA,NA
"1975-01-20",783.908,NA,NA
"1975-01-21",818.688,NA,NA
"1975-01-22",843.842,NA,NA
"1975-01-23",989.361,NA,NA
"1975-01-24",1059.54,NA,NA
"1975-01-25",989.361,NA,NA
"1975-01-26",869.251,NA,NA
"1975-01-27",853.975,NA,NA
"1975-01-28",900.077,NA,NA
"1975-01-29",889.761,NA,NA
"1975-01-30",894.914,NA,NA
"1975-01-31",900.077,NA,NA
"1975-02-01",859.057,NA,NA
"1975-02-02",926.04,NA,NA
"1975-02-03",884.619,NA,NA
"1975-02-04",853.975,NA,NA
"1975-02-05",884.619,NA,NA
"1975-02-06",1043.2,NA,NA
"1975-02-07",1239.05,NA,NA
"1975-02-08",1445.98,NA,NA
"1975-02-09",1403.74,NA,NA
"1975-02-10",1355.98,NA,NA
"1975-02-11",1385.76,NA,NA
"1975-02-12",1439.92,NA,NA
"1975-02-13",1415.76,NA,NA
"1975-02-14",1291.23,NA,NA
"1975-02-15",1233.3,NA,NA
"1975-02-16",1221.82,NA,NA
"1975-02-17",1125.74,NA,NA
"1975-02-18",1092.47,NA,NA
"1975-02-19",1043.2,NA,NA
"1975-02-20",1070.48,NA,NA
"1975-02-21",1153.73,NA,NA
"1975-02-22",1070.48,NA,NA
"1975-02-23",1016.16,NA,NA
"1975-02-24",984.031,NA,NA
"1975-02-25",941.738,NA,NA
"1975-02-26",910.432,NA,NA
"1975-02-27",884.619,NA,NA
"1975-02-28",910.432,NA,NA
"1975-03-01",926.04,NA,NA
"1975-03-02",989.361,NA,NA
"1975-03-03",989.361,NA,NA
"1975-03-04",952.252,NA,NA
"1975-03-05",920.828,NA,NA
"1975-03-06",905.249,NA,NA
"1975-03-07",905.249,NA,NA
"1975-03-08",962.806,NA,NA
"1975-03-09",1070.48,NA,NA
"1975-03-10",1267.95,NA,NA
"1975-03-11",1326.42,NA,NA
"1975-03-12",1210.38,NA,NA
"1975-03-13",1097.99,NA,NA
"1975-03-14",989.361,NA,NA
"1975-03-15",884.619,NA,NA
"1975-03-16",833.75,NA,NA
"1975-03-17",803.72,NA,NA
"1975-03-18",788.846,NA,NA
"1975-03-19",823.699,NA,NA
"1975-03-20",833.75,NA,NA
"1975-03-21",823.699,NA,NA
"1975-03-22",808.699,NA,NA
"1975-03-23",798.752,NA,NA
"1975-03-24",788.846,NA,NA
"1975-03-25",783.908,NA,NA
"1975-03-26",833.75,NA,NA
"1975-03-27",989.361,NA,NA
"1975-03-28",1075.96,NA,NA
"1975-03-29",1065,NA,NA
"1975-03-30",1181.94,NA,NA
"1975-03-31",1507.06,NA,NA
"1975-04-01",1326.42,NA,NA
"1975-04-02",1210.38,NA,NA
"1975-04-03",1631.75,NA,NA
"1975-04-04",1910.92,NA,NA
"1975-04-05",2245.11,NA,NA
"1975-04-06",2419.42,NA,NA
"1975-04-07",2472.63,NA,NA
"1975-04-08",2331.67,NA,NA
"1975-04-09",1951.62,NA,NA
"1975-04-10",1695.34,NA,NA
"1975-04-11",1695.34,NA,NA
"1975-04-12",1951.62,NA,NA
"1975-04-13",2202.27,NA,NA
"1975-04-14",2075.57,NA,NA
"1975-04-15",1792.25,NA,NA
"1975-04-16",1631.75,NA,NA
"1975-04-17",1631.75,NA,NA
"1975-04-18",1792.25,NA,NA
"1975-04-19",1663.44,NA,NA
"1975-04-20",1593.99,NA,NA
"1975-04-21",1556.54,NA,NA
"1975-04-22",1500.92,NA,NA
"1975-04-23",1385.76,NA,NA
"1975-04-24",1326.42,NA,NA
"1975-04-25",1239.05,NA,NA
"1975-04-26",1153.73,NA,NA
"1975-04-27",1075.96,NA,NA
"1975-04-28",989.361,NA,NA
"1975-04-29",936.495,NA,NA
"1975-04-30",905.249,NA,NA
"1975-05-01",859.057,NA,NA
"1975-05-02",838.791,NA,NA
"1975-05-03",884.619,NA,NA
"1975-05-04",989.361,NA,NA
"1975-05-05",1016.16,NA,NA
"1975-05-06",984.031,NA,NA
"1975-05-07",957.524,NA,NA
"1975-05-08",910.432,NA,NA
"1975-05-09",864.149,NA,NA
"1975-05-10",853.975,NA,NA
"1975-05-11",808.699,NA,NA
"1975-05-12",798.752,NA,NA
"1975-05-13",759.379,NA,NA
"1975-05-14",707.939,NA,NA
"1975-05-15",695.63,NA,NA
"1975-05-16",655.114,NA,NA
"1975-05-17",635.158,NA,NA
"1975-05-18",627.232,NA,NA
"1975-05-19",615.404,NA,NA
"1975-05-20",603.651,NA,NA
"1975-05-21",595.857,NA,NA
"1975-05-22",576.518,NA,NA
"1975-05-23",568.841,NA,NA
"1975-05-24",557.389,NA,NA
"1975-05-25",553.589,NA,NA
"1975-05-26",546.013,NA,NA
"1975-05-27",538.473,NA,NA
"1975-05-28",530.967,NA,NA
"1975-05-29",523.495,NA,NA
"1975-05-30",516.058,NA,NA
"1975-05-31",508.657,NA,NA
"1975-06-01",501.29,NA,NA
"1975-06-02",490.306,NA,NA
"1975-06-03",479.403,NA,NA
"1975-06-04",472.179,NA,NA
"1975-06-05",468.58,NA,NA
"1975-06-06",461.41,NA,NA
"1975-06-07",454.277,NA,NA
"1975-06-08",450.723,NA,NA
"1975-06-09",443.645,NA,NA
"1975-06-10",436.603,NA,NA
"1975-06-11",433.096,NA,NA
"1975-06-12",426.109,NA,NA
"1975-06-13",422.63,NA,NA
"1975-06-14",429.598,NA,NA
"1975-06-15",433.096,NA,NA
"1975-06-16",426.109,NA,NA
"1975-06-17",422.63,NA,NA
"1975-06-18",415.7,NA,NA
"1975-06-19",408.808,NA,NA
"1975-06-20",405.376,NA,NA
"1975-06-21",398.54,NA,NA
"1975-06-22",391.743,NA,NA
"1975-06-23",391.743,NA,NA
"1975-06-24",391.743,NA,NA
"1975-06-25",388.359,NA,NA
"1975-06-26",388.359,NA,NA
"1975-06-27",384.984,NA,NA
"1975-06-28",391.743,NA,NA
"1975-06-29",395.137,NA,NA
"1975-06-30",388.359,NA,NA
"1975-07-01",381.619,NA,NA
"1975-07-02",384.984,NA,NA
"1975-07-03",395.137,NA,NA
"1975-07-04",388.359,NA,NA
"1975-07-05",381.619,NA,NA
"1975-07-06",378.264,NA,NA
"1975-07-07",371.583,NA,NA
"1975-07-08",384.984,NA,NA
"1975-07-09",419.161,NA,NA
"1975-07-10",429.598,NA,NA
"1975-07-11",419.161,NA,NA
"1975-07-12",405.376,NA,NA
"1975-07-13",384.984,NA,NA
"1975-07-14",371.583,NA,NA
"1975-07-15",345.252,NA,NA
"1975-07-16",338.77,NA,NA
"1975-07-17",332.327,NA,NA
"1975-07-18",361.635,NA,NA
"1975-07-19",355.052,NA,NA
"1975-07-20",351.775,NA,NA
"1975-07-21",348.509,NA,NA
"1975-07-22",345.252,NA,NA
"1975-07-23",342.006,NA,NA
"1975-07-24",338.77,NA,NA
"1975-07-25",335.543,NA,NA
"1975-07-26",332.327,NA,NA
"1975-07-27",329.121,NA,NA
"1975-07-28",325.925,NA,NA
"1975-07-29",322.74,NA,NA
"1975-07-30",319.565,NA,NA
"1975-07-31",313.245,NA,NA
"1975-08-01",310.101,NA,NA
"1975-08-02",306.967,NA,NA
"1975-08-03",303.844,NA,NA
"1975-08-04",297.629,NA,NA
"1975-08-05",291.456,NA,NA
"1975-08-06",282.277,NA,NA
"1975-08-07",267.194,NA,NA
"1975-08-08",264.21,NA,NA
"1975-08-09",264.21,NA,NA
"1975-08-10",264.21,NA,NA
"1975-08-11",261.237,NA,NA
"1975-08-12",258.275,NA,NA
"1975-08-13",255.324,NA,NA
"1975-08-14",255.324,NA,NA
"1975-08-15",252.385,NA,NA
"1975-08-16",249.456,NA,NA
"1975-08-17",249.456,NA,NA
"1975-08-18",246.539,NA,NA
"1975-08-19",246.539,NA,NA
"1975-08-20",243.633,NA,NA
"1975-08-21",243.633,NA,NA
"1975-08-22",240.739,NA,NA
"1975-08-23",240.739,NA,NA
"1975-08-24",237.856,NA,NA
"1975-08-25",237.856,NA,NA
"1975-08-26",237.856,NA,NA
"1975-08-27",234.984,NA,NA
"1975-08-28",234.984,NA,NA
"1975-08-29",232.124,NA,NA
"1975-08-30",229.275,NA,NA
"1975-08-31",226.438,NA,NA
"1975-09-01",226.438,NA,NA
"1975-09-02",223.612,NA,NA
"1975-09-03",229.275,NA,NA
"1975-09-04",234.984,NA,NA
"1975-09-05",234.984,NA,NA
"1975-09-06",229.275,NA,NA
"1975-09-07",226.438,NA,NA
"1975-09-08",232.124,NA,NA
"1975-09-09",232.124,NA,NA
"1975-09-10",226.438,NA,NA
"1975-09-11",226.438,NA,NA
"1975-09-12",229.275,NA,NA
"1975-09-13",226.438,NA,NA
"1975-09-14",220.798,NA,NA
"1975-09-15",209.66,NA,NA
"1975-09-16",209.66,NA,NA
"1975-09-17",220.798,NA,NA
"1975-09-18",217.996,NA,NA
"1975-09-19",215.206,NA,NA
"1975-09-20",198.713,NA,NA
"1975-09-21",229.275,NA,NA
"1975-09-22",232.124,NA,NA
"1975-09-23",229.275,NA,NA
"1975-09-24",223.612,NA,NA
"1975-09-25",217.996,NA,NA
"1975-09-26",220.798,NA,NA
"1975-09-27",226.438,NA,NA
"1975-09-28",237.856,NA,NA
"1975-09-29",255.324,NA,NA
"1975-09-30",261.237,NA,NA
"1975-10-01",273.194,NA,NA
"1975-10-02",294.537,NA,NA
"1975-10-03",313.245,NA,NA
"1975-10-04",310.101,NA,NA
"1975-10-05",319.565,NA,NA
"1975-10-06",294.537,NA,NA
"1975-10-07",303.844,NA,NA
"1975-10-08",342.006,NA,NA
"1975-10-09",329.121,NA,NA
"1975-10-10",316.4,NA,NA
"1975-10-11",316.4,NA,NA
"1975-10-12",395.137,NA,NA
"1975-10-13",436.603,NA,NA
"1975-10-14",395.137,NA,NA
"1975-10-15",361.635,NA,NA
"1975-10-16",351.775,NA,NA
"1975-10-17",358.338,NA,NA
"1975-10-18",405.376,NA,NA
"1975-10-19",398.54,NA,NA
"1975-10-20",457.839,NA,NA
"1975-10-21",493.959,NA,NA
"1975-10-22",572.675,NA,NA
"1975-10-23",615.404,NA,NA
"1975-10-24",534.715,NA,NA
"1975-10-25",443.645,NA,NA
"1975-10-26",388.359,NA,NA
"1975-10-27",378.264,NA,NA
"1975-10-28",374.919,NA,NA
"1975-10-29",398.54,NA,NA
"1975-10-30",384.984,NA,NA
"1975-10-31",361.635,NA,NA
"1975-11-01",401.953,NA,NA
"1975-11-02",572.675,NA,NA
"1975-11-03",663.154,NA,NA
"1975-11-04",603.651,NA,NA
"1975-11-05",655.114,NA,NA
"1975-11-06",707.939,NA,NA
"1975-11-07",724.461,NA,NA
"1975-11-08",828.719,NA,NA
"1975-11-09",920.828,NA,NA
"1975-11-10",874.364,NA,NA
"1975-11-11",774.065,NA,NA
"1975-11-12",707.939,NA,NA
"1975-11-13",788.846,NA,NA
"1975-11-14",1048.64,NA,NA
"1975-11-15",1159.35,NA,NA
"1975-11-16",1302.92,NA,NA
"1975-11-17",1187.61,NA,NA
"1975-11-18",1193.29,NA,NA
"1975-11-19",1142.5,NA,NA
"1975-11-20",1043.2,NA,NA
"1975-11-21",1043.2,NA,NA
"1975-11-22",1059.54,NA,NA
"1975-11-23",1176.28,NA,NA
"1975-11-24",1445.98,NA,NA
"1975-11-25",1708.16,NA,NA
"1975-11-26",1550.32,NA,NA
"1975-11-27",1445.98,NA,NA
"1975-11-28",1568.99,NA,NA
"1975-11-29",1886.65,NA,NA
"1975-11-30",2445.98,NA,NA
"1975-12-01",2998.72,NA,NA
"1975-12-02",3520.13,NA,NA
"1975-12-03",3369.49,NA,NA
"1975-12-04",3056.22,NA,NA
"1975-12-05",2819.28,NA,NA
"1975-12-06",2340.39,NA,NA
"1975-12-07",1976.19,NA,NA
"1975-12-08",1838.45,NA,NA
"1975-12-09",1663.44,NA,NA
"1975-12-10",1326.42,NA,NA
"1975-12-11",1109.06,NA,NA
"1975-12-12",1070.48,NA,NA
"1975-12-13",1153.73,NA,NA
"1975-12-14",1142.5,NA,NA
"1975-12-15",1037.77,NA,NA
"1975-12-16",962.806,NA,NA
"1975-12-17",989.361,NA,NA
"1975-12-18",1210.38,NA,NA
"1975-12-19",1227.56,NA,NA
"1975-12-20",1043.2,NA,NA
"1975-12-21",1109.06,NA,NA
"1975-12-22",1233.3,NA,NA
"1975-12-23",1204.68,NA,NA
"1975-12-24",1043.2,NA,NA
"1975-12-25",936.495,NA,NA
"1975-12-26",905.249,NA,NA
"1975-12-27",1016.16,NA,NA
"1975-12-28",1267.95,NA,NA
"1975-12-29",1476.42,NA,NA
"1975-12-30",1494.78,NA,NA
"1975-12-31",1439.92,NA,NA
"1976-01-01",1285.4,NA,NA
"1976-01-02",1070.48,NA,NA
"1976-01-03",936.495,NA,NA
"1976-01-04",1054.08,NA,NA
"1976-01-05",1181.94,NA,NA
"1976-01-06",1338.21,NA,NA
"1976-01-07",1297.07,NA,NA
"1976-01-08",1181.94,NA,NA
"1976-01-09",1136.91,NA,NA
"1976-01-10",1032.35,NA,NA
"1976-01-11",1065,NA,NA
"1976-01-12",1016.16,NA,NA
"1976-01-13",1000.05,NA,NA
"1976-01-14",973.399,NA,NA
"1976-01-15",884.619,NA,NA
"1976-01-16",803.72,NA,NA
"1976-01-17",783.908,NA,NA
"1976-01-18",783.908,NA,NA
"1976-01-19",859.057,NA,NA
"1976-01-20",823.699,NA,NA
"1976-01-21",736.935,NA,NA
"1976-01-22",675.273,NA,NA
"1976-01-23",736.935,NA,NA
"1976-01-24",736.935,NA,NA
"1976-01-25",707.939,NA,NA
"1976-01-26",707.939,NA,NA
"1976-01-27",736.935,NA,NA
"1976-01-28",679.328,NA,NA
"1976-01-29",1148.11,NA,NA
"1976-01-30",1733.89,NA,NA
"1976-01-31",1544.12,NA,NA
"1976-02-01",1103.52,NA,NA
"1976-02-02",936.495,NA,NA
"1976-02-03",910.432,NA,NA
"1976-02-04",1021.55,NA,NA
"1976-02-05",1657.09,NA,NA
"1976-02-06",2025.66,NA,NA
"1976-02-07",2279.59,NA,NA
"1976-02-08",3912.32,NA,NA
"1976-02-09",3172.39,NA,NA
"1976-02-10",2349.13,NA,NA
"1976-02-11",1619.13,NA,NA
"1976-02-12",1470.31,NA,NA
"1976-02-13",1531.73,NA,NA
"1976-02-14",1798.78,NA,NA
"1976-02-15",2245.11,NA,NA
"1976-02-16",2454.85,NA,NA
"1976-02-17",2562.25,NA,NA
"1976-02-18",2117.5,NA,NA
"1976-02-19",2437.11,NA,NA
"1976-02-20",3943.92,NA,NA
"1976-02-21",3123.79,NA,NA
"1976-02-22",2419.42,NA,NA
"1976-02-23",2253.71,NA,NA
"1976-02-24",3642.35,NA,NA
"1976-02-25",4210.81,NA,NA
"1976-02-26",3652.6,NA,NA
"1976-02-27",3008.27,NA,NA
"1976-02-28",2517.3,NA,NA
"1976-02-29",1862.5,NA,NA
"1976-03-01",1600.27,NA,NA
"1976-03-02",1935.3,NA,NA
"1976-03-03",2210.81,NA,NA
"1976-03-04",2331.67,NA,NA
"1976-03-05",2680.48,NA,NA
"1976-03-06",2159.73,NA,NA
"1976-03-07",2159.73,NA,NA
"1976-03-08",1992.63,NA,NA
"1976-03-09",1727.44,NA,NA
"1976-03-10",1507.06,NA,NA
"1976-03-11",1445.98,NA,NA
"1976-03-12",1379.79,NA,NA
"1976-03-13",1344.13,NA,NA
"1976-03-14",1338.21,NA,NA
"1976-03-15",1385.76,NA,NA
"1976-03-16",1385.76,NA,NA
"1976-03-17",1385.76,NA,NA
"1976-03-18",1355.98,NA,NA
"1976-03-19",1537.92,NA,NA
"1976-03-20",1507.06,NA,NA
"1976-03-21",1427.83,NA,NA
"1976-03-22",1415.76,NA,NA
"1976-03-23",1507.06,NA,NA
"1976-03-24",1494.78,NA,NA
"1976-03-25",1568.99,NA,NA
"1976-03-26",1631.75,NA,NA
"1976-03-27",1600.27,NA,NA
"1976-03-28",1568.99,NA,NA
"1976-03-29",1445.98,NA,NA
"1976-03-30",1500.92,NA,NA
"1976-03-31",1445.98,NA,NA
"1976-04-01",1326.42,NA,NA
"1976-04-02",1256.36,NA,NA
"1976-04-03",1181.94,NA,NA
"1976-04-04",1153.73,NA,NA
"1976-04-05",1070.48,NA,NA
"1976-04-06",1016.16,NA,NA
"1976-04-07",957.524,NA,NA
"1976-04-08",920.828,NA,NA
"1976-04-09",962.806,NA,NA
"1976-04-10",984.031,NA,NA
"1976-04-11",968.097,NA,NA
"1976-04-12",1070.48,NA,NA
"1976-04-13",1210.38,NA,NA
"1976-04-14",1385.76,NA,NA
"1976-04-15",1355.98,NA,NA
"1976-04-16",1181.94,NA,NA
"1976-04-17",1097.99,NA,NA
"1976-04-18",1054.08,NA,NA
"1976-04-19",1016.16,NA,NA
"1976-04-20",962.806,NA,NA
"1976-04-21",936.495,NA,NA
"1976-04-22",859.057,NA,NA
"1976-04-23",828.719,NA,NA
"1976-04-24",788.846,NA,NA
"1976-04-25",754.505,NA,NA
"1976-04-26",736.935,NA,NA
"1976-04-27",724.461,NA,NA
"1976-04-28",716.185,NA,NA
"1976-04-29",707.939,NA,NA
"1976-04-30",699.725,NA,NA
"1976-05-01",683.392,NA,NA
"1976-05-02",728.612,NA,NA
"1976-05-03",745.289,NA,NA
"1976-05-04",749.478,NA,NA
"1976-05-05",716.185,NA,NA
"1976-05-06",675.273,NA,NA
"1976-05-07",759.379,NA,NA
"1976-05-08",936.495,NA,NA
"1976-05-09",783.908,NA,NA
"1976-05-10",695.63,NA,NA
"1976-05-11",667.185,NA,NA
"1976-05-12",651.107,NA,NA
"1976-05-13",659.13,NA,NA
"1976-05-14",724.461,NA,NA
"1976-05-15",675.273,NA,NA
"1976-05-16",635.158,NA,NA
"1976-05-17",627.232,NA,NA
"1976-05-18",607.561,NA,NA
"1976-05-19",595.857,NA,NA
"1976-05-20",568.841,NA,NA
"1976-05-21",557.389,NA,NA
"1976-05-22",635.158,NA,NA
"1976-05-23",736.935,NA,NA
"1976-05-24",910.432,NA,NA
"1976-05-25",778.982,NA,NA
"1976-05-26",695.63,NA,NA
"1976-05-27",675.273,NA,NA
"1976-05-28",667.185,NA,NA
"1976-05-29",655.114,NA,NA
"1976-05-30",615.404,NA,NA
"1976-05-31",591.972,NA,NA
"1976-06-01",591.972,NA,NA
"1976-06-02",675.273,NA,NA
"1976-06-03",808.699,NA,NA
"1976-06-04",749.478,NA,NA
"1976-06-05",728.612,NA,NA
"1976-06-06",716.185,NA,NA
"1976-06-07",707.939,NA,NA
"1976-06-08",695.63,NA,NA
"1976-06-09",679.328,NA,NA
"1976-06-10",671.225,NA,NA
"1976-06-11",667.185,NA,NA
"1976-06-12",655.114,NA,NA
"1976-06-13",643.116,NA,NA
"1976-06-14",635.158,NA,NA
"1976-06-15",615.404,NA,NA
"1976-06-16",603.651,NA,NA
"1976-06-17",591.972,NA,NA
"1976-06-18",584.228,NA,NA
"1976-06-19",576.518,NA,NA
"1976-06-20",568.841,NA,NA
"1976-06-21",565.015,NA,NA
"1976-06-22",561.198,NA,NA
"1976-06-23",553.589,NA,NA
"1976-06-24",538.473,NA,NA
"1976-06-25",530.967,NA,NA
"1976-06-26",527.227,NA,NA
"1976-06-27",519.772,NA,NA
"1976-06-28",508.657,NA,NA
"1976-06-29",493.959,NA,NA
"1976-06-30",483.029,NA,NA
"1976-07-01",479.403,NA,NA
"1976-07-02",472.179,NA,NA
"1976-07-03",461.41,NA,NA
"1976-07-04",450.723,NA,NA
"1976-07-05",443.645,NA,NA
"1976-07-06",436.603,NA,NA
"1976-07-07",429.598,NA,NA
"1976-07-08",422.63,NA,NA
"1976-07-09",412.249,NA,NA
"1976-07-10",405.376,NA,NA
"1976-07-11",398.54,NA,NA
"1976-07-12",391.743,NA,NA
"1976-07-13",384.984,NA,NA
"1976-07-14",378.264,NA,NA
"1976-07-15",371.583,NA,NA
"1976-07-16",364.941,NA,NA
"1976-07-17",358.338,NA,NA
"1976-07-18",351.775,NA,NA
"1976-07-19",345.252,NA,NA
"1976-07-20",342.006,NA,NA
"1976-07-21",338.77,NA,NA
"1976-07-22",332.327,NA,NA
"1976-07-23",325.925,NA,NA
"1976-07-24",316.4,NA,NA
"1976-07-25",310.101,NA,NA
"1976-07-26",306.967,NA,NA
"1976-07-27",303.844,NA,NA
"1976-07-28",303.844,NA,NA
"1976-07-29",300.731,NA,NA
"1976-07-30",297.629,NA,NA
"1976-07-31",294.537,NA,NA
"1976-08-01",294.537,NA,NA
"1976-08-02",291.456,NA,NA
"1976-08-03",288.385,NA,NA
"1976-08-04",288.385,NA,NA
"1976-08-05",285.326,NA,NA
"1976-08-06",282.277,NA,NA
"1976-08-07",279.238,NA,NA
"1976-08-08",267.194,NA,NA
"1976-08-09",264.21,NA,NA
"1976-08-10",261.237,NA,NA
"1976-08-11",261.237,NA,NA
"1976-08-12",258.275,NA,NA
"1976-08-13",255.324,NA,NA
"1976-08-14",255.324,NA,NA
"1976-08-15",252.385,NA,NA
"1976-08-16",249.456,NA,NA
"1976-08-17",246.539,NA,NA
"1976-08-18",243.633,NA,NA
"1976-08-19",240.739,NA,NA
"1976-08-20",240.739,NA,NA
"1976-08-21",249.456,NA,NA
"1976-08-22",267.194,NA,NA
"1976-08-23",282.277,NA,NA
"1976-08-24",288.385,NA,NA
"1976-08-25",297.629,NA,NA
"1976-08-26",322.74,NA,NA
"1976-08-27",332.327,NA,NA
"1976-08-28",329.121,NA,NA
"1976-08-29",316.4,NA,NA
"1976-08-30",310.101,NA,NA
"1976-08-31",306.967,NA,NA
"1976-09-01",303.844,NA,NA
"1976-09-02",300.731,NA,NA
"1976-09-03",297.629,NA,NA
"1976-09-04",294.537,NA,NA
"1976-09-05",288.385,NA,NA
"1976-09-06",282.277,NA,NA
"1976-09-07",267.194,NA,NA
"1976-09-08",258.275,NA,NA
"1976-09-09",338.77,NA,NA
"1976-09-10",371.583,NA,NA
"1976-09-11",371.583,NA,NA
"1976-09-12",364.941,NA,NA
"1976-09-13",358.338,NA,NA
"1976-09-14",338.77,NA,NA
"1976-09-15",306.967,NA,NA
"1976-09-16",319.565,NA,NA
"1976-09-17",338.77,NA,NA
"1976-09-18",381.619,NA,NA
"1976-09-19",457.839,NA,NA
"1976-09-20",542.239,NA,NA
"1976-09-21",553.589,NA,NA
"1976-09-22",516.058,NA,NA
"1976-09-23",483.029,NA,NA
"1976-09-24",468.58,NA,NA
"1976-09-25",523.495,NA,NA
"1976-09-26",576.518,NA,NA
"1976-09-27",728.612,NA,NA
"1976-09-28",941.738,NA,NA
"1976-09-29",920.828,NA,NA
"1976-09-30",798.752,NA,NA
"1976-10-01",667.185,NA,NA
"1976-10-02",572.675,NA,NA
"1976-10-03",538.473,NA,NA
"1976-10-04",512.353,NA,NA
"1976-10-05",490.306,NA,NA
"1976-10-06",457.839,NA,NA
"1976-10-07",436.603,NA,NA
"1976-10-08",461.41,NA,NA
"1976-10-09",493.959,NA,NA
"1976-10-10",530.967,NA,NA
"1976-10-11",576.518,NA,NA
"1976-10-12",627.232,NA,NA
"1976-10-13",619.339,NA,NA
"1976-10-14",549.797,NA,NA
"1976-10-15",468.58,NA,NA
"1976-10-16",405.376,NA,NA
"1976-10-17",364.941,NA,NA
"1976-10-18",335.543,NA,NA
"1976-10-19",313.245,NA,NA
"1976-10-20",395.137,NA,NA
"1976-10-21",615.404,NA,NA
"1976-10-22",843.842,NA,NA
"1976-10-23",936.495,NA,NA
"1976-10-24",853.975,NA,NA
"1976-10-25",716.185,NA,NA
"1976-10-26",611.478,NA,NA
"1976-10-27",1344.13,NA,NA
"1976-10-28",1814.52,NA,NA
"1976-10-29",1714.58,NA,NA
"1976-10-30",1550.32,NA,NA
"1976-10-31",1452.05,NA,NA
"1976-11-01",1227.56,NA,NA
"1976-11-02",910.432,NA,NA
"1976-11-03",859.057,NA,NA
"1976-11-04",962.806,NA,NA
"1976-11-05",1070.48,NA,NA
"1976-11-06",1193.29,NA,NA
"1976-11-07",1279.57,NA,NA
"1976-11-08",1355.98,NA,NA
"1976-11-09",1256.36,NA,NA
"1976-11-10",1070.48,NA,NA
"1976-11-11",931.263,NA,NA
"1976-11-12",695.63,NA,NA
"1976-11-13",703.828,NA,NA
"1976-11-14",843.842,NA,NA
"1976-11-15",1005.41,NA,NA
"1976-11-16",1488.65,NA,NA
"1976-11-17",1403.74,NA,NA
"1976-11-18",1439.92,NA,NA
"1976-11-19",1326.42,NA,NA
"1976-11-20",1279.57,NA,NA
"1976-11-21",1415.76,NA,NA
"1976-11-22",1695.34,NA,NA
"1976-11-23",1886.65,NA,NA
"1976-11-24",1951.62,NA,NA
"1976-11-25",1992.63,NA,NA
"1976-11-26",2075.57,NA,NA
"1976-11-27",2050.56,NA,NA
"1976-11-28",2025.66,NA,NA
"1976-11-29",1967.99,NA,NA
"1976-11-30",1830.46,NA,NA
"1976-12-01",1870.54,NA,NA
"1976-12-02",2202.27,NA,NA
"1976-12-03",2419.42,NA,NA
"1976-12-04",2598.42,NA,NA
"1976-12-05",2643.89,NA,NA
"1976-12-06",2508.34,NA,NA
"1976-12-07",2349.13,NA,NA
"1976-12-08",2279.59,NA,NA
"1976-12-09",1976.19,NA,NA
"1976-12-10",1740.34,NA,NA
"1976-12-11",1500.92,NA,NA
"1976-12-12",1427.83,NA,NA
"1976-12-13",1537.92,NA,NA
"1976-12-14",1910.92,NA,NA
"1976-12-15",2375.4,NA,NA
"1976-12-16",2562.25,NA,NA
"1976-12-17",2499.4,NA,NA
"1976-12-18",2375.4,NA,NA
"1976-12-19",2366.63,NA,NA
"1976-12-20",2349.13,NA,NA
"1976-12-21",2322.96,NA,NA
"1976-12-22",2366.63,NA,NA
"1976-12-23",2245.11,NA,NA
"1976-12-24",2075.57,NA,NA
"1976-12-25",2159.73,NA,NA
"1976-12-26",2375.4,NA,NA
"1976-12-27",2517.3,NA,NA
"1976-12-28",2589.36,NA,NA
"1976-12-29",2508.34,NA,NA
"1976-12-30",2245.11,NA,NA
"1976-12-31",2193.74,NA,NA
"1977-01-01",2134.36,NA,NA
"1977-01-02",2075.57,NA,NA
"1977-01-03",1910.92,NA,NA
"1977-01-04",1759.75,NA,NA
"1977-01-05",1631.75,NA,NA
"1977-01-06",1695.34,NA,NA
"1977-01-07",1676.18,NA,NA
"1977-01-08",1714.58,NA,NA
"1977-01-09",1830.46,NA,NA
"1977-01-10",1992.63,NA,NA
"1977-01-11",2253.71,NA,NA
"1977-01-12",2288.24,NA,NA
"1977-01-13",2109.09,NA,NA
"1977-01-14",1838.45,NA,NA
"1977-01-15",1631.75,NA,NA
"1977-01-16",1445.98,NA,NA
"1977-01-17",1403.74,NA,NA
"1977-01-18",1164.98,NA,NA
"1977-01-19",2134.36,NA,NA
"1977-01-20",3260.55,NA,NA
"1977-01-21",3339.65,NA,NA
"1977-01-22",4662.08,NA,NA
"1977-01-23",5352.01,NA,NA
"1977-01-24",5164.66,NA,NA
"1977-01-25",5601.56,NA,NA
"1977-01-26",5928.43,NA,NA
"1977-01-27",6412.35,NA,NA
"1977-01-28",7026.64,NA,NA
"1977-01-29",7104.85,NA,NA
"1977-01-30",6488.02,NA,NA
"1977-01-31",5589.58,NA,NA
"1977-02-01",5458.45,NA,NA
"1977-02-02",6362.09,NA,NA
"1977-02-03",7341.37,NA,NA
"1977-02-04",7420.83,NA,NA
"1977-02-05",7500.6,NA,NA
"1977-02-06",8509.62,NA,NA
"1977-02-07",7301.75,NA,NA
"1977-02-08",7026.64,NA,NA
"1977-02-09",5340.23,NA,NA
"1977-02-10",6063.53,NA,NA
"1977-02-11",5517.92,NA,NA
"1977-02-12",4933.9,NA,NA
"1977-02-13",4406.88,NA,NA
"1977-02-14",3965.04,NA,NA
"1977-02-15",3560.7,NA,NA
"1977-02-16",3094.77,NA,NA
"1977-02-17",2856.72,NA,NA
"1977-02-18",2598.42,NA,NA
"1977-02-19",2419.42,NA,NA
"1977-02-20",2245.11,NA,NA
"1977-02-21",2176.71,NA,NA
"1977-02-22",2151.26,NA,NA
"1977-02-23",2075.57,NA,NA
"1977-02-24",1943.45,NA,NA
"1977-02-25",1886.65,NA,NA
"1977-02-26",1951.62,NA,NA
"1977-02-27",2000.87,NA,NA
"1977-02-28",1830.46,NA,NA
"1977-03-01",1792.25,NA,NA
"1977-03-02",1830.46,NA,NA
"1977-03-03",1984.4,NA,NA
"1977-03-04",1919.04,NA,NA
"1977-03-05",1830.46,NA,NA
"1977-03-06",1759.75,NA,NA
"1977-03-07",1721.01,NA,NA
"1977-03-08",1568.99,NA,NA
"1977-03-09",1445.98,NA,NA
"1977-03-10",1355.98,NA,NA
"1977-03-11",1291.23,NA,NA
"1977-03-12",1256.36,NA,NA
"1977-03-13",1244.82,NA,NA
"1977-03-14",1227.56,NA,NA
"1977-03-15",1297.07,NA,NA
"1977-03-16",1476.42,NA,NA
"1977-03-17",1507.06,NA,NA
"1977-03-18",1373.82,NA,NA
"1977-03-19",1244.82,NA,NA
"1977-03-20",1250.59,NA,NA
"1977-03-21",1537.92,NA,NA
"1977-03-22",1695.34,NA,NA
"1977-03-23",1688.94,NA,NA
"1977-03-24",1759.75,NA,NA
"1977-03-25",1886.65,NA,NA
"1977-03-26",1695.34,NA,NA
"1977-03-27",1695.34,NA,NA
"1977-03-28",1805.31,NA,NA
"1977-03-29",1600.27,NA,NA
"1977-03-30",1445.98,NA,NA
"1977-03-31",1326.42,NA,NA
"1977-04-01",1593.99,NA,NA
"1977-04-02",1854.47,NA,NA
"1977-04-03",1951.62,NA,NA
"1977-04-04",1992.63,NA,NA
"1977-04-05",2134.36,NA,NA
"1977-04-06",2134.36,NA,NA
"1977-04-07",2067.22,NA,NA
"1977-04-08",2117.5,NA,NA
"1977-04-09",2083.93,NA,NA
"1977-04-10",2033.95,NA,NA
"1977-04-11",2025.66,NA,NA
"1977-04-12",1910.92,NA,NA
"1977-04-13",1779.22,NA,NA
"1977-04-14",1695.34,NA,NA
"1977-04-15",1507.06,NA,NA
"1977-04-16",1385.76,NA,NA
"1977-04-17",1267.95,NA,NA
"1977-04-18",1216.1,NA,NA
"1977-04-19",1176.28,NA,NA
"1977-04-20",1136.91,NA,NA
"1977-04-21",1120.17,NA,NA
"1977-04-22",1267.95,NA,NA
"1977-04-23",1409.75,NA,NA
"1977-04-24",1285.4,NA,NA
"1977-04-25",1210.38,NA,NA
"1977-04-26",1120.17,NA,NA
"1977-04-27",1054.08,NA,NA
"1977-04-28",989.361,NA,NA
"1977-04-29",900.077,NA,NA
"1977-04-30",853.975,NA,NA
"1977-05-01",853.975,NA,NA
"1977-05-02",813.689,NA,NA
"1977-05-03",874.364,NA,NA
"1977-05-04",900.077,NA,NA
"1977-05-05",936.495,NA,NA
"1977-05-06",920.828,NA,NA
"1977-05-07",869.251,NA,NA
"1977-05-08",853.975,NA,NA
"1977-05-09",920.828,NA,NA
"1977-05-10",1075.96,NA,NA
"1977-05-11",1297.07,NA,NA
"1977-05-12",1308.78,NA,NA
"1977-05-13",1148.11,NA,NA
"1977-05-14",1120.17,NA,NA
"1977-05-15",1170.63,NA,NA
"1977-05-16",1037.77,NA,NA
"1977-05-17",936.495,NA,NA
"1977-05-18",889.761,NA,NA
"1977-05-19",1125.74,NA,NA
"1977-05-20",1153.73,NA,NA
"1977-05-21",1037.77,NA,NA
"1977-05-22",884.619,NA,NA
"1977-05-23",783.908,NA,NA
"1977-05-24",741.108,NA,NA
"1977-05-25",716.185,NA,NA
"1977-05-26",703.828,NA,NA
"1977-05-27",736.935,NA,NA
"1977-05-28",798.752,NA,NA
"1977-05-29",769.159,NA,NA
"1977-05-30",736.935,NA,NA
"1977-05-31",720.319,NA,NA
"1977-06-01",712.058,NA,NA
"1977-06-02",703.828,NA,NA
"1977-06-03",703.828,NA,NA
"1977-06-04",728.612,NA,NA
"1977-06-05",712.058,NA,NA
"1977-06-06",724.461,NA,NA
"1977-06-07",783.908,NA,NA
"1977-06-08",783.908,NA,NA
"1977-06-09",754.505,NA,NA
"1977-06-10",774.065,NA,NA
"1977-06-11",818.688,NA,NA
"1977-06-12",764.264,NA,NA
"1977-06-13",712.058,NA,NA
"1977-06-14",667.185,NA,NA
"1977-06-15",643.116,NA,NA
"1977-06-16",627.232,NA,NA
"1977-06-17",615.404,NA,NA
"1977-06-18",712.058,NA,NA
"1977-06-19",736.935,NA,NA
"1977-06-20",720.319,NA,NA
"1977-06-21",691.543,NA,NA
"1977-06-22",647.107,NA,NA
"1977-06-23",619.339,NA,NA
"1977-06-24",584.228,NA,NA
"1977-06-25",561.198,NA,NA
"1977-06-26",557.389,NA,NA
"1977-06-27",595.857,NA,NA
"1977-06-28",576.518,NA,NA
"1977-06-29",561.198,NA,NA
"1977-06-30",588.096,NA,NA
"1977-07-01",565.015,NA,NA
"1977-07-02",549.797,NA,NA
"1977-07-03",538.473,NA,NA
"1977-07-04",523.495,NA,NA
"1977-07-05",512.353,NA,NA
"1977-07-06",501.29,NA,NA
"1977-07-07",493.959,NA,NA
"1977-07-08",486.663,NA,NA
"1977-07-09",490.306,NA,NA
"1977-07-10",486.663,NA,NA
"1977-07-11",483.029,NA,NA
"1977-07-12",475.786,NA,NA
"1977-07-13",472.179,NA,NA
"1977-07-14",468.58,NA,NA
"1977-07-15",461.41,NA,NA
"1977-07-16",454.277,NA,NA
"1977-07-17",447.18,NA,NA
"1977-07-18",454.277,NA,NA
"1977-07-19",450.723,NA,NA
"1977-07-20",443.645,NA,NA
"1977-07-21",440.119,NA,NA
"1977-07-22",433.096,NA,NA
"1977-07-23",429.598,NA,NA
"1977-07-24",426.109,NA,NA
"1977-07-25",419.161,NA,NA
"1977-07-26",415.7,NA,NA
"1977-07-27",408.808,NA,NA
"1977-07-28",405.376,NA,NA
"1977-07-29",401.953,NA,NA
"1977-07-30",395.137,NA,NA
"1977-07-31",391.743,NA,NA
"1977-08-01",388.359,NA,NA
"1977-08-02",384.984,NA,NA
"1977-08-03",381.619,NA,NA
"1977-08-04",374.919,NA,NA
"1977-08-05",371.583,NA,NA
"1977-08-06",364.941,NA,NA
"1977-08-07",361.635,NA,NA
"1977-08-08",348.509,NA,NA
"1977-08-09",342.006,NA,NA
"1977-08-10",329.121,NA,NA
"1977-08-11",316.4,NA,NA
"1977-08-12",345.252,NA,NA
"1977-08-13",342.006,NA,NA
"1977-08-14",338.77,NA,NA
"1977-08-15",335.543,NA,NA
"1977-08-16",332.327,NA,NA
"1977-08-17",325.925,NA,NA
"1977-08-18",322.74,NA,NA
"1977-08-19",319.565,NA,NA
"1977-08-20",316.4,NA,NA
"1977-08-21",316.4,NA,NA
"1977-08-22",313.245,NA,NA
"1977-08-23",310.101,NA,NA
"1977-08-24",310.101,NA,NA
"1977-08-25",306.967,NA,NA
"1977-08-26",303.844,NA,NA
"1977-08-27",303.844,NA,NA
"1977-08-28",306.967,NA,NA
"1977-08-29",316.4,NA,NA
"1977-08-30",322.74,NA,NA
"1977-08-31",335.543,NA,NA
"1977-09-01",345.252,NA,NA
"1977-09-02",335.543,NA,NA
"1977-09-03",322.74,NA,NA
"1977-09-04",335.543,NA,NA
"1977-09-05",338.77,NA,NA
"1977-09-06",338.77,NA,NA
"1977-09-07",332.327,NA,NA
"1977-09-08",325.925,NA,NA
"1977-09-09",319.565,NA,NA
"1977-09-10",364.941,NA,NA
"1977-09-11",371.583,NA,NA
"1977-09-12",412.249,NA,NA
"1977-09-13",395.137,NA,NA
"1977-09-14",374.919,NA,NA
"1977-09-15",345.252,NA,NA
"1977-09-16",329.121,NA,NA
"1977-09-17",319.565,NA,NA
"1977-09-18",325.925,NA,NA
"1977-09-19",329.121,NA,NA
"1977-09-20",342.006,NA,NA
"1977-09-21",358.338,NA,NA
"1977-09-22",348.509,NA,NA
"1977-09-23",345.252,NA,NA
"1977-09-24",361.635,NA,NA
"1977-09-25",374.919,NA,NA
"1977-09-26",381.619,NA,NA
"1977-09-27",391.743,NA,NA
"1977-09-28",371.583,NA,NA
"1977-09-29",358.338,NA,NA
"1977-09-30",351.775,NA,NA
"1977-10-01",355.052,NA,NA
"1977-10-02",361.635,NA,NA
"1977-10-03",371.583,NA,NA
"1977-10-04",371.583,NA,NA
"1977-10-05",391.743,NA,NA
"1977-10-06",419.161,NA,NA
"1977-10-07",443.645,NA,NA
"1977-10-08",422.63,NA,NA
"1977-10-09",408.808,NA,NA
"1977-10-10",398.54,NA,NA
"1977-10-11",405.376,NA,NA
"1977-10-12",381.619,NA,NA
"1977-10-13",358.338,NA,NA
"1977-10-14",351.775,NA,NA
"1977-10-15",348.509,NA,NA
"1977-10-16",338.77,NA,NA
"1977-10-17",335.543,NA,NA
"1977-10-18",329.121,NA,NA
"1977-10-19",335.543,NA,NA
"1977-10-20",355.052,NA,NA
"1977-10-21",426.109,NA,NA
"1977-10-22",454.277,NA,NA
"1977-10-23",429.598,NA,NA
"1977-10-24",408.808,NA,NA
"1977-10-25",415.7,NA,NA
"1977-10-26",422.63,NA,NA
"1977-10-27",436.603,NA,NA
"1977-10-28",436.603,NA,NA
"1977-10-29",422.63,NA,NA
"1977-10-30",457.839,NA,NA
"1977-10-31",553.589,NA,NA
"1977-11-01",655.114,NA,NA
"1977-11-02",675.273,NA,NA
"1977-11-03",627.232,NA,NA
"1977-11-04",576.518,NA,NA
"1977-11-05",512.353,NA,NA
"1977-11-06",483.029,NA,NA
"1977-11-07",479.403,NA,NA
"1977-11-08",475.786,NA,NA
"1977-11-09",475.786,NA,NA
"1977-11-10",572.675,NA,NA
"1977-11-11",643.116,NA,NA
"1977-11-12",623.281,NA,NA
"1977-11-13",572.675,NA,NA
"1977-11-14",549.797,NA,NA
"1977-11-15",584.228,NA,NA
"1977-11-16",623.281,NA,NA
"1977-11-17",712.058,NA,NA
"1977-11-18",663.154,NA,NA
"1977-11-19",864.149,NA,NA
"1977-11-20",941.738,NA,NA
"1977-11-21",941.738,NA,NA
"1977-11-22",1081.46,NA,NA
"1977-11-23",1164.98,NA,NA
"1977-11-24",1065,NA,NA
"1977-11-25",1026.95,NA,NA
"1977-11-26",946.99,NA,NA
"1977-11-27",853.975,NA,NA
"1977-11-28",803.72,NA,NA
"1977-11-29",793.793,NA,NA
"1977-11-30",957.524,NA,NA
"1977-12-01",1109.06,NA,NA
"1977-12-02",1092.47,NA,NA
"1977-12-03",1065,NA,NA
"1977-12-04",1210.38,NA,NA
"1977-12-05",1181.94,NA,NA
"1977-12-06",1164.98,NA,NA
"1977-12-07",1103.52,NA,NA
"1977-12-08",968.097,NA,NA
"1977-12-09",946.99,NA,NA
"1977-12-10",957.524,NA,NA
"1977-12-11",853.975,NA,NA
"1977-12-12",798.752,NA,NA
"1977-12-13",788.846,NA,NA
"1977-12-14",828.719,NA,NA
"1977-12-15",957.524,NA,NA
"1977-12-16",994.702,NA,NA
"1977-12-17",1005.41,NA,NA
"1977-12-18",1000.05,NA,NA
"1977-12-19",1005.41,NA,NA
"1977-12-20",1043.2,NA,NA
"1977-12-21",1075.96,NA,NA
"1977-12-22",1198.98,NA,NA
"1977-12-23",1581.47,NA,NA
"1977-12-24",1910.92,NA,NA
"1977-12-25",1870.54,NA,NA
"1977-12-26",1727.44,NA,NA
"1977-12-27",1740.34,NA,NA
"1977-12-28",1798.78,NA,NA
"1977-12-29",1854.47,NA,NA
"1977-12-30",1862.5,NA,NA
"1977-12-31",1669.81,NA,NA
"1978-01-01",1544.12,NA,NA
"1978-01-02",1537.92,NA,NA
"1978-01-03",1488.65,NA,NA
"1978-01-04",1433.87,NA,NA
"1978-01-05",1753.27,NA,NA
"1978-01-06",2236.51,NA,NA
"1978-01-07",2437.11,NA,NA
"1978-01-08",2625.67,NA,NA
"1978-01-09",2809.95,NA,NA
"1978-01-10",3027.42,NA,NA
"1978-01-11",3250.71,NA,NA
"1978-01-12",3389.44,NA,NA
"1978-01-13",3489.81,NA,NA
"1978-01-14",3581.05,NA,NA
"1978-01-15",3704.03,NA,NA
"1978-01-16",3891.3,NA,NA
"1978-01-17",4114,NA,NA
"1978-01-18",4330.24,NA,NA
"1978-01-19",4472.95,NA,NA
"1978-01-20",4617.32,NA,NA
"1978-01-21",4706.99,NA,NA
"1978-01-22",4483.99,NA,NA
"1978-01-23",4243.26,NA,NA
"1978-01-24",3933.38,NA,NA
"1978-01-25",3611.65,NA,NA
"1978-01-26",3290.14,NA,NA
"1978-01-27",3173.62,NA,NA
"1978-01-28",2840.88,NA,NA
"1978-01-29",2547.52,NA,NA
"1978-01-30",2282.45,NA,NA
"1978-01-31",2052.04,NA,NA
"1978-02-01",1861.57,NA,NA
"1978-02-02",1766.23,NA,NA
"1978-02-03",1669.81,NA,NA
"1978-02-04",1587.73,NA,NA
"1978-02-05",1537.92,NA,NA
"1978-02-06",1550.32,NA,NA
"1978-02-07",1650.74,NA,NA
"1978-02-08",1606.55,NA,NA
"1978-02-09",1568.99,NA,NA
"1978-02-10",1550.32,NA,NA
"1978-02-11",1600.27,NA,NA
"1978-02-12",1814.99,NA,NA
"1978-02-13",1940.13,NA,NA
"1978-02-14",1955.98,NA,NA
"1978-02-15",1869.37,NA,NA
"1978-02-16",1714.58,NA,NA
"1978-02-17",1644.4,NA,NA
"1978-02-18",1556.54,NA,NA
"1978-02-19",1537.92,NA,NA
"1978-02-20",1727.44,NA,NA
"1978-02-21",1838.22,NA,NA
"1978-02-22",1838.22,NA,NA
"1978-02-23",1792.25,NA,NA
"1978-02-24",1892.85,NA,NA
"1978-02-25",2299.23,NA,NA
"1978-02-26",2469.5,NA,NA
"1978-02-27",2495.41,NA,NA
"1978-02-28",2495.41,NA,NA
"1978-03-01",2697.23,NA,NA
"1978-03-02",2904.55,NA,NA
"1978-03-03",3107.9,NA,NA
"1978-03-04",3306.52,NA,NA
"1978-03-05",3441.35,NA,NA
"1978-03-06",3548.61,NA,NA
"1978-03-07",3647.14,NA,NA
"1978-03-08",3647.14,NA,NA
"1978-03-09",3548.61,NA,NA
"1978-03-10",3529.02,NA,NA
"1978-03-11",3509.47,NA,NA
"1978-03-12",3578.07,NA,NA
"1978-03-13",3706.71,NA,NA
"1978-03-14",3877.35,NA,NA
"1978-03-15",4102.19,NA,NA
"1978-03-16",4216.29,NA,NA
"1978-03-17",4122.86,NA,NA
"1978-03-18",3948.4,NA,NA
"1978-03-19",3696.76,NA,NA
"1978-03-20",3441.35,NA,NA
"1978-03-21",3107.9,NA,NA
"1978-03-22",2741.83,NA,NA
"1978-03-23",2486.77,NA,NA
"1978-03-24",2274.07,NA,NA
"1978-03-25",2092.54,NA,NA
"1978-03-26",1948.05,NA,NA
"1978-03-27",1830.47,NA,NA
"1978-03-28",1772.72,NA,NA
"1978-03-29",1701.74,NA,NA
"1978-03-30",1644.4,NA,NA
"1978-03-31",1581.47,NA,NA
"1978-04-01",1575.23,NA,NA
"1978-04-02",1587.73,NA,NA
"1978-04-03",1714.58,NA,NA
"1978-04-04",1963.92,NA,NA
"1978-04-05",2100.68,NA,NA
"1978-04-06",2174.39,NA,NA
"1978-04-07",2092.54,NA,NA
"1978-04-08",1932.22,NA,NA
"1978-04-09",1772.72,NA,NA
"1978-04-10",1669.81,NA,NA
"1978-04-11",1556.54,NA,NA
"1978-04-12",1482.53,NA,NA
"1978-04-13",1452.05,NA,NA
"1978-04-14",1433.87,NA,NA
"1978-04-15",1403.74,NA,NA
"1978-04-16",1409.75,NA,NA
"1978-04-17",1415.76,NA,NA
"1978-04-18",1379.79,NA,NA
"1978-04-19",1403.74,NA,NA
"1978-04-20",1470.31,NA,NA
"1978-04-21",1433.87,NA,NA
"1978-04-22",1373.82,NA,NA
"1978-04-23",1355.98,NA,NA
"1978-04-24",1397.74,NA,NA
"1978-04-25",1556.54,NA,NA
"1978-04-26",1631.75,NA,NA
"1978-04-27",1476.42,NA,NA
"1978-04-28",1379.79,NA,NA
"1978-04-29",1338.21,NA,NA
"1978-04-30",1256.36,NA,NA
"1978-05-01",1204.68,NA,NA
"1978-05-02",1193.29,NA,NA
"1978-05-03",1367.87,NA,NA
"1978-05-04",1379.79,NA,NA
"1978-05-05",1279.57,NA,NA
"1978-05-06",1187.61,NA,NA
"1978-05-07",1136.91,NA,NA
"1978-05-08",1097.99,NA,NA
"1978-05-09",1059.54,NA,NA
"1978-05-10",1037.77,NA,NA
"1978-05-11",1010.78,NA,NA
"1978-05-12",989.361,NA,NA
"1978-05-13",968.097,NA,NA
"1978-05-14",952.252,NA,NA
"1978-05-15",931.263,NA,NA
"1978-05-16",915.625,NA,NA
"1978-05-17",905.249,NA,NA
"1978-05-18",894.914,NA,NA
"1978-05-19",879.486,NA,NA
"1978-05-20",894.914,NA,NA
"1978-05-21",989.361,NA,NA
"1978-05-22",1000.05,NA,NA
"1978-05-23",926.04,NA,NA
"1978-05-24",920.828,NA,NA
"1978-05-25",957.524,NA,NA
"1978-05-26",941.738,NA,NA
"1978-05-27",905.249,NA,NA
"1978-05-28",874.364,NA,NA
"1978-05-29",864.149,NA,NA
"1978-05-30",905.249,NA,NA
"1978-05-31",941.738,NA,NA
"1978-06-01",952.252,NA,NA
"1978-06-02",973.399,NA,NA
"1978-06-03",1092.47,NA,NA
"1978-06-04",1097.99,NA,NA
"1978-06-05",989.361,NA,NA
"1978-06-06",920.828,NA,NA
"1978-06-07",884.619,NA,NA
"1978-06-08",853.975,NA,NA
"1978-06-09",833.75,NA,NA
"1978-06-10",808.699,NA,NA
"1978-06-11",808.699,NA,NA
"1978-06-12",884.619,NA,NA
"1978-06-13",1016.16,NA,NA
"1978-06-14",968.097,NA,NA
"1978-06-15",884.619,NA,NA
"1978-06-16",818.688,NA,NA
"1978-06-17",778.982,NA,NA
"1978-06-18",759.379,NA,NA
"1978-06-19",744.789,NA,NA
"1978-06-20",730.294,NA,NA
"1978-06-21",715.896,NA,NA
"1978-06-22",706.351,NA,NA
"1978-06-23",701.595,NA,NA
"1978-06-24",692.116,NA,NA
"1978-06-25",677.978,NA,NA
"1978-06-26",668.608,NA,NA
"1978-06-27",654.635,NA,NA
"1978-06-28",645.376,NA,NA
"1978-06-29",636.161,NA,NA
"1978-06-30",636.161,NA,NA
"1978-07-01",636.161,NA,NA
"1978-07-02",631.571,NA,NA
"1978-07-03",617.867,NA,NA
"1978-07-04",613.321,NA,NA
"1978-07-05",604.264,NA,NA
"1978-07-06",599.753,NA,NA
"1978-07-07",595.253,NA,NA
"1978-07-08",586.288,NA,NA
"1978-07-09",581.822,NA,NA
"1978-07-10",577.368,NA,NA
"1978-07-11",572.926,NA,NA
"1978-07-12",564.076,NA,NA
"1978-07-13",555.273,NA,NA
"1978-07-14",550.889,NA,NA
"1978-07-15",546.517,NA,NA
"1978-07-16",542.156,NA,NA
"1978-07-17",542.156,NA,NA
"1978-07-18",546.517,NA,NA
"1978-07-19",595.253,NA,NA
"1978-07-20",696.85,NA,NA
"1978-07-21",749.642,NA,NA
"1978-07-22",720.685,NA,NA
"1978-07-23",711.118,NA,NA
"1978-07-24",711.118,NA,NA
"1978-07-25",720.685,NA,NA
"1978-07-26",692.116,NA,NA
"1978-07-27",640.763,NA,NA
"1978-07-28",617.867,NA,NA
"1978-07-29",595.253,NA,NA
"1978-07-30",581.822,NA,NA
"1978-07-31",559.669,NA,NA
"1978-08-01",537.808,NA,NA
"1978-08-02",524.833,NA,NA
"1978-08-03",516.243,NA,NA
"1978-08-04",503.448,NA,NA
"1978-08-05",494.978,NA,NA
"1978-08-06",486.557,NA,NA
"1978-08-07",482.365,NA,NA
"1978-08-08",474.017,NA,NA
"1978-08-09",469.862,NA,NA
"1978-08-10",465.719,NA,NA
"1978-08-11",461.589,NA,NA
"1978-08-12",457.471,NA,NA
"1978-08-13",453.365,NA,NA
"1978-08-14",445.192,NA,NA
"1978-08-15",441.124,NA,NA
"1978-08-16",437.069,NA,NA
"1978-08-17",428.996,NA,NA
"1978-08-18",424.979,NA,NA
"1978-08-19",420.975,NA,NA
"1978-08-20",420.975,NA,NA
"1978-08-21",420.975,NA,NA
"1978-08-22",420.975,NA,NA
"1978-08-23",420.975,NA,NA
"1978-08-24",416.983,NA,NA
"1978-08-25",413.004,NA,NA
"1978-08-26",405.086,NA,NA
"1978-08-27",405.086,NA,NA
"1978-08-28",405.086,NA,NA
"1978-08-29",401.146,NA,NA
"1978-08-30",397.219,NA,NA
"1978-08-31",389.405,NA,NA
"1978-09-01",385.517,NA,NA
"1978-09-02",381.643,NA,NA
"1978-09-03",377.782,NA,NA
"1978-09-04",373.934,NA,NA
"1978-09-05",373.934,NA,NA
"1978-09-06",373.934,NA,NA
"1978-09-07",373.934,NA,NA
"1978-09-08",373.934,NA,NA
"1978-09-09",373.934,NA,NA
"1978-09-10",405.086,NA,NA
"1978-09-11",494.978,NA,NA
"1978-09-12",577.368,NA,NA
"1978-09-13",590.765,NA,NA
"1978-09-14",533.471,NA,NA
"1978-09-15",465.719,NA,NA
"1978-09-16",428.996,NA,NA
"1978-09-17",420.975,NA,NA
"1978-09-18",474.017,NA,NA
"1978-09-19",631.571,NA,NA
"1978-09-20",668.608,NA,NA
"1978-09-21",586.288,NA,NA
"1978-09-22",520.532,NA,NA
"1978-09-23",516.243,NA,NA
"1978-09-24",572.926,NA,NA
"1978-09-25",622.423,NA,NA
"1978-09-26",572.926,NA,NA
"1978-09-27",533.471,NA,NA
"1978-09-28",461.589,NA,NA
"1978-09-29",433.026,NA,NA
"1978-09-30",409.039,NA,NA
"1978-10-01",393.306,NA,NA
"1978-10-02",381.643,NA,NA
"1978-10-03",381.643,NA,NA
"1978-10-04",381.643,NA,NA
"1978-10-05",373.934,NA,NA
"1978-10-06",366.279,NA,NA
"1978-10-07",358.677,NA,NA
"1978-10-08",362.471,NA,NA
"1978-10-09",354.897,NA,NA
"1978-10-10",347.376,NA,NA
"1978-10-11",336.197,NA,NA
"1978-10-12",343.636,NA,NA
"1978-10-13",385.517,NA,NA
"1978-10-14",516.243,NA,NA
"1978-10-15",581.822,NA,NA
"1978-10-16",581.822,NA,NA
"1978-10-17",568.495,NA,NA
"1978-10-18",636.161,NA,NA
"1978-10-19",663.939,NA,NA
"1978-10-20",654.635,NA,NA
"1978-10-21",595.253,NA,NA
"1978-10-22",650,NA,NA
"1978-10-23",869.251,NA,NA
"1978-10-24",774.065,NA,NA
"1978-10-25",682.68,NA,NA
"1978-10-26",586.288,NA,NA
"1978-10-27",520.532,NA,NA
"1978-10-28",478.185,NA,NA
"1978-10-29",453.365,NA,NA
"1978-10-30",465.719,NA,NA
"1978-10-31",453.365,NA,NA
"1978-11-01",474.017,NA,NA
"1978-11-02",520.532,NA,NA
"1978-11-03",577.368,NA,NA
"1978-11-04",581.822,NA,NA
"1978-11-05",568.495,NA,NA
"1978-11-06",581.822,NA,NA
"1978-11-07",586.288,NA,NA
"1978-11-08",833.75,NA,NA
"1978-11-09",879.486,NA,NA
"1978-11-10",864.149,NA,NA
"1978-11-11",828.719,NA,NA
"1978-11-12",838.791,NA,NA
"1978-11-13",946.99,NA,NA
"1978-11-14",1314.65,NA,NA
"1978-11-15",1221.82,NA,NA
"1978-11-16",1204.68,NA,NA
"1978-11-17",1109.06,NA,NA
"1978-11-18",957.524,NA,NA
"1978-11-19",889.761,NA,NA
"1978-11-20",920.828,NA,NA
"1978-11-21",920.828,NA,NA
"1978-11-22",843.842,NA,NA
"1978-11-23",774.065,NA,NA
"1978-11-24",735.115,NA,NA
"1978-11-25",696.85,NA,NA
"1978-11-26",687.392,NA,NA
"1978-11-27",677.978,NA,NA
"1978-11-28",706.351,NA,NA
"1978-11-29",931.263,NA,NA
"1978-11-30",1176.28,NA,NA
"1978-12-01",1562.76,NA,NA
"1978-12-02",1513.22,NA,NA
"1978-12-03",1291.23,NA,NA
"1978-12-04",1403.74,NA,NA
"1978-12-05",957.524,NA,NA
"1978-12-06",848.903,NA,NA
"1978-12-07",828.719,NA,NA
"1978-12-08",1059.54,NA,NA
"1978-12-09",1367.87,NA,NA
"1978-12-10",1575.23,NA,NA
"1978-12-11",1995.8,NA,NA
"1978-12-12",2232.34,NA,NA
"1978-12-13",2452.28,NA,NA
"1978-12-14",2617.6,NA,NA
"1978-12-15",2670.59,NA,NA
"1978-12-16",2547.52,NA,NA
"1978-12-17",2316.07,NA,NA
"1978-12-18",2299.23,NA,NA
"1978-12-19",2460.89,NA,NA
"1978-12-20",2504.07,NA,NA
"1978-12-21",2375.32,NA,NA
"1978-12-22",2316.07,NA,NA
"1978-12-23",2182.63,NA,NA
"1978-12-24",1838.22,NA,NA
"1978-12-25",1714.58,NA,NA
"1978-12-26",1619.13,NA,NA
"1978-12-27",1581.47,NA,NA
"1978-12-28",1759.75,NA,NA
"1978-12-29",2332.94,NA,NA
"1978-12-30",2741.83,NA,NA
"1978-12-31",2968.72,NA,NA
"1979-01-01",3154.8,NA,NA
"1979-01-02",3230.34,NA,NA
"1979-01-03",3201.94,NA,NA
"1979-01-04",3107.9,NA,NA
"1979-01-05",2922.83,NA,NA
"1979-01-06",2723.96,NA,NA
"1979-01-07",2435.11,NA,NA
"1979-01-08",2290.83,NA,NA
"1979-01-09",2486.77,NA,NA
"1979-01-10",2706.13,NA,NA
"1979-01-11",2886.31,NA,NA
"1979-01-12",3089.21,NA,NA
"1979-01-13",3373.7,NA,NA
"1979-01-14",3796.71,NA,NA
"1979-01-15",4174.67,NA,NA
"1979-01-16",4447.8,NA,NA
"1979-01-17",4618.91,NA,NA
"1979-01-18",4705.32,NA,NA
"1979-01-19",4662.05,NA,NA
"1979-01-20",4522.38,NA,NA
"1979-01-21",4363.11,NA,NA
"1979-01-22",4237.16,NA,NA
"1979-01-23",4143.56,NA,NA
"1979-01-24",4122.86,NA,NA
"1979-01-25",4195.47,NA,NA
"1979-01-26",4279,NA,NA
"1979-01-27",4279,NA,NA
"1979-01-28",4164.29,NA,NA
"1979-01-29",4040.43,NA,NA
"1979-01-30",3999.44,NA,NA
"1979-01-31",4081.57,NA,NA
"1979-02-01",4185.06,NA,NA
"1979-02-02",4331.5,NA,NA
"1979-02-03",4320.98,NA,NA
"1979-02-04",4268.52,NA,NA
"1979-02-05",4279,NA,NA
"1979-02-06",4384.23,NA,NA
"1979-02-07",4490.36,NA,NA
"1979-02-08",4447.8,NA,NA
"1979-02-09",4289.48,NA,NA
"1979-02-10",4133.2,NA,NA
"1979-02-11",4009.67,NA,NA
"1979-02-12",3928.06,NA,NA
"1979-02-13",3857.13,NA,NA
"1979-02-14",3776.64,NA,NA
"1979-02-15",3736.62,NA,NA
"1979-02-16",3746.62,NA,NA
"1979-02-17",3857.13,NA,NA
"1979-02-18",4030.17,NA,NA
"1979-02-19",4258.06,NA,NA
"1979-02-20",4415.97,NA,NA
"1979-02-21",4490.36,NA,NA
"1979-02-22",4543.77,NA,NA
"1979-02-23",4501.03,NA,NA
"1979-02-24",4384.23,NA,NA
"1979-02-25",4237.16,NA,NA
"1979-02-26",4122.86,NA,NA
"1979-02-27",4060.98,NA,NA
"1979-02-28",4009.67,NA,NA
"1979-03-01",3836.96,NA,NA
"1979-03-02",3597.75,NA,NA
"1979-03-03",3364.07,NA,NA
"1979-03-04",3201.94,NA,NA
"1979-03-05",2996.38,NA,NA
"1979-03-06",2750.79,NA,NA
"1979-03-07",2573.72,NA,NA
"1979-03-08",2469.5,NA,NA
"1979-03-09",2383.83,NA,NA
"1979-03-10",2460.89,NA,NA
"1979-03-11",2512.74,NA,NA
"1979-03-12",2600.01,NA,NA
"1979-03-13",2697.23,NA,NA
"1979-03-14",2750.79,NA,NA
"1979-03-15",2813.74,NA,NA
"1979-03-16",2877.2,NA,NA
"1979-03-17",2950.34,NA,NA
"1979-03-18",2977.93,NA,NA
"1979-03-19",3033.39,NA,NA
"1979-03-20",3145.4,NA,NA
"1979-03-21",3354.45,NA,NA
"1979-03-22",3558.42,NA,NA
"1979-03-23",3657.04,NA,NA
"1979-03-24",3647.14,NA,NA
"1979-03-25",3587.91,NA,NA
"1979-03-26",3509.47,NA,NA
"1979-03-27",3364.07,NA,NA
"1979-03-28",3098.55,NA,NA
"1979-03-29",2804.72,NA,NA
"1979-03-30",2512.74,NA,NA
"1979-03-31",2282.45,NA,NA
"1979-04-01",2125.15,NA,NA
"1979-04-02",2068.21,NA,NA
"1979-04-03",2068.21,NA,NA
"1979-04-04",1987.82,NA,NA
"1979-04-05",1900.7,NA,NA
"1979-04-06",1955.98,NA,NA
"1979-04-07",2052.04,NA,NA
"1979-04-08",2215.73,NA,NA
"1979-04-09",2316.07,NA,NA
"1979-04-10",2182.63,NA,NA
"1979-04-11",1963.92,NA,NA
"1979-04-12",1822.72,NA,NA
"1979-04-13",1792.25,NA,NA
"1979-04-14",1759.75,NA,NA
"1979-04-15",1727.44,NA,NA
"1979-04-16",1688.94,NA,NA
"1979-04-17",1663.44,NA,NA
"1979-04-18",1631.75,NA,NA
"1979-04-19",1537.92,NA,NA
"1979-04-20",1464.22,NA,NA
"1979-04-21",1397.74,NA,NA
"1979-04-22",1326.42,NA,NA
"1979-04-23",1285.4,NA,NA
"1979-04-24",1291.23,NA,NA
"1979-04-25",1308.78,NA,NA
"1979-04-26",1391.75,NA,NA
"1979-04-27",1355.98,NA,NA
"1979-04-28",1256.36,NA,NA
"1979-04-29",1198.98,NA,NA
"1979-04-30",1153.73,NA,NA
"1979-05-01",1136.91,NA,NA
"1979-05-02",1125.74,NA,NA
"1979-05-03",1239.05,NA,NA
"1979-05-04",1361.92,NA,NA
"1979-05-05",1297.07,NA,NA
"1979-05-06",1204.68,NA,NA
"1979-05-07",1159.35,NA,NA
"1979-05-08",1148.11,NA,NA
"1979-05-09",1164.98,NA,NA
"1979-05-10",1153.73,NA,NA
"1979-05-11",1109.06,NA,NA
"1979-05-12",1092.47,NA,NA
"1979-05-13",1065,NA,NA
"1979-05-14",1037.77,NA,NA
"1979-05-15",1010.78,NA,NA
"1979-05-16",989.361,NA,NA
"1979-05-17",973.399,NA,NA
"1979-05-18",952.252,NA,NA
"1979-05-19",936.495,NA,NA
"1979-05-20",926.04,NA,NA
"1979-05-21",920.828,NA,NA
"1979-05-22",905.249,NA,NA
"1979-05-23",894.914,NA,NA
"1979-05-24",884.619,NA,NA
"1979-05-25",879.486,NA,NA
"1979-05-26",874.364,NA,NA
"1979-05-27",864.149,NA,NA
"1979-05-28",864.149,NA,NA
"1979-05-29",859.057,NA,NA
"1979-05-30",869.251,NA,NA
"1979-05-31",869.251,NA,NA
"1979-06-01",946.99,NA,NA
"1979-06-02",989.361,NA,NA
"1979-06-03",1000.05,NA,NA
"1979-06-04",957.524,NA,NA
"1979-06-05",900.077,NA,NA
"1979-06-06",869.251,NA,NA
"1979-06-07",848.903,NA,NA
"1979-06-08",833.75,NA,NA
"1979-06-09",823.699,NA,NA
"1979-06-10",813.689,NA,NA
"1979-06-11",808.699,NA,NA
"1979-06-12",803.72,NA,NA
"1979-06-13",788.846,NA,NA
"1979-06-14",774.065,NA,NA
"1979-06-15",759.379,NA,NA
"1979-06-16",749.642,NA,NA
"1979-06-17",744.789,NA,NA
"1979-06-18",735.115,NA,NA
"1979-06-19",720.685,NA,NA
"1979-06-20",711.118,NA,NA
"1979-06-21",706.351,NA,NA
"1979-06-22",696.85,NA,NA
"1979-06-23",687.392,NA,NA
"1979-06-24",677.978,NA,NA
"1979-06-25",663.939,NA,NA
"1979-06-26",663.939,NA,NA
"1979-06-27",663.939,NA,NA
"1979-06-28",663.939,NA,NA
"1979-06-29",659.282,NA,NA
"1979-06-30",659.282,NA,NA
"1979-07-01",659.282,NA,NA
"1979-07-02",654.635,NA,NA
"1979-07-03",645.376,NA,NA
"1979-07-04",640.763,NA,NA
"1979-07-05",636.161,NA,NA
"1979-07-06",636.161,NA,NA
"1979-07-07",631.571,NA,NA
"1979-07-08",626.991,NA,NA
"1979-07-09",622.423,NA,NA
"1979-07-10",613.321,NA,NA
"1979-07-11",608.787,NA,NA
"1979-07-12",608.787,NA,NA
"1979-07-13",599.753,NA,NA
"1979-07-14",599.753,NA,NA
"1979-07-15",595.253,NA,NA
"1979-07-16",586.288,NA,NA
"1979-07-17",577.368,NA,NA
"1979-07-18",572.926,NA,NA
"1979-07-19",572.926,NA,NA
"1979-07-20",568.495,NA,NA
"1979-07-21",568.495,NA,NA
"1979-07-22",568.495,NA,NA
"1979-07-23",572.926,NA,NA
"1979-07-24",577.368,NA,NA
"1979-07-25",581.822,NA,NA
"1979-07-26",577.368,NA,NA
"1979-07-27",572.926,NA,NA
"1979-07-28",564.076,NA,NA
"1979-07-29",559.669,NA,NA
"1979-07-30",550.889,NA,NA
"1979-07-31",546.517,NA,NA
"1979-08-01",533.471,NA,NA
"1979-08-02",520.532,NA,NA
"1979-08-03",511.966,NA,NA
"1979-08-04",503.448,NA,NA
"1979-08-05",499.207,NA,NA
"1979-08-06",490.761,NA,NA
"1979-08-07",486.557,NA,NA
"1979-08-08",482.365,NA,NA
"1979-08-09",478.185,NA,NA
"1979-08-10",474.017,NA,NA
"1979-08-11",469.862,NA,NA
"1979-08-12",465.719,NA,NA
"1979-08-13",461.589,NA,NA
"1979-08-14",457.471,NA,NA
"1979-08-15",457.471,NA,NA
"1979-08-16",453.365,NA,NA
"1979-08-17",453.365,NA,NA
"1979-08-18",449.272,NA,NA
"1979-08-19",449.272,NA,NA
"1979-08-20",445.192,NA,NA
"1979-08-21",445.192,NA,NA
"1979-08-22",457.471,NA,NA
"1979-08-23",474.017,NA,NA
"1979-08-24",490.761,NA,NA
"1979-08-25",469.862,NA,NA
"1979-08-26",453.365,NA,NA
"1979-08-27",445.192,NA,NA
"1979-08-28",441.124,NA,NA
"1979-08-29",461.589,NA,NA
"1979-08-30",499.207,NA,NA
"1979-08-31",599.753,NA,NA
"1979-09-01",577.368,NA,NA
"1979-09-02",524.833,NA,NA
"1979-09-03",499.207,NA,NA
"1979-09-04",494.978,NA,NA
"1979-09-05",499.207,NA,NA
"1979-09-06",568.495,NA,NA
"1979-09-07",650,NA,NA
"1979-09-08",640.763,NA,NA
"1979-09-09",581.822,NA,NA
"1979-09-10",572.926,NA,NA
"1979-09-11",1350.05,NA,NA
"1979-09-12",1814.99,NA,NA
"1979-09-13",1682.56,NA,NA
"1979-09-14",1379.79,NA,NA
"1979-09-15",1176.28,NA,NA
"1979-09-16",962.806,NA,NA
"1979-09-17",843.842,NA,NA
"1979-09-18",764.264,NA,NA
"1979-09-19",739.947,NA,NA
"1979-09-20",754.505,NA,NA
"1979-09-21",952.252,NA,NA
"1979-09-22",894.914,NA,NA
"1979-09-23",754.505,NA,NA
"1979-09-24",673.287,NA,NA
"1979-09-25",720.685,NA,NA
"1979-09-26",1043.2,NA,NA
"1979-09-27",973.399,NA,NA
"1979-09-28",813.689,NA,NA
"1979-09-29",682.68,NA,NA
"1979-09-30",659.282,NA,NA
"1979-10-01",626.991,NA,NA
"1979-10-02",626.991,NA,NA
"1979-10-03",711.118,NA,NA
"1979-10-04",739.947,NA,NA
"1979-10-05",793.793,NA,NA
"1979-10-06",744.789,NA,NA
"1979-10-07",696.85,NA,NA
"1979-10-08",586.288,NA,NA
"1979-10-09",550.889,NA,NA
"1979-10-10",533.471,NA,NA
"1979-10-11",533.471,NA,NA
"1979-10-12",555.273,NA,NA
"1979-10-13",586.288,NA,NA
"1979-10-14",599.753,NA,NA
"1979-10-15",572.926,NA,NA
"1979-10-16",636.161,NA,NA
"1979-10-17",905.249,NA,NA
"1979-10-18",889.761,NA,NA
"1979-10-19",798.752,NA,NA
"1979-10-20",759.379,NA,NA
"1979-10-21",645.376,NA,NA
"1979-10-22",586.288,NA,NA
"1979-10-23",572.926,NA,NA
"1979-10-24",555.273,NA,NA
"1979-10-25",516.243,NA,NA
"1979-10-26",490.761,NA,NA
"1979-10-27",474.017,NA,NA
"1979-10-28",453.365,NA,NA
"1979-10-29",437.069,NA,NA
"1979-10-30",428.996,NA,NA
"1979-10-31",420.975,NA,NA
"1979-11-01",428.996,NA,NA
"1979-11-02",457.471,NA,NA
"1979-11-03",478.185,NA,NA
"1979-11-04",533.471,NA,NA
"1979-11-05",778.982,NA,NA
"1979-11-06",946.99,NA,NA
"1979-11-07",1070.48,NA,NA
"1979-11-08",889.761,NA,NA
"1979-11-09",920.828,NA,NA
"1979-11-10",910.432,NA,NA
"1979-11-11",823.699,NA,NA
"1979-11-12",889.761,NA,NA
"1979-11-13",1021.55,NA,NA
"1979-11-14",973.399,NA,NA
"1979-11-15",843.842,NA,NA
"1979-11-16",759.379,NA,NA
"1979-11-17",654.635,NA,NA
"1979-11-18",608.787,NA,NA
"1979-11-19",604.264,NA,NA
"1979-11-20",595.253,NA,NA
"1979-11-21",604.264,NA,NA
"1979-11-22",650,NA,NA
"1979-11-23",744.789,NA,NA
"1979-11-24",715.896,NA,NA
"1979-11-25",654.635,NA,NA
"1979-11-26",622.423,NA,NA
"1979-11-27",590.765,NA,NA
"1979-11-28",626.991,NA,NA
"1979-11-29",952.252,NA,NA
"1979-11-30",978.71,NA,NA
"1979-12-01",828.719,NA,NA
"1979-12-02",701.595,NA,NA
"1979-12-03",622.423,NA,NA
"1979-12-04",590.765,NA,NA
"1979-12-05",696.85,NA,NA
"1979-12-06",848.903,NA,NA
"1979-12-07",946.99,NA,NA
"1979-12-08",884.619,NA,NA
"1979-12-09",808.699,NA,NA
"1979-12-10",769.159,NA,NA
"1979-12-11",692.116,NA,NA
"1979-12-12",663.939,NA,NA
"1979-12-13",701.595,NA,NA
"1979-12-14",730.294,NA,NA
"1979-12-15",813.689,NA,NA
"1979-12-16",848.903,NA,NA
"1979-12-17",889.761,NA,NA
"1979-12-18",946.99,NA,NA
"1979-12-19",1010.78,NA,NA
"1979-12-20",994.702,NA,NA
"1979-12-21",931.263,NA,NA
"1979-12-22",936.495,NA,NA
"1979-12-23",994.702,NA,NA
"1979-12-24",1109.06,NA,NA
"1979-12-25",1385.76,NA,NA
"1979-12-26",1544.12,NA,NA
"1979-12-27",1740.34,NA,NA
"1979-12-28",1869.37,NA,NA
"1979-12-29",2027.87,NA,NA
"1979-12-30",2591.24,NA,NA
"1979-12-31",2547.52,NA,NA
"1980-01-01",2635.22,NA,NA
"1980-01-02",2426.53,NA,NA
"1980-01-03",2207.44,NA,NA
"1980-01-04",1995.8,NA,NA
"1980-01-05",1682.56,NA,NA
"1980-01-06",1409.75,NA,NA
"1980-01-07",1262.15,NA,NA
"1980-01-08",1250.59,NA,NA
"1980-01-09",1367.87,NA,NA
"1980-01-10",1550.32,NA,NA
"1980-01-11",1772.72,NA,NA
"1980-01-12",1830.47,NA,NA
"1980-01-13",3136.01,NA,NA
"1980-01-14",3607.61,NA,NA
"1980-01-15",3249.33,NA,NA
"1980-01-16",2626.4,NA,NA
"1980-01-17",2240.67,NA,NA
"1980-01-18",2840.88,NA,NA
"1980-01-19",3897.6,NA,NA
"1980-01-20",4331.5,NA,NA
"1980-01-21",3938.23,NA,NA
"1980-01-22",3836.96,NA,NA
"1980-01-23",3145.4,NA,NA
"1980-01-24",2635.22,NA,NA
"1980-01-25",2392.35,NA,NA
"1980-01-26",2141.52,NA,NA
"1980-01-27",1924.32,NA,NA
"1980-01-28",1766.23,NA,NA
"1980-01-29",1807.26,NA,NA
"1980-01-30",1916.44,NA,NA
"1980-01-31",2100.68,NA,NA
"1980-02-01",2240.67,NA,NA
"1980-02-02",2849.94,NA,NA
"1980-02-03",2822.78,NA,NA
"1980-02-04",2564.98,NA,NA
"1980-02-05",3578.07,NA,NA
"1980-02-06",3470.48,NA,NA
"1980-02-07",2804.72,NA,NA
"1980-02-08",2504.07,NA,NA
"1980-02-09",2556.25,NA,NA
"1980-02-10",2635.22,NA,NA
"1980-02-11",2706.13,NA,NA
"1980-02-12",3607.61,NA,NA
"1980-02-13",5280.68,NA,NA
"1980-02-14",6843.63,NA,NA
"1980-02-15",7459.59,NA,NA
"1980-02-16",8107.29,NA,NA
"1980-02-17",8424.93,NA,NA
"1980-02-18",8424.93,NA,NA
"1980-02-19",8107.29,NA,NA
"1980-02-20",7781.05,NA,NA
"1980-02-21",7459.59,NA,NA
"1980-02-22",6955.35,NA,NA
"1980-02-23",6622.12,NA,NA
"1980-02-24",6103.53,NA,NA
"1980-02-25",5588.61,NA,NA
"1980-02-26",5134.64,NA,NA
"1980-02-27",5224.34,NA,NA
"1980-02-28",5937.95,NA,NA
"1980-02-29",7459.59,NA,NA
"1980-03-01",7130.41,NA,NA
"1980-03-02",6451.63,NA,NA
"1980-03-03",6115.42,NA,NA
"1980-03-04",5588.61,NA,NA
"1980-03-05",5462.41,NA,NA
"1980-03-06",5134.64,NA,NA
"1980-03-07",4836,NA,NA
"1980-03-08",4533.07,NA,NA
"1980-03-09",4258.06,NA,NA
"1980-03-10",4009.67,NA,NA
"1980-03-11",3877.35,NA,NA
"1980-03-12",3836.96,NA,NA
"1980-03-13",3344.85,NA,NA
"1980-03-14",2478.13,NA,NA
"1980-03-15",2299.23,NA,NA
"1980-03-16",2207.44,NA,NA
"1980-03-17",3344.85,NA,NA
"1980-03-18",3816.81,NA,NA
"1980-03-19",3460.76,NA,NA
"1980-03-20",2977.93,NA,NA
"1980-03-21",2504.07,NA,NA
"1980-03-22",2332.94,NA,NA
"1980-03-23",2207.44,NA,NA
"1980-03-24",2092.54,NA,NA
"1980-03-25",1963.92,NA,NA
"1980-03-26",1822.72,NA,NA
"1980-03-27",1766.23,NA,NA
"1980-03-28",1822.72,NA,NA
"1980-03-29",1740.34,NA,NA
"1980-03-30",1676.18,NA,NA
"1980-03-31",1727.44,NA,NA
"1980-04-01",1727.44,NA,NA
"1980-04-02",1733.89,NA,NA
"1980-04-03",1853.77,NA,NA
"1980-04-04",2290.83,NA,NA
"1980-04-05",2608.8,NA,NA
"1980-04-06",2922.83,NA,NA
"1980-04-07",3089.21,NA,NA
"1980-04-08",3079.89,NA,NA
"1980-04-09",2661.73,NA,NA
"1980-04-10",2600.01,NA,NA
"1980-04-11",3578.07,NA,NA
"1980-04-12",3726.64,NA,NA
"1980-04-13",3402.63,NA,NA
"1980-04-14",2886.31,NA,NA
"1980-04-15",2626.4,NA,NA
"1980-04-16",2670.59,NA,NA
"1980-04-17",2804.72,NA,NA
"1980-04-18",3051.96,NA,NA
"1980-04-19",2950.34,NA,NA
"1980-04-20",2426.53,NA,NA
"1980-04-21",2141.52,NA,NA
"1980-04-22",1932.22,NA,NA
"1980-04-23",1877.19,NA,NA
"1980-04-24",1759.75,NA,NA
"1980-04-25",1663.44,NA,NA
"1980-04-26",1593.99,NA,NA
"1980-04-27",1531.73,NA,NA
"1980-04-28",1488.65,NA,NA
"1980-04-29",1488.65,NA,NA
"1980-04-30",1439.92,NA,NA
"1980-05-01",1361.92,NA,NA
"1980-05-02",1332.31,NA,NA
"1980-05-03",1326.42,NA,NA
"1980-05-04",1332.31,NA,NA
"1980-05-05",1308.78,NA,NA
"1980-05-06",1308.78,NA,NA
"1980-05-07",1308.78,NA,NA
"1980-05-08",1291.23,NA,NA
"1980-05-09",1250.59,NA,NA
"1980-05-10",1210.38,NA,NA
"1980-05-11",1187.61,NA,NA
"1980-05-12",1164.98,NA,NA
"1980-05-13",1142.5,NA,NA
"1980-05-14",1120.17,NA,NA
"1980-05-15",1103.52,NA,NA
"1980-05-16",1097.99,NA,NA
"1980-05-17",1081.46,NA,NA
"1980-05-18",1065,NA,NA
"1980-05-19",1048.64,NA,NA
"1980-05-20",1037.77,NA,NA
"1980-05-21",1021.55,NA,NA
"1980-05-22",1032.35,NA,NA
"1980-05-23",1148.11,NA,NA
"1980-05-24",1482.53,NA,NA
"1980-05-25",1482.53,NA,NA
"1980-05-26",1350.05,NA,NA
"1980-05-27",1198.98,NA,NA
"1980-05-28",1125.74,NA,NA
"1980-05-29",1075.96,NA,NA
"1980-05-30",1037.77,NA,NA
"1980-05-31",1000.05,NA,NA
"1980-06-01",989.361,NA,NA
"1980-06-02",973.399,NA,NA
"1980-06-03",957.524,NA,NA
"1980-06-04",941.738,NA,NA
"1980-06-05",926.04,NA,NA
"1980-06-06",915.625,NA,NA
"1980-06-07",910.432,NA,NA
"1980-06-08",894.914,NA,NA
"1980-06-09",884.619,NA,NA
"1980-06-10",869.251,NA,NA
"1980-06-11",859.057,NA,NA
"1980-06-12",848.903,NA,NA
"1980-06-13",838.791,NA,NA
"1980-06-14",833.75,NA,NA
"1980-06-15",823.699,NA,NA
"1980-06-16",818.688,NA,NA
"1980-06-17",808.699,NA,NA
"1980-06-18",813.689,NA,NA
"1980-06-19",808.699,NA,NA
"1980-06-20",798.752,NA,NA
"1980-06-21",788.846,NA,NA
"1980-06-22",778.982,NA,NA
"1980-06-23",769.159,NA,NA
"1980-06-24",764.264,NA,NA
"1980-06-25",759.379,NA,NA
"1980-06-26",754.505,NA,NA
"1980-06-27",774.065,NA,NA
"1980-06-28",788.846,NA,NA
"1980-06-29",946.99,NA,NA
"1980-06-30",1125.74,NA,NA
"1980-07-01",1065,NA,NA
"1980-07-02",915.625,NA,NA
"1980-07-03",838.791,NA,NA
"1980-07-04",793.793,NA,NA
"1980-07-05",769.159,NA,NA
"1980-07-06",754.505,NA,NA
"1980-07-07",739.947,NA,NA
"1980-07-08",720.685,NA,NA
"1980-07-09",696.85,NA,NA
"1980-07-10",682.68,NA,NA
"1980-07-11",673.287,NA,NA
"1980-07-12",668.608,NA,NA
"1980-07-13",663.939,NA,NA
"1980-07-14",659.282,NA,NA
"1980-07-15",659.282,NA,NA
"1980-07-16",650,NA,NA
"1980-07-17",645.376,NA,NA
"1980-07-18",640.763,NA,NA
"1980-07-19",626.991,NA,NA
"1980-07-20",622.423,NA,NA
"1980-07-21",617.867,NA,NA
"1980-07-22",608.787,NA,NA
"1980-07-23",604.264,NA,NA
"1980-07-24",604.264,NA,NA
"1980-07-25",604.264,NA,NA
"1980-07-26",599.753,NA,NA
"1980-07-27",599.753,NA,NA
"1980-07-28",595.253,NA,NA
"1980-07-29",590.765,NA,NA
"1980-07-30",581.822,NA,NA
"1980-07-31",572.926,NA,NA
"1980-08-01",564.076,NA,NA
"1980-08-02",555.273,NA,NA
"1980-08-03",555.273,NA,NA
"1980-08-04",546.517,NA,NA
"1980-08-05",537.808,NA,NA
"1980-08-06",524.833,NA,NA
"1980-08-07",516.243,NA,NA
"1980-08-08",507.701,NA,NA
"1980-08-09",507.701,NA,NA
"1980-08-10",499.207,NA,NA
"1980-08-11",494.978,NA,NA
"1980-08-12",490.761,NA,NA
"1980-08-13",486.557,NA,NA
"1980-08-14",478.185,NA,NA
"1980-08-15",474.017,NA,NA
"1980-08-16",469.862,NA,NA
"1980-08-17",465.719,NA,NA
"1980-08-18",461.589,NA,NA
"1980-08-19",457.471,NA,NA
"1980-08-20",453.365,NA,NA
"1980-08-21",449.272,NA,NA
"1980-08-22",445.192,NA,NA
"1980-08-23",445.192,NA,NA
"1980-08-24",441.124,NA,NA
"1980-08-25",437.069,NA,NA
"1980-08-26",433.026,NA,NA
"1980-08-27",449.272,NA,NA
"1980-08-28",449.272,NA,NA
"1980-08-29",449.272,NA,NA
"1980-08-30",445.192,NA,NA
"1980-08-31",445.192,NA,NA
"1980-09-01",437.069,NA,NA
"1980-09-02",424.979,NA,NA
"1980-09-03",413.004,NA,NA
"1980-09-04",405.086,NA,NA
"1980-09-05",401.146,NA,NA
"1980-09-06",393.306,NA,NA
"1980-09-07",393.306,NA,NA
"1980-09-08",393.306,NA,NA
"1980-09-09",393.306,NA,NA
"1980-09-10",389.405,NA,NA
"1980-09-11",385.517,NA,NA
"1980-09-12",389.405,NA,NA
"1980-09-13",397.219,NA,NA
"1980-09-14",445.192,NA,NA
"1980-09-15",420.975,NA,NA
"1980-09-16",413.004,NA,NA
"1980-09-17",405.086,NA,NA
"1980-09-18",424.979,NA,NA
"1980-09-19",465.719,NA,NA
"1980-09-20",555.273,NA,NA
"1980-09-21",542.156,NA,NA
"1980-09-22",490.761,NA,NA
"1980-09-23",486.557,NA,NA
"1980-09-24",631.571,NA,NA
"1980-09-25",659.282,NA,NA
"1980-09-26",577.368,NA,NA
"1980-09-27",503.448,NA,NA
"1980-09-28",465.719,NA,NA
"1980-09-29",424.979,NA,NA
"1980-09-30",401.146,NA,NA
"1980-10-01",393.306,NA,NA
"1980-10-02",420.975,NA,NA
"1980-10-03",428.996,NA,NA
"1980-10-04",428.996,NA,NA
"1980-10-05",413.004,NA,NA
"1980-10-06",397.219,NA,NA
"1980-10-07",377.782,NA,NA
"1980-10-08",358.677,NA,NA
"1980-10-09",347.376,NA,NA
"1980-10-10",336.197,NA,NA
"1980-10-11",332.499,NA,NA
"1980-10-12",328.814,NA,NA
"1980-10-13",332.499,NA,NA
"1980-10-14",343.636,NA,NA
"1980-10-15",370.1,NA,NA
"1980-10-16",405.086,NA,NA
"1980-10-17",449.272,NA,NA
"1980-10-18",445.192,NA,NA
"1980-10-19",409.039,NA,NA
"1980-10-20",401.146,NA,NA
"1980-10-21",373.934,NA,NA
"1980-10-22",343.636,NA,NA
"1980-10-23",332.499,NA,NA
"1980-10-24",325.143,NA,NA
"1980-10-25",317.843,NA,NA
"1980-10-26",310.599,NA,NA
"1980-10-27",303.412,NA,NA
"1980-10-28",332.499,NA,NA
"1980-10-29",381.643,NA,NA
"1980-10-30",358.677,NA,NA
"1980-10-31",325.143,NA,NA
"1980-11-01",306.999,NA,NA
"1980-11-02",289.21,NA,NA
"1980-11-03",317.843,NA,NA
"1980-11-04",445.192,NA,NA
"1980-11-05",595.253,NA,NA
"1980-11-06",604.264,NA,NA
"1980-11-07",626.991,NA,NA
"1980-11-08",668.608,NA,NA
"1980-11-09",754.505,NA,NA
"1980-11-10",1010.78,NA,NA
"1980-11-11",1256.36,NA,NA
"1980-11-12",1367.87,NA,NA
"1980-11-13",1279.57,NA,NA
"1980-11-14",1187.61,NA,NA
"1980-11-15",1114.61,NA,NA
"1980-11-16",968.097,NA,NA
"1980-11-17",828.719,NA,NA
"1980-11-18",725.484,NA,NA
"1980-11-19",663.939,NA,NA
"1980-11-20",608.787,NA,NA
"1980-11-21",564.076,NA,NA
"1980-11-22",568.495,NA,NA
"1980-11-23",696.85,NA,NA
"1980-11-24",984.031,NA,NA
"1980-11-25",1032.35,NA,NA
"1980-11-26",946.99,NA,NA
"1980-11-27",941.738,NA,NA
"1980-11-28",1086.96,NA,NA
"1980-11-29",1092.47,NA,NA
"1980-11-30",1059.54,NA,NA
"1980-12-01",1125.74,NA,NA
"1980-12-02",1355.98,NA,NA
"1980-12-03",1892.85,NA,NA
"1980-12-04",2375.32,NA,NA
"1980-12-05",2582.48,NA,NA
"1980-12-06",2504.07,NA,NA
"1980-12-07",2257.34,NA,NA
"1980-12-08",2060.12,NA,NA
"1980-12-09",1979.84,NA,NA
"1980-12-10",2043.97,NA,NA
"1980-12-11",2092.54,NA,NA
"1980-12-12",2116.98,NA,NA
"1980-12-13",1971.88,NA,NA
"1980-12-14",1924.32,NA,NA
"1980-12-15",1955.98,NA,NA
"1980-12-16",2043.97,NA,NA
"1980-12-17",2240.67,NA,NA
"1980-12-18",2383.83,NA,NA
"1980-12-19",2486.77,NA,NA
"1980-12-20",2608.8,NA,NA
"1980-12-21",2777.71,NA,NA
"1980-12-22",2931.99,NA,NA
"1980-12-23",3079.89,NA,NA
"1980-12-24",3136.01,NA,NA
"1980-12-25",3136.01,NA,NA
"1980-12-26",3098.55,NA,NA
"1980-12-27",2968.72,NA,NA
"1980-12-28",2786.7,NA,NA
"1980-12-29",2697.23,NA,NA
"1980-12-30",2759.75,NA,NA
"1980-12-31",2804.72,NA,NA
"1981-01-01",2795.7,NA,NA
"1981-01-02",2904.55,NA,NA
"1981-01-03",2977.93,NA,NA
"1981-01-04",3070.57,NA,NA
"1981-01-05",3201.94,NA,NA
"1981-01-06",3383.33,NA,NA
"1981-01-07",3587.91,NA,NA
"1981-01-08",3696.76,NA,NA
"1981-01-09",3607.61,NA,NA
"1981-01-10",3287.42,NA,NA
"1981-01-11",2868.1,NA,NA
"1981-01-12",2573.72,NA,NA
"1981-01-13",2478.13,NA,NA
"1981-01-14",2759.75,NA,NA
"1981-01-15",2941.16,NA,NA
"1981-01-16",3033.39,NA,NA
"1981-01-17",3089.21,NA,NA
"1981-01-18",3070.57,NA,NA
"1981-01-19",3070.57,NA,NA
"1981-01-20",3079.89,NA,NA
"1981-01-21",2877.2,NA,NA
"1981-01-22",2644.05,NA,NA
"1981-01-23",2486.77,NA,NA
"1981-01-24",2732.89,NA,NA
"1981-01-25",2922.83,NA,NA
"1981-01-26",3033.39,NA,NA
"1981-01-27",3079.89,NA,NA
"1981-01-28",3061.26,NA,NA
"1981-01-29",2913.69,NA,NA
"1981-01-30",2840.88,NA,NA
"1981-01-31",2913.69,NA,NA
"1981-02-01",3014.86,NA,NA
"1981-02-02",3051.96,NA,NA
"1981-02-03",2913.69,NA,NA
"1981-02-04",2768.72,NA,NA
"1981-02-05",2564.98,NA,NA
"1981-02-06",2375.32,NA,NA
"1981-02-07",2190.89,NA,NA
"1981-02-08",2141.52,NA,NA
"1981-02-09",2011.81,NA,NA
"1981-02-10",1869.37,NA,NA
"1981-02-11",1900.7,NA,NA
"1981-02-12",1908.57,NA,NA
"1981-02-13",1995.8,NA,NA
"1981-02-14",2084.42,NA,NA
"1981-02-15",2125.15,NA,NA
"1981-02-16",2043.97,NA,NA
"1981-02-17",1877.19,NA,NA
"1981-02-18",1746.8,NA,NA
"1981-02-19",1676.18,NA,NA
"1981-02-20",1625.44,NA,NA
"1981-02-21",1575.23,NA,NA
"1981-02-22",1519.38,NA,NA
"1981-02-23",1500.92,NA,NA
"1981-02-24",1488.65,NA,NA
"1981-02-25",1822.72,NA,NA
"1981-02-26",1892.85,NA,NA
"1981-02-27",1721.01,NA,NA
"1981-02-28",1638.07,NA,NA
"1981-03-01",1488.65,NA,NA
"1981-03-02",1421.79,NA,NA
"1981-03-03",1361.92,NA,NA
"1981-03-04",1397.74,NA,NA
"1981-03-05",1350.05,NA,NA
"1981-03-06",1314.65,NA,NA
"1981-03-07",1302.92,NA,NA
"1981-03-08",1379.79,NA,NA
"1981-03-09",1326.42,NA,NA
"1981-03-10",1433.87,NA,NA
"1981-03-11",1562.76,NA,NA
"1981-03-12",1746.8,NA,NA
"1981-03-13",1932.22,NA,NA
"1981-03-14",1948.05,NA,NA
"1981-03-15",1838.22,NA,NA
"1981-03-16",1740.34,NA,NA
"1981-03-17",1814.99,NA,NA
"1981-03-18",1908.57,NA,NA
"1981-03-19",1830.47,NA,NA
"1981-03-20",1766.23,NA,NA
"1981-03-21",1892.85,NA,NA
"1981-03-22",2299.23,NA,NA
"1981-03-23",2723.96,NA,NA
"1981-03-24",2941.16,NA,NA
"1981-03-25",3136.01,NA,NA
"1981-03-26",3441.35,NA,NA
"1981-03-27",3826.88,NA,NA
"1981-03-28",4153.92,NA,NA
"1981-03-29",4320.98,NA,NA
"1981-03-30",4426.57,NA,NA
"1981-03-31",4694.49,NA,NA
"1981-04-01",5101.15,NA,NA
"1981-04-02",5382.64,NA,NA
"1981-04-03",5473.84,NA,NA
"1981-04-04",5235.59,NA,NA
"1981-04-05",4923.82,NA,NA
"1981-04-06",4501.03,NA,NA
"1981-04-07",4071.27,NA,NA
"1981-04-08",3548.61,NA,NA
"1981-04-09",3145.4,NA,NA
"1981-04-10",2786.7,NA,NA
"1981-04-11",2495.41,NA,NA
"1981-04-12",2274.07,NA,NA
"1981-04-13",2092.54,NA,NA
"1981-04-14",1955.98,NA,NA
"1981-04-15",1845.99,NA,NA
"1981-04-16",1753.27,NA,NA
"1981-04-17",1746.8,NA,NA
"1981-04-18",1861.57,NA,NA
"1981-04-19",1916.44,NA,NA
"1981-04-20",1772.72,NA,NA
"1981-04-21",1644.4,NA,NA
"1981-04-22",1550.32,NA,NA
"1981-04-23",1482.53,NA,NA
"1981-04-24",1433.87,NA,NA
"1981-04-25",1409.75,NA,NA
"1981-04-26",1379.79,NA,NA
"1981-04-27",1344.13,NA,NA
"1981-04-28",1332.31,NA,NA
"1981-04-29",1314.65,NA,NA
"1981-04-30",1285.4,NA,NA
"1981-05-01",1403.74,NA,NA
"1981-05-02",1544.12,NA,NA
"1981-05-03",1519.38,NA,NA
"1981-05-04",1367.87,NA,NA
"1981-05-05",1297.07,NA,NA
"1981-05-06",1297.07,NA,NA
"1981-05-07",1314.65,NA,NA
"1981-05-08",1332.31,NA,NA
"1981-05-09",1256.36,NA,NA
"1981-05-10",1193.29,NA,NA
"1981-05-11",1164.98,NA,NA
"1981-05-12",1125.74,NA,NA
"1981-05-13",1114.61,NA,NA
"1981-05-14",1103.52,NA,NA
"1981-05-15",1081.46,NA,NA
"1981-05-16",1070.48,NA,NA
"1981-05-17",1054.08,NA,NA
"1981-05-18",1032.35,NA,NA
"1981-05-19",1010.78,NA,NA
"1981-05-20",994.702,NA,NA
"1981-05-21",973.399,NA,NA
"1981-05-22",957.524,NA,NA
"1981-05-23",946.99,NA,NA
"1981-05-24",931.263,NA,NA
"1981-05-25",915.625,NA,NA
"1981-05-26",905.249,NA,NA
"1981-05-27",894.914,NA,NA
"1981-05-28",884.619,NA,NA
"1981-05-29",879.486,NA,NA
"1981-05-30",869.251,NA,NA
"1981-05-31",864.149,NA,NA
"1981-06-01",848.903,NA,NA
"1981-06-02",843.842,NA,NA
"1981-06-03",828.719,NA,NA
"1981-06-04",818.688,NA,NA
"1981-06-05",808.699,NA,NA
"1981-06-06",803.72,NA,NA
"1981-06-07",843.842,NA,NA
"1981-06-08",905.249,NA,NA
"1981-06-09",936.495,NA,NA
"1981-06-10",1059.54,NA,NA
"1981-06-11",1075.96,NA,NA
"1981-06-12",973.399,NA,NA
"1981-06-13",889.761,NA,NA
"1981-06-14",848.903,NA,NA
"1981-06-15",823.699,NA,NA
"1981-06-16",808.699,NA,NA
"1981-06-17",798.752,NA,NA
"1981-06-18",788.846,NA,NA
"1981-06-19",783.908,NA,NA
"1981-06-20",783.908,NA,NA
"1981-06-21",793.793,NA,NA
"1981-06-22",808.699,NA,NA
"1981-06-23",798.752,NA,NA
"1981-06-24",769.159,NA,NA
"1981-06-25",749.642,NA,NA
"1981-06-26",735.115,NA,NA
"1981-06-27",725.484,NA,NA
"1981-06-28",711.118,NA,NA
"1981-06-29",701.595,NA,NA
"1981-06-30",696.85,NA,NA
"1981-07-01",682.68,NA,NA
"1981-07-02",673.287,NA,NA
"1981-07-03",668.608,NA,NA
"1981-07-04",663.939,NA,NA
"1981-07-05",659.282,NA,NA
"1981-07-06",640.763,NA,NA
"1981-07-07",636.161,NA,NA
"1981-07-08",636.161,NA,NA
"1981-07-09",640.763,NA,NA
"1981-07-10",668.608,NA,NA
"1981-07-11",687.392,NA,NA
"1981-07-12",645.376,NA,NA
"1981-07-13",622.423,NA,NA
"1981-07-14",613.321,NA,NA
"1981-07-15",604.264,NA,NA
"1981-07-16",599.753,NA,NA
"1981-07-17",586.288,NA,NA
"1981-07-18",577.368,NA,NA
"1981-07-19",572.926,NA,NA
"1981-07-20",564.076,NA,NA
"1981-07-21",555.273,NA,NA
"1981-07-22",550.889,NA,NA
"1981-07-23",550.889,NA,NA
"1981-07-24",546.517,NA,NA
"1981-07-25",542.156,NA,NA
"1981-07-26",537.808,NA,NA
"1981-07-27",533.471,NA,NA
"1981-07-28",529.146,NA,NA
"1981-07-29",524.833,NA,NA
"1981-07-30",520.532,NA,NA
"1981-07-31",520.532,NA,NA
"1981-08-01",516.243,NA,NA
"1981-08-02",511.966,NA,NA
"1981-08-03",507.701,NA,NA
"1981-08-04",507.701,NA,NA
"1981-08-05",490.761,NA,NA
"1981-08-06",486.557,NA,NA
"1981-08-07",482.365,NA,NA
"1981-08-08",478.185,NA,NA
"1981-08-09",474.017,NA,NA
"1981-08-10",469.862,NA,NA
"1981-08-11",465.719,NA,NA
"1981-08-12",461.589,NA,NA
"1981-08-13",457.471,NA,NA
"1981-08-14",449.272,NA,NA
"1981-08-15",445.192,NA,NA
"1981-08-16",445.192,NA,NA
"1981-08-17",441.124,NA,NA
"1981-08-18",437.069,NA,NA
"1981-08-19",433.026,NA,NA
"1981-08-20",424.979,NA,NA
"1981-08-21",433.026,NA,NA
"1981-08-22",437.069,NA,NA
"1981-08-23",424.979,NA,NA
"1981-08-24",416.983,NA,NA
"1981-08-25",413.004,NA,NA
"1981-08-26",405.086,NA,NA
"1981-08-27",401.146,NA,NA
"1981-08-28",397.219,NA,NA
"1981-08-29",393.306,NA,NA
"1981-08-30",393.306,NA,NA
"1981-08-31",389.405,NA,NA
"1981-09-01",385.517,NA,NA
"1981-09-02",385.517,NA,NA
"1981-09-03",381.643,NA,NA
"1981-09-04",377.782,NA,NA
"1981-09-05",366.279,NA,NA
"1981-09-06",366.279,NA,NA
"1981-09-07",362.471,NA,NA
"1981-09-08",362.471,NA,NA
"1981-09-09",362.471,NA,NA
"1981-09-10",362.471,NA,NA
"1981-09-11",362.471,NA,NA
"1981-09-12",358.677,NA,NA
"1981-09-13",354.897,NA,NA
"1981-09-14",354.897,NA,NA
"1981-09-15",351.129,NA,NA
"1981-09-16",347.376,NA,NA
"1981-09-17",343.636,NA,NA
"1981-09-18",343.636,NA,NA
"1981-09-19",336.197,NA,NA
"1981-09-20",336.197,NA,NA
"1981-09-21",336.197,NA,NA
"1981-09-22",336.197,NA,NA
"1981-09-23",336.197,NA,NA
"1981-09-24",336.197,NA,NA
"1981-09-25",332.499,NA,NA
"1981-09-26",328.814,NA,NA
"1981-09-27",325.143,NA,NA
"1981-09-28",321.486,NA,NA
"1981-09-29",321.486,NA,NA
"1981-09-30",317.843,NA,NA
"1981-10-01",321.486,NA,NA
"1981-10-02",328.814,NA,NA
"1981-10-03",347.376,NA,NA
"1981-10-04",370.1,NA,NA
"1981-10-05",381.643,NA,NA
"1981-10-06",420.975,NA,NA
"1981-10-07",486.557,NA,NA
"1981-10-08",529.146,NA,NA
"1981-10-09",507.701,NA,NA
"1981-10-10",453.365,NA,NA
"1981-10-11",449.272,NA,NA
"1981-10-12",478.185,NA,NA
"1981-10-13",595.253,NA,NA
"1981-10-14",711.118,NA,NA
"1981-10-15",764.264,NA,NA
"1981-10-16",884.619,NA,NA
"1981-10-17",973.399,NA,NA
"1981-10-18",884.619,NA,NA
"1981-10-19",823.699,NA,NA
"1981-10-20",869.251,NA,NA
"1981-10-21",864.149,NA,NA
"1981-10-22",725.484,NA,NA
"1981-10-23",701.595,NA,NA
"1981-10-24",774.065,NA,NA
"1981-10-25",798.752,NA,NA
"1981-10-26",692.116,NA,NA
"1981-10-27",613.321,NA,NA
"1981-10-28",590.765,NA,NA
"1981-10-29",542.156,NA,NA
"1981-10-30",529.146,NA,NA
"1981-10-31",631.571,NA,NA
"1981-11-01",754.505,NA,NA
"1981-11-02",879.486,NA,NA
"1981-11-03",957.524,NA,NA
"1981-11-04",915.625,NA,NA
"1981-11-05",968.097,NA,NA
"1981-11-06",1081.46,NA,NA
"1981-11-07",1131.32,NA,NA
"1981-11-08",978.71,NA,NA
"1981-11-09",915.625,NA,NA
"1981-11-10",931.263,NA,NA
"1981-11-11",1302.92,NA,NA
"1981-11-12",1445.98,NA,NA
"1981-11-13",1676.18,NA,NA
"1981-11-14",1721.01,NA,NA
"1981-11-15",1708.16,NA,NA
"1981-11-16",1746.8,NA,NA
"1981-11-17",2290.83,NA,NA
"1981-11-18",2617.6,NA,NA
"1981-11-19",2759.75,NA,NA
"1981-11-20",3287.42,NA,NA
"1981-11-21",2538.81,NA,NA
"1981-11-22",2715.04,NA,NA
"1981-11-23",2849.94,NA,NA
"1981-11-24",2987.15,NA,NA
"1981-11-25",2977.93,NA,NA
"1981-11-26",2626.4,NA,NA
"1981-11-27",2265.7,NA,NA
"1981-11-28",2133.33,NA,NA
"1981-11-29",1924.32,NA,NA
"1981-11-30",1676.18,NA,NA
"1981-12-01",1488.65,NA,NA
"1981-12-02",1593.99,NA,NA
"1981-12-03",1638.07,NA,NA
"1981-12-04",1779.22,NA,NA
"1981-12-05",1908.57,NA,NA
"1981-12-06",2108.82,NA,NA
"1981-12-07",2199.16,NA,NA
"1981-12-08",2076.31,NA,NA
"1981-12-09",1785.73,NA,NA
"1981-12-10",1727.44,NA,NA
"1981-12-11",1644.4,NA,NA
"1981-12-12",1759.75,NA,NA
"1981-12-13",1807.26,NA,NA
"1981-12-14",1727.44,NA,NA
"1981-12-15",2043.97,NA,NA
"1981-12-16",2149.72,NA,NA
"1981-12-17",2003.8,NA,NA
"1981-12-18",1948.05,NA,NA
"1981-12-19",2141.52,NA,NA
"1981-12-20",2443.69,NA,NA
"1981-12-21",2530.11,NA,NA
"1981-12-22",2349.86,NA,NA
"1981-12-23",2084.42,NA,NA
"1981-12-24",1822.72,NA,NA
"1981-12-25",1682.56,NA,NA
"1981-12-26",1631.75,NA,NA
"1981-12-27",1644.4,NA,NA
"1981-12-28",1482.53,NA,NA
"1981-12-29",1320.53,NA,NA
"1981-12-30",1273.76,NA,NA
"1981-12-31",1302.92,NA,NA
"1982-01-01",1688.94,NA,NA
"1982-01-02",2108.82,NA,NA
"1982-01-03",2600.01,NA,NA
"1982-01-04",2822.78,NA,NA
"1982-01-05",2977.93,NA,NA
"1982-01-06",3211.4,NA,NA
"1982-01-07",3412.29,NA,NA
"1982-01-08",3538.81,NA,NA
"1982-01-09",3538.81,NA,NA
"1982-01-10",3499.71,NA,NA
"1982-01-11",3470.48,NA,NA
"1982-01-12",3451.05,NA,NA
"1982-01-13",3607.61,NA,NA
"1982-01-14",3617.48,NA,NA
"1982-01-15",3686.81,NA,NA
"1982-01-16",3877.35,NA,NA
"1982-01-17",4102.19,NA,NA
"1982-01-18",4081.57,NA,NA
"1982-01-19",3948.4,NA,NA
"1982-01-20",3867.24,NA,NA
"1982-01-21",3806.76,NA,NA
"1982-01-22",3716.67,NA,NA
"1982-01-23",3676.88,NA,NA
"1982-01-24",3657.04,NA,NA
"1982-01-25",3716.67,NA,NA
"1982-01-26",3867.24,NA,NA
"1982-01-27",4009.67,NA,NA
"1982-01-28",4060.98,NA,NA
"1982-01-29",4019.91,NA,NA
"1982-01-30",3978.99,NA,NA
"1982-01-31",4040.43,NA,NA
"1982-02-01",4174.67,NA,NA
"1982-02-02",4384.23,NA,NA
"1982-02-03",4640.46,NA,NA
"1982-02-04",4912.82,NA,NA
"1982-02-05",4979,NA,NA
"1982-02-06",4879.84,NA,NA
"1982-02-07",4705.32,NA,NA
"1982-02-08",4543.77,NA,NA
"1982-02-09",4405.38,NA,NA
"1982-02-10",4268.52,NA,NA
"1982-02-11",4153.92,NA,NA
"1982-02-12",4019.91,NA,NA
"1982-02-13",3867.24,NA,NA
"1982-02-14",3696.76,NA,NA
"1982-02-15",3529.02,NA,NA
"1982-02-16",3296.97,NA,NA
"1982-02-17",3079.89,NA,NA
"1982-02-18",2859.02,NA,NA
"1982-02-19",2723.96,NA,NA
"1982-02-20",2564.98,NA,NA
"1982-02-21",2426.53,NA,NA
"1982-02-22",2232.34,NA,NA
"1982-02-23",2108.82,NA,NA
"1982-02-24",2027.87,NA,NA
"1982-02-25",2092.54,NA,NA
"1982-02-26",2199.16,NA,NA
"1982-02-27",2316.07,NA,NA
"1982-02-28",2409.42,NA,NA
"1982-03-01",2452.28,NA,NA
"1982-03-02",2392.35,NA,NA
"1982-03-03",2341.4,NA,NA
"1982-03-04",2316.07,NA,NA
"1982-03-05",2679.46,NA,NA
"1982-03-06",2959.52,NA,NA
"1982-03-07",3107.9,NA,NA
"1982-03-08",3306.52,NA,NA
"1982-03-09",3548.61,NA,NA
"1982-03-10",3897.6,NA,NA
"1982-03-11",4373.66,NA,NA
"1982-03-12",4737.87,NA,NA
"1982-03-13",4945.87,NA,NA
"1982-03-14",5012.21,NA,NA
"1982-03-15",4846.95,NA,NA
"1982-03-16",4945.87,NA,NA
"1982-03-17",4575.92,NA,NA
"1982-03-18",4268.52,NA,NA
"1982-03-19",3928.06,NA,NA
"1982-03-20",3607.61,NA,NA
"1982-03-21",3306.52,NA,NA
"1982-03-22",3173.62,NA,NA
"1982-03-23",3192.49,NA,NA
"1982-03-24",3230.34,NA,NA
"1982-03-25",3277.88,NA,NA
"1982-03-26",3325.67,NA,NA
"1982-03-27",3354.45,NA,NA
"1982-03-28",3392.98,NA,NA
"1982-03-29",3470.48,NA,NA
"1982-03-30",3627.36,NA,NA
"1982-03-31",3857.13,NA,NA
"1982-04-01",3948.4,NA,NA
"1982-04-02",3917.9,NA,NA
"1982-04-03",3907.75,NA,NA
"1982-04-04",3948.4,NA,NA
"1982-04-05",3897.6,NA,NA
"1982-04-06",3836.96,NA,NA
"1982-04-07",3726.64,NA,NA
"1982-04-08",3499.71,NA,NA
"1982-04-09",2822.78,NA,NA
"1982-04-10",2486.77,NA,NA
"1982-04-11",2358.34,NA,NA
"1982-04-12",2232.34,NA,NA
"1982-04-13",2141.52,NA,NA
"1982-04-14",2116.98,NA,NA
"1982-04-15",2366.82,NA,NA
"1982-04-16",2759.75,NA,NA
"1982-04-17",2968.72,NA,NA
"1982-04-18",3164.2,NA,NA
"1982-04-19",3258.84,NA,NA
"1982-04-20",3211.4,NA,NA
"1982-04-21",3070.57,NA,NA
"1982-04-22",2950.34,NA,NA
"1982-04-23",2859.02,NA,NA
"1982-04-24",2886.31,NA,NA
"1982-04-25",2877.2,NA,NA
"1982-04-26",2547.52,NA,NA
"1982-04-27",2341.4,NA,NA
"1982-04-28",2116.98,NA,NA
"1982-04-29",1963.92,NA,NA
"1982-04-30",1853.77,NA,NA
"1982-05-01",1766.23,NA,NA
"1982-05-02",1688.94,NA,NA
"1982-05-03",1638.07,NA,NA
"1982-05-04",1587.73,NA,NA
"1982-05-05",1544.12,NA,NA
"1982-05-06",1507.06,NA,NA
"1982-05-07",1476.42,NA,NA
"1982-05-08",1445.98,NA,NA
"1982-05-09",1421.79,NA,NA
"1982-05-10",1403.74,NA,NA
"1982-05-11",1379.79,NA,NA
"1982-05-12",1355.98,NA,NA
"1982-05-13",1332.31,NA,NA
"1982-05-14",1308.78,NA,NA
"1982-05-15",1297.07,NA,NA
"1982-05-16",1279.57,NA,NA
"1982-05-17",1256.36,NA,NA
"1982-05-18",1233.3,NA,NA
"1982-05-19",1221.82,NA,NA
"1982-05-20",1210.38,NA,NA
"1982-05-21",1210.38,NA,NA
"1982-05-22",1267.95,NA,NA
"1982-05-23",1379.79,NA,NA
"1982-05-24",1439.92,NA,NA
"1982-05-25",1470.31,NA,NA
"1982-05-26",1452.05,NA,NA
"1982-05-27",1979.84,NA,NA
"1982-05-28",2100.68,NA,NA
"1982-05-29",1924.32,NA,NA
"1982-05-30",1785.73,NA,NA
"1982-05-31",1695.34,NA,NA
"1982-06-01",1575.23,NA,NA
"1982-06-02",1494.78,NA,NA
"1982-06-03",1439.92,NA,NA
"1982-06-04",1409.75,NA,NA
"1982-06-05",1355.98,NA,NA
"1982-06-06",1314.65,NA,NA
"1982-06-07",1273.76,NA,NA
"1982-06-08",1239.05,NA,NA
"1982-06-09",1221.82,NA,NA
"1982-06-10",1187.61,NA,NA
"1982-06-11",1164.98,NA,NA
"1982-06-12",1131.32,NA,NA
"1982-06-13",1109.06,NA,NA
"1982-06-14",1097.99,NA,NA
"1982-06-15",1081.46,NA,NA
"1982-06-16",1070.48,NA,NA
"1982-06-17",1054.08,NA,NA
"1982-06-18",1032.35,NA,NA
"1982-06-19",1021.55,NA,NA
"1982-06-20",1016.16,NA,NA
"1982-06-21",1016.16,NA,NA
"1982-06-22",1000.05,NA,NA
"1982-06-23",978.71,NA,NA
"1982-06-24",962.806,NA,NA
"1982-06-25",957.524,NA,NA
"1982-06-26",952.252,NA,NA
"1982-06-27",946.99,NA,NA
"1982-06-28",941.738,NA,NA
"1982-06-29",946.99,NA,NA
"1982-06-30",946.99,NA,NA
"1982-07-01",931.263,NA,NA
"1982-07-02",915.625,NA,NA
"1982-07-03",905.249,NA,NA
"1982-07-04",915.625,NA,NA
"1982-07-05",900.077,NA,NA
"1982-07-06",884.619,NA,NA
"1982-07-07",853.975,NA,NA
"1982-07-08",843.842,NA,NA
"1982-07-09",833.75,NA,NA
"1982-07-10",823.699,NA,NA
"1982-07-11",818.688,NA,NA
"1982-07-12",803.72,NA,NA
"1982-07-13",798.752,NA,NA
"1982-07-14",793.793,NA,NA
"1982-07-15",788.846,NA,NA
"1982-07-16",778.982,NA,NA
"1982-07-17",769.159,NA,NA
"1982-07-18",764.264,NA,NA
"1982-07-19",769.159,NA,NA
"1982-07-20",778.982,NA,NA
"1982-07-21",769.159,NA,NA
"1982-07-22",754.505,NA,NA
"1982-07-23",749.642,NA,NA
"1982-07-24",739.947,NA,NA
"1982-07-25",725.484,NA,NA
"1982-07-26",711.118,NA,NA
"1982-07-27",701.595,NA,NA
"1982-07-28",692.116,NA,NA
"1982-07-29",682.68,NA,NA
"1982-07-30",673.287,NA,NA
"1982-07-31",663.939,NA,NA
"1982-08-01",663.939,NA,NA
"1982-08-02",659.282,NA,NA
"1982-08-03",654.635,NA,NA
"1982-08-04",645.376,NA,NA
"1982-08-05",640.763,NA,NA
"1982-08-06",636.161,NA,NA
"1982-08-07",631.571,NA,NA
"1982-08-08",650,NA,NA
"1982-08-09",663.939,NA,NA
"1982-08-10",696.85,NA,NA
"1982-08-11",730.294,NA,NA
"1982-08-12",749.642,NA,NA
"1982-08-13",692.116,NA,NA
"1982-08-14",659.282,NA,NA
"1982-08-15",650,NA,NA
"1982-08-16",640.763,NA,NA
"1982-08-17",626.991,NA,NA
"1982-08-18",617.867,NA,NA
"1982-08-19",608.787,NA,NA
"1982-08-20",599.753,NA,NA
"1982-08-21",586.288,NA,NA
"1982-08-22",577.368,NA,NA
"1982-08-23",581.822,NA,NA
"1982-08-24",577.368,NA,NA
"1982-08-25",586.288,NA,NA
"1982-08-26",617.867,NA,NA
"1982-08-27",659.282,NA,NA
"1982-08-28",654.635,NA,NA
"1982-08-29",682.68,NA,NA
"1982-08-30",682.68,NA,NA
"1982-08-31",659.282,NA,NA
"1982-09-01",626.991,NA,NA
"1982-09-02",608.787,NA,NA
"1982-09-03",581.822,NA,NA
"1982-09-04",595.253,NA,NA
"1982-09-05",604.264,NA,NA
"1982-09-06",617.867,NA,NA
"1982-09-07",645.376,NA,NA
"1982-09-08",640.763,NA,NA
"1982-09-09",622.423,NA,NA
"1982-09-10",617.867,NA,NA
"1982-09-11",608.787,NA,NA
"1982-09-12",590.765,NA,NA
"1982-09-13",581.822,NA,NA
"1982-09-14",568.495,NA,NA
"1982-09-15",572.926,NA,NA
"1982-09-16",613.321,NA,NA
"1982-09-17",1005.41,NA,NA
"1982-09-18",1170.63,NA,NA
"1982-09-19",1037.77,NA,NA
"1982-09-20",884.619,NA,NA
"1982-09-21",778.982,NA,NA
"1982-09-22",744.789,NA,NA
"1982-09-23",711.118,NA,NA
"1982-09-24",668.608,NA,NA
"1982-09-25",663.939,NA,NA
"1982-09-26",778.982,NA,NA
"1982-09-27",889.761,NA,NA
"1982-09-28",894.914,NA,NA
"1982-09-29",874.364,NA,NA
"1982-09-30",879.486,NA,NA
"1982-10-01",879.486,NA,NA
"1982-10-02",754.505,NA,NA
"1982-10-03",687.392,NA,NA
"1982-10-04",640.763,NA,NA
"1982-10-05",617.867,NA,NA
"1982-10-06",640.763,NA,NA
"1982-10-07",711.118,NA,NA
"1982-10-08",803.72,NA,NA
"1982-10-09",879.486,NA,NA
"1982-10-10",884.619,NA,NA
"1982-10-11",874.364,NA,NA
"1982-10-12",828.719,NA,NA
"1982-10-13",879.486,NA,NA
"1982-10-14",994.702,NA,NA
"1982-10-15",1000.05,NA,NA
"1982-10-16",978.71,NA,NA
"1982-10-17",931.263,NA,NA
"1982-10-18",894.914,NA,NA
"1982-10-19",808.699,NA,NA
"1982-10-20",735.115,NA,NA
"1982-10-21",730.294,NA,NA
"1982-10-22",808.699,NA,NA
"1982-10-23",905.249,NA,NA
"1982-10-24",833.75,NA,NA
"1982-10-25",749.642,NA,NA
"1982-10-26",754.505,NA,NA
"1982-10-27",783.908,NA,NA
"1982-10-28",759.379,NA,NA
"1982-10-29",692.116,NA,NA
"1982-10-30",677.978,NA,NA
"1982-10-31",720.685,NA,NA
"1982-11-01",864.149,NA,NA
"1982-11-02",915.625,NA,NA
"1982-11-03",926.04,NA,NA
"1982-11-04",957.524,NA,NA
"1982-11-05",848.903,NA,NA
"1982-11-06",744.789,NA,NA
"1982-11-07",692.116,NA,NA
"1982-11-08",668.608,NA,NA
"1982-11-09",808.699,NA,NA
"1982-11-10",1021.55,NA,NA
"1982-11-11",984.031,NA,NA
"1982-11-12",952.252,NA,NA
"1982-11-13",952.252,NA,NA
"1982-11-14",910.432,NA,NA
"1982-11-15",1000.05,NA,NA
"1982-11-16",1086.96,NA,NA
"1982-11-17",1043.2,NA,NA
"1982-11-18",941.738,NA,NA
"1982-11-19",1081.46,NA,NA
"1982-11-20",1250.59,NA,NA
"1982-11-21",1170.63,NA,NA
"1982-11-22",1092.47,NA,NA
"1982-11-23",1010.78,NA,NA
"1982-11-24",936.495,NA,NA
"1982-11-25",968.097,NA,NA
"1982-11-26",973.399,NA,NA
"1982-11-27",889.761,NA,NA
"1982-11-28",843.842,NA,NA
"1982-11-29",783.908,NA,NA
"1982-11-30",749.642,NA,NA
"1982-12-01",749.642,NA,NA
"1982-12-02",769.159,NA,NA
"1982-12-03",774.065,NA,NA
"1982-12-04",793.793,NA,NA
"1982-12-05",828.719,NA,NA
"1982-12-06",864.149,NA,NA
"1982-12-07",884.619,NA,NA
"1982-12-08",910.432,NA,NA
"1982-12-09",931.263,NA,NA
"1982-12-10",957.524,NA,NA
"1982-12-11",984.031,NA,NA
"1982-12-12",1103.52,NA,NA
"1982-12-13",1148.11,NA,NA
"1982-12-14",1302.92,NA,NA
"1982-12-15",1427.83,NA,NA
"1982-12-16",1320.53,NA,NA
"1982-12-17",1262.15,NA,NA
"1982-12-18",1302.92,NA,NA
"1982-12-19",1308.78,NA,NA
"1982-12-20",1326.42,NA,NA
"1982-12-21",1332.31,NA,NA
"1982-12-22",1279.57,NA,NA
"1982-12-23",1244.82,NA,NA
"1982-12-24",1153.73,NA,NA
"1982-12-25",1142.5,NA,NA
"1982-12-26",1397.74,NA,NA
"1982-12-27",1488.65,NA,NA
"1982-12-28",1433.87,NA,NA
"1982-12-29",1385.76,NA,NA
"1982-12-30",1537.92,NA,NA
"1982-12-31",1948.05,NA,NA
"1983-01-01",2166.15,NA,NA
"1983-01-02",2224.03,NA,NA
"1983-01-03",2257.34,NA,NA
"1983-01-04",2358.34,NA,NA
"1983-01-05",2547.52,NA,NA
"1983-01-06",2661.73,NA,NA
"1983-01-07",2786.7,NA,NA
"1983-01-08",2849.94,NA,NA
"1983-01-09",2877.2,NA,NA
"1983-01-10",2849.94,NA,NA
"1983-01-11",2697.23,NA,NA
"1983-01-12",2661.73,NA,NA
"1983-01-13",2840.88,NA,NA
"1983-01-14",2968.72,NA,NA
"1983-01-15",3145.4,NA,NA
"1983-01-16",3296.97,NA,NA
"1983-01-17",3470.48,NA,NA
"1983-01-18",3597.75,NA,NA
"1983-01-19",3706.71,NA,NA
"1983-01-20",3766.62,NA,NA
"1983-01-21",3766.62,NA,NA
"1983-01-22",3696.76,NA,NA
"1983-01-23",3597.75,NA,NA
"1983-01-24",3499.71,NA,NA
"1983-01-25",3412.29,NA,NA
"1983-01-26",3354.45,NA,NA
"1983-01-27",3364.07,NA,NA
"1983-01-28",3489.96,NA,NA
"1983-01-29",3647.14,NA,NA
"1983-01-30",3736.62,NA,NA
"1983-01-31",3736.62,NA,NA
"1983-02-01",3816.81,NA,NA
"1983-02-02",3948.4,NA,NA
"1983-02-03",4320.98,NA,NA
"1983-02-04",4836,NA,NA
"1983-02-05",5462.41,NA,NA
"1983-02-06",5808.99,NA,NA
"1983-02-07",5785.65,NA,NA
"1983-02-08",5565.59,NA,NA
"1983-02-09",5439.57,NA,NA
"1983-02-10",5246.85,NA,NA
"1983-02-11",5134.64,NA,NA
"1983-02-12",5145.82,NA,NA
"1983-02-13",5337.24,NA,NA
"1983-02-14",5692.62,NA,NA
"1983-02-15",6342.87,NA,NA
"1983-02-16",6856.01,NA,NA
"1983-02-17",6880.8,NA,NA
"1983-02-18",6548.86,NA,NA
"1983-02-19",6056.06,NA,NA
"1983-02-20",5485.28,NA,NA
"1983-02-21",4879.84,NA,NA
"1983-02-22",4289.48,NA,NA
"1983-02-23",3816.81,NA,NA
"1983-02-24",3480.22,NA,NA
"1983-02-25",3192.49,NA,NA
"1983-02-26",3014.86,NA,NA
"1983-02-27",2877.2,NA,NA
"1983-02-28",2706.13,NA,NA
"1983-03-01",2573.72,NA,NA
"1983-03-02",2530.11,NA,NA
"1983-03-03",2547.52,NA,NA
"1983-03-04",2706.13,NA,NA
"1983-03-05",2777.71,NA,NA
"1983-03-06",2750.79,NA,NA
"1983-03-07",2795.7,NA,NA
"1983-03-08",2959.52,NA,NA
"1983-03-09",3089.21,NA,NA
"1983-03-10",3136.01,NA,NA
"1983-03-11",3107.9,NA,NA
"1983-03-12",3005.62,NA,NA
"1983-03-13",2877.2,NA,NA
"1983-03-14",2670.59,NA,NA
"1983-03-15",2556.25,NA,NA
"1983-03-16",2512.74,NA,NA
"1983-03-17",2452.28,NA,NA
"1983-03-18",2375.32,NA,NA
"1983-03-19",2265.7,NA,NA
"1983-03-20",2224.03,NA,NA
"1983-03-21",2460.89,NA,NA
"1983-03-22",2768.72,NA,NA
"1983-03-23",2996.38,NA,NA
"1983-03-24",3033.39,NA,NA
"1983-03-25",3051.96,NA,NA
"1983-03-26",2959.52,NA,NA
"1983-03-27",2859.02,NA,NA
"1983-03-28",2913.69,NA,NA
"1983-03-29",2968.72,NA,NA
"1983-03-30",2968.72,NA,NA
"1983-03-31",2959.52,NA,NA
"1983-04-01",2941.16,NA,NA
"1983-04-02",2849.94,NA,NA
"1983-04-03",2741.83,NA,NA
"1983-04-04",2582.48,NA,NA
"1983-04-05",2460.89,NA,NA
"1983-04-06",2383.83,NA,NA
"1983-04-07",2409.42,NA,NA
"1983-04-08",2349.86,NA,NA
"1983-04-09",2392.35,NA,NA
"1983-04-10",2443.69,NA,NA
"1983-04-11",2400.88,NA,NA
"1983-04-12",2478.13,NA,NA
"1983-04-13",2564.98,NA,NA
"1983-04-14",2759.75,NA,NA
"1983-04-15",2877.2,NA,NA
"1983-04-16",2877.2,NA,NA
"1983-04-17",2661.73,NA,NA
"1983-04-18",2426.53,NA,NA
"1983-04-19",2199.16,NA,NA
"1983-04-20",2035.91,NA,NA
"1983-04-21",1885.01,NA,NA
"1983-04-22",1753.27,NA,NA
"1983-04-23",1682.56,NA,NA
"1983-04-24",1676.18,NA,NA
"1983-04-25",1695.34,NA,NA
"1983-04-26",1740.34,NA,NA
"1983-04-27",1733.89,NA,NA
"1983-04-28",1759.75,NA,NA
"1983-04-29",1838.22,NA,NA
"1983-04-30",1701.74,NA,NA
"1983-05-01",1568.99,NA,NA
"1983-05-02",1575.23,NA,NA
"1983-05-03",1452.05,NA,NA
"1983-05-04",1409.75,NA,NA
"1983-05-05",1379.79,NA,NA
"1983-05-06",1344.13,NA,NA
"1983-05-07",1320.53,NA,NA
"1983-05-08",1285.4,NA,NA
"1983-05-09",1267.95,NA,NA
"1983-05-10",1239.05,NA,NA
"1983-05-11",1216.1,NA,NA
"1983-05-12",1198.98,NA,NA
"1983-05-13",1181.94,NA,NA
"1983-05-14",1164.98,NA,NA
"1983-05-15",1148.11,NA,NA
"1983-05-16",1120.17,NA,NA
"1983-05-17",1103.52,NA,NA
"1983-05-18",1092.47,NA,NA
"1983-05-19",1075.96,NA,NA
"1983-05-20",1070.48,NA,NA
"1983-05-21",1086.96,NA,NA
"1983-05-22",1081.46,NA,NA
"1983-05-23",1065,NA,NA
"1983-05-24",1065,NA,NA
"1983-05-25",1109.06,NA,NA
"1983-05-26",1103.52,NA,NA
"1983-05-27",1103.52,NA,NA
"1983-05-28",1125.74,NA,NA
"1983-05-29",1120.17,NA,NA
"1983-05-30",1103.52,NA,NA
"1983-05-31",1059.54,NA,NA
"1983-06-01",1043.2,NA,NA
"1983-06-02",1097.99,NA,NA
"1983-06-03",1439.92,NA,NA
"1983-06-04",1575.23,NA,NA
"1983-06-05",1385.76,NA,NA
"1983-06-06",1221.82,NA,NA
"1983-06-07",1136.91,NA,NA
"1983-06-08",1092.47,NA,NA
"1983-06-09",1054.08,NA,NA
"1983-06-10",1032.35,NA,NA
"1983-06-11",1010.78,NA,NA
"1983-06-12",984.031,NA,NA
"1983-06-13",968.097,NA,NA
"1983-06-14",946.99,NA,NA
"1983-06-15",926.04,NA,NA
"1983-06-16",905.249,NA,NA
"1983-06-17",894.914,NA,NA
"1983-06-18",884.619,NA,NA
"1983-06-19",879.486,NA,NA
"1983-06-20",869.251,NA,NA
"1983-06-21",859.057,NA,NA
"1983-06-22",848.903,NA,NA
"1983-06-23",838.791,NA,NA
"1983-06-24",833.75,NA,NA
"1983-06-25",823.699,NA,NA
"1983-06-26",813.689,NA,NA
"1983-06-27",803.72,NA,NA
"1983-06-28",798.752,NA,NA
"1983-06-29",793.793,NA,NA
"1983-06-30",783.908,NA,NA
"1983-07-01",778.982,NA,NA
"1983-07-02",769.159,NA,NA
"1983-07-03",764.264,NA,NA
"1983-07-04",759.379,NA,NA
"1983-07-05",749.642,NA,NA
"1983-07-06",739.947,NA,NA
"1983-07-07",730.294,NA,NA
"1983-07-08",720.685,NA,NA
"1983-07-09",715.896,NA,NA
"1983-07-10",706.351,NA,NA
"1983-07-11",696.85,NA,NA
"1983-07-12",687.392,NA,NA
"1983-07-13",677.978,NA,NA
"1983-07-14",663.939,NA,NA
"1983-07-15",654.635,NA,NA
"1983-07-16",645.376,NA,NA
"1983-07-17",640.763,NA,NA
"1983-07-18",636.161,NA,NA
"1983-07-19",631.571,NA,NA
"1983-07-20",626.991,NA,NA
"1983-07-21",636.161,NA,NA
"1983-07-22",650,NA,NA
"1983-07-23",687.392,NA,NA
"1983-07-24",769.159,NA,NA
"1983-07-25",843.842,NA,NA
"1983-07-26",769.159,NA,NA
"1983-07-27",706.351,NA,NA
"1983-07-28",677.978,NA,NA
"1983-07-29",650,NA,NA
"1983-07-30",636.161,NA,NA
"1983-07-31",626.991,NA,NA
"1983-08-01",617.867,NA,NA
"1983-08-02",604.264,NA,NA
"1983-08-03",599.753,NA,NA
"1983-08-04",577.368,NA,NA
"1983-08-05",529.146,NA,NA
"1983-08-06",524.833,NA,NA
"1983-08-07",520.532,NA,NA
"1983-08-08",516.243,NA,NA
"1983-08-09",516.243,NA,NA
"1983-08-10",516.243,NA,NA
"1983-08-11",516.243,NA,NA
"1983-08-12",511.966,NA,NA
"1983-08-13",511.966,NA,NA
"1983-08-14",507.701,NA,NA
"1983-08-15",507.701,NA,NA
"1983-08-16",507.701,NA,NA
"1983-08-17",507.701,NA,NA
"1983-08-18",507.701,NA,NA
"1983-08-19",507.701,NA,NA
"1983-08-20",507.701,NA,NA
"1983-08-21",503.448,NA,NA
"1983-08-22",503.448,NA,NA
"1983-08-23",499.207,NA,NA
"1983-08-24",499.207,NA,NA
"1983-08-25",494.978,NA,NA
"1983-08-26",490.761,NA,NA
"1983-08-27",486.557,NA,NA
"1983-08-28",482.365,NA,NA
"1983-08-29",478.185,NA,NA
"1983-08-30",469.862,NA,NA
"1983-08-31",465.719,NA,NA
"1983-09-01",461.589,NA,NA
"1983-09-02",453.365,NA,NA
"1983-09-03",457.471,NA,NA
"1983-09-04",457.471,NA,NA
"1983-09-05",457.471,NA,NA
"1983-09-06",461.589,NA,NA
"1983-09-07",461.589,NA,NA
"1983-09-08",469.862,NA,NA
"1983-09-09",490.761,NA,NA
"1983-09-10",494.978,NA,NA
"1983-09-11",499.207,NA,NA
"1983-09-12",533.471,NA,NA
"1983-09-13",546.517,NA,NA
"1983-09-14",533.471,NA,NA
"1983-09-15",511.966,NA,NA
"1983-09-16",499.207,NA,NA
"1983-09-17",511.966,NA,NA
"1983-09-18",511.966,NA,NA
"1983-09-19",503.448,NA,NA
"1983-09-20",499.207,NA,NA
"1983-09-21",507.701,NA,NA
"1983-09-22",503.448,NA,NA
"1983-09-23",482.365,NA,NA
"1983-09-24",474.017,NA,NA
"1983-09-25",474.017,NA,NA
"1983-09-26",474.017,NA,NA
"1983-09-27",474.017,NA,NA
"1983-09-28",461.589,NA,NA
"1983-09-29",445.192,NA,NA
"1983-09-30",433.026,NA,NA
"1983-10-01",433.026,NA,NA
"1983-10-02",437.069,NA,NA
"1983-10-03",437.069,NA,NA
"1983-10-04",469.862,NA,NA
"1983-10-05",494.978,NA,NA
"1983-10-06",511.966,NA,NA
"1983-10-07",520.532,NA,NA
"1983-10-08",520.532,NA,NA
"1983-10-09",533.471,NA,NA
"1983-10-10",577.368,NA,NA
"1983-10-11",604.264,NA,NA
"1983-10-12",626.991,NA,NA
"1983-10-13",613.321,NA,NA
"1983-10-14",581.822,NA,NA
"1983-10-15",617.867,NA,NA
"1983-10-16",813.689,NA,NA
"1983-10-17",905.249,NA,NA
"1983-10-18",915.625,NA,NA
"1983-10-19",838.791,NA,NA
"1983-10-20",798.752,NA,NA
"1983-10-21",833.75,NA,NA
"1983-10-22",869.251,NA,NA
"1983-10-23",803.72,NA,NA
"1983-10-24",764.264,NA,NA
"1983-10-25",859.057,NA,NA
"1983-10-26",1037.77,NA,NA
"1983-10-27",1092.47,NA,NA
"1983-10-28",968.097,NA,NA
"1983-10-29",823.699,NA,NA
"1983-10-30",818.688,NA,NA
"1983-10-31",769.159,NA,NA
"1983-11-01",701.595,NA,NA
"1983-11-02",668.608,NA,NA
"1983-11-03",735.115,NA,NA
"1983-11-04",778.982,NA,NA
"1983-11-05",749.642,NA,NA
"1983-11-06",818.688,NA,NA
"1983-11-07",968.097,NA,NA
"1983-11-08",957.524,NA,NA
"1983-11-09",853.975,NA,NA
"1983-11-10",798.752,NA,NA
"1983-11-11",803.72,NA,NA
"1983-11-12",813.689,NA,NA
"1983-11-13",1092.47,NA,NA
"1983-11-14",1391.75,NA,NA
"1983-11-15",1409.75,NA,NA
"1983-11-16",1676.18,NA,NA
"1983-11-17",1612.83,NA,NA
"1983-11-18",1403.74,NA,NA
"1983-11-19",1239.05,NA,NA
"1983-11-20",1153.73,NA,NA
"1983-11-21",1054.08,NA,NA
"1983-11-22",1032.35,NA,NA
"1983-11-23",1010.78,NA,NA
"1983-11-24",1032.35,NA,NA
"1983-11-25",1291.23,NA,NA
"1983-11-26",1581.47,NA,NA
"1983-11-27",1452.05,NA,NA
"1983-11-28",1302.92,NA,NA
"1983-11-29",1332.31,NA,NA
"1983-11-30",1568.99,NA,NA
"1983-12-01",1676.18,NA,NA
"1983-12-02",1556.54,NA,NA
"1983-12-03",1869.37,NA,NA
"1983-12-04",2495.41,NA,NA
"1983-12-05",2715.04,NA,NA
"1983-12-06",2706.13,NA,NA
"1983-12-07",2679.46,NA,NA
"1983-12-08",2688.34,NA,NA
"1983-12-09",2652.88,NA,NA
"1983-12-10",2679.46,NA,NA
"1983-12-11",2831.82,NA,NA
"1983-12-12",2968.72,NA,NA
"1983-12-13",3117.26,NA,NA
"1983-12-14",3277.88,NA,NA
"1983-12-15",3431.65,NA,NA
"1983-12-16",3637.24,NA,NA
"1983-12-17",3897.6,NA,NA
"1983-12-18",4143.56,NA,NA
"1983-12-19",4289.48,NA,NA
"1983-12-20",4258.06,NA,NA
"1983-12-21",4081.57,NA,NA
"1983-12-22",3796.71,NA,NA
"1983-12-23",3431.65,NA,NA
"1983-12-24",3079.89,NA,NA
"1983-12-25",2840.88,NA,NA
"1983-12-26",2795.7,NA,NA
"1983-12-27",2904.55,NA,NA
"1983-12-28",2996.38,NA,NA
"1983-12-29",3070.57,NA,NA
"1983-12-30",3117.26,NA,NA
"1983-12-31",3070.57,NA,NA
"1984-01-01",2941.16,NA,""
"1984-01-02",2849.94,NA,""
"1984-01-03",2777.71,NA,""
"1984-01-04",2723.96,NA,""
"1984-01-05",2750.79,NA,""
"1984-01-06",2741.83,NA,""
"1984-01-07",2652.88,NA,""
"1984-01-08",2409.42,NA,""
"1984-01-09",2149.72,NA,""
"1984-01-10",2019.84,NA,""
"1984-01-11",2084.42,NA,""
"1984-01-12",2190.89,NA,""
"1984-01-13",2249,NA,""
"1984-01-14",2182.63,NA,""
"1984-01-15",2068.21,NA,""
"1984-01-16",2019.84,NA,""
"1984-01-17",1916.44,NA,""
"1984-01-18",1727.44,NA,""
"1984-01-19",1600.27,NA,""
"1984-01-20",1531.73,NA,""
"1984-01-21",1550.32,NA,""
"1984-01-22",1575.23,NA,""
"1984-01-23",1644.4,NA,""
"1984-01-24",1714.58,NA,""
"1984-01-25",1695.34,NA,""
"1984-01-26",1772.72,NA,""
"1984-01-27",1727.44,NA,""
"1984-01-28",1779.22,NA,""
"1984-01-29",1971.88,NA,""
"1984-01-30",2108.82,NA,""
"1984-01-31",2182.63,NA,""
"1984-02-01",2003.8,NA,""
"1984-02-02",1733.89,NA,""
"1984-02-03",1562.76,NA,""
"1984-02-04",1494.78,NA,""
"1984-02-05",1464.22,NA,""
"1984-02-06",1476.42,NA,""
"1984-02-07",1650.74,NA,""
"1984-02-08",1727.44,NA,""
"1984-02-09",1587.73,NA,""
"1984-02-10",1470.31,NA,""
"1984-02-11",1439.92,NA,""
"1984-02-12",1427.83,NA,""
"1984-02-13",1403.74,NA,""
"1984-02-14",1488.65,NA,""
"1984-02-15",1721.01,NA,""
"1984-02-16",1892.85,NA,""
"1984-02-17",1746.8,NA,""
"1984-02-18",1714.58,NA,""
"1984-02-19",1701.74,NA,""
"1984-02-20",1568.99,NA,""
"1984-02-21",1513.22,NA,""
"1984-02-22",1644.4,NA,""
"1984-02-23",1807.26,NA,""
"1984-02-24",1650.74,NA,""
"1984-02-25",1494.78,NA,""
"1984-02-26",1427.83,NA,""
"1984-02-27",1476.42,NA,""
"1984-02-28",1544.12,NA,""
"1984-02-29",1427.83,NA,""
"1984-03-01",1344.13,NA,""
"1984-03-02",1285.4,NA,""
"1984-03-03",1326.42,NA,""
"1984-03-04",1556.54,NA,""
"1984-03-05",1714.58,NA,""
"1984-03-06",1600.27,NA,""
"1984-03-07",1421.79,NA,""
"1984-03-08",1326.42,NA,""
"1984-03-09",1338.21,NA,""
"1984-03-10",1445.98,NA,""
"1984-03-11",1593.99,NA,""
"1984-03-12",1861.57,NA,""
"1984-03-13",1708.16,NA,""
"1984-03-14",1682.56,NA,""
"1984-03-15",1830.47,NA,""
"1984-03-16",1924.32,NA,""
"1984-03-17",1979.84,NA,""
"1984-03-18",2149.72,NA,""
"1984-03-19",2027.87,NA,""
"1984-03-20",2052.04,NA,""
"1984-03-21",2043.97,NA,""
"1984-03-22",1799.55,NA,""
"1984-03-23",1650.74,NA,""
"1984-03-24",1581.47,NA,""
"1984-03-25",1644.4,NA,""
"1984-03-26",1799.55,NA,""
"1984-03-27",2108.82,NA,""
"1984-03-28",2324.5,NA,""
"1984-03-29",2207.44,NA,""
"1984-03-30",1987.82,NA,""
"1984-03-31",1822.72,NA,""
"1984-04-01",1779.22,NA,""
"1984-04-02",2116.98,NA,""
"1984-04-03",2409.42,NA,""
"1984-04-04",2582.48,NA,""
"1984-04-05",2750.79,NA,""
"1984-04-06",2822.78,NA,""
"1984-04-07",2759.75,NA,""
"1984-04-08",2591.24,NA,""
"1984-04-09",2316.07,NA,""
"1984-04-10",2232.34,NA,""
"1984-04-11",2265.7,NA,""
"1984-04-12",2174.39,NA,""
"1984-04-13",1987.82,NA,""
"1984-04-14",1814.99,NA,""
"1984-04-15",1669.81,NA,""
"1984-04-16",1562.76,NA,""
"1984-04-17",1500.92,NA,""
"1984-04-18",1452.05,NA,""
"1984-04-19",1409.75,NA,""
"1984-04-20",1415.76,NA,""
"1984-04-21",1445.98,NA,""
"1984-04-22",1421.79,NA,""
"1984-04-23",1409.75,NA,""
"1984-04-24",1332.31,NA,""
"1984-04-25",1267.95,NA,""
"1984-04-26",1227.56,NA,""
"1984-04-27",1176.28,NA,""
"1984-04-28",1159.35,NA,""
"1984-04-29",1210.38,NA,""
"1984-04-30",1170.63,NA,""
"1984-05-01",1142.5,NA,""
"1984-05-02",1181.94,NA,""
"1984-05-03",1164.98,NA,""
"1984-05-04",1170.63,NA,""
"1984-05-05",1256.36,NA,""
"1984-05-06",1239.05,NA,""
"1984-05-07",1187.61,NA,""
"1984-05-08",1109.06,NA,""
"1984-05-09",1070.48,NA,""
"1984-05-10",1054.08,NA,""
"1984-05-11",1010.78,NA,""
"1984-05-12",973.399,NA,""
"1984-05-13",952.252,NA,""
"1984-05-14",941.738,NA,""
"1984-05-15",936.495,NA,""
"1984-05-16",1000.05,NA,""
"1984-05-17",1081.46,NA,""
"1984-05-18",1097.99,NA,""
"1984-05-19",1109.06,NA,""
"1984-05-20",1026.95,NA,""
"1984-05-21",978.71,NA,""
"1984-05-22",968.097,NA,""
"1984-05-23",957.524,NA,""
"1984-05-24",910.432,NA,""
"1984-05-25",869.251,NA,""
"1984-05-26",838.791,NA,""
"1984-05-27",833.75,NA,""
"1984-05-28",818.688,NA,""
"1984-05-29",808.699,NA,""
"1984-05-30",798.752,NA,""
"1984-05-31",783.908,NA,""
"1984-06-01",783.908,NA,""
"1984-06-02",764.264,NA,""
"1984-06-03",754.505,NA,""
"1984-06-04",749.642,NA,""
"1984-06-05",739.947,NA,""
"1984-06-06",725.484,NA,""
"1984-06-07",715.896,NA,""
"1984-06-08",706.351,NA,""
"1984-06-09",706.351,68.677,"TM/Landsat-5"
"1984-06-10",701.595,NA,""
"1984-06-11",696.85,NA,""
"1984-06-12",692.116,NA,""
"1984-06-13",682.68,NA,""
"1984-06-14",677.978,NA,""
"1984-06-15",673.287,NA,""
"1984-06-16",663.939,NA,""
"1984-06-17",654.635,NA,""
"1984-06-18",650,NA,""
"1984-06-19",645.376,NA,""
"1984-06-20",640.763,NA,""
"1984-06-21",631.571,NA,""
"1984-06-22",626.991,NA,""
"1984-06-23",622.423,NA,""
"1984-06-24",617.867,NA,""
"1984-06-25",613.321,NA,""
"1984-06-26",604.264,NA,""
"1984-06-27",599.753,NA,""
"1984-06-28",595.253,NA,""
"1984-06-29",590.765,NA,""
"1984-06-30",590.765,NA,""
"1984-07-01",590.765,NA,""
"1984-07-02",586.288,NA,""
"1984-07-03",586.288,NA,""
"1984-07-04",581.822,NA,""
"1984-07-05",577.368,NA,""
"1984-07-06",572.926,NA,""
"1984-07-07",568.495,NA,""
"1984-07-08",564.076,NA,""
"1984-07-09",559.669,NA,""
"1984-07-10",555.273,NA,""
"1984-07-11",550.889,61.969,"TM/Landsat-5"
"1984-07-12",546.517,NA,""
"1984-07-13",542.156,NA,""
"1984-07-14",537.808,NA,""
"1984-07-15",533.471,NA,""
"1984-07-16",529.146,NA,""
"1984-07-17",529.146,NA,""
"1984-07-18",529.146,NA,""
"1984-07-19",524.833,NA,""
"1984-07-20",524.833,NA,""
"1984-07-21",520.532,NA,""
"1984-07-22",511.966,NA,""
"1984-07-23",503.448,NA,""
"1984-07-24",499.207,NA,""
"1984-07-25",494.978,NA,""
"1984-07-26",494.978,NA,""
"1984-07-27",490.761,NA,""
"1984-07-28",486.557,NA,""
"1984-07-29",486.557,NA,""
"1984-07-30",486.557,NA,""
"1984-07-31",482.365,NA,""
"1984-08-01",482.365,NA,""
"1984-08-02",482.365,NA,""
"1984-08-03",478.185,NA,""
"1984-08-04",478.185,NA,""
"1984-08-05",474.017,NA,""
"1984-08-06",469.862,NA,""
"1984-08-07",465.719,NA,""
"1984-08-08",461.589,NA,""
"1984-08-09",453.365,NA,""
"1984-08-10",449.272,NA,""
"1984-08-11",445.192,NA,""
"1984-08-12",441.124,50.897,"TM/Landsat-5"
"1984-08-13",433.026,NA,""
"1984-08-14",428.996,NA,""
"1984-08-15",424.979,NA,""
"1984-08-16",420.975,NA,""
"1984-08-17",416.983,NA,""
"1984-08-18",413.004,NA,""
"1984-08-19",409.039,NA,""
"1984-08-20",413.004,NA,""
"1984-08-21",409.039,NA,""
"1984-08-22",409.039,NA,""
"1984-08-23",413.004,NA,""
"1984-08-24",433.026,NA,""
"1984-08-25",564.076,NA,""
"1984-08-26",793.793,NA,""
"1984-08-27",813.689,NA,""
"1984-08-28",739.947,NA,""
"1984-08-29",659.282,NA,""
"1984-08-30",604.264,NA,""
"1984-08-31",568.495,NA,""
"1984-09-01",529.146,NA,""
"1984-09-02",511.966,NA,""
"1984-09-03",486.557,NA,""
"1984-09-04",482.365,NA,""
"1984-09-05",482.365,NA,""
"1984-09-06",478.185,NA,""
"1984-09-07",465.719,NA,""
"1984-09-08",461.589,NA,""
"1984-09-09",453.365,NA,""
"1984-09-10",465.719,NA,""
"1984-09-11",494.978,NA,""
"1984-09-12",494.978,NA,""
"1984-09-13",486.557,47.411,"TM/Landsat-5"
"1984-09-14",465.719,NA,""
"1984-09-15",449.272,NA,""
"1984-09-16",437.069,NA,""
"1984-09-17",428.996,NA,""
"1984-09-18",416.983,NA,""
"1984-09-19",413.004,NA,""
"1984-09-20",416.983,NA,""
"1984-09-21",437.069,NA,""
"1984-09-22",449.272,NA,""
"1984-09-23",478.185,NA,""
"1984-09-24",533.471,NA,""
"1984-09-25",622.423,NA,""
"1984-09-26",715.896,NA,""
"1984-09-27",677.978,NA,""
"1984-09-28",604.264,NA,""
"1984-09-29",537.808,138.199,"TM/Landsat-5"
"1984-09-30",520.532,NA,""
"1984-10-01",516.243,NA,""
"1984-10-02",503.448,NA,""
"1984-10-03",478.185,NA,""
"1984-10-04",445.192,NA,""
"1984-10-05",424.979,NA,""
"1984-10-06",409.039,NA,""
"1984-10-07",401.146,NA,""
"1984-10-08",393.306,NA,""
"1984-10-09",393.306,NA,""
"1984-10-10",385.517,NA,""
"1984-10-11",377.782,NA,""
"1984-10-12",370.1,NA,""
"1984-10-13",366.279,NA,""
"1984-10-14",366.279,NA,""
"1984-10-15",413.004,NA,""
"1984-10-16",437.069,NA,""
"1984-10-17",420.975,NA,""
"1984-10-18",437.069,NA,""
"1984-10-19",469.862,NA,""
"1984-10-20",581.822,NA,""
"1984-10-21",677.978,NA,""
"1984-10-22",720.685,NA,""
"1984-10-23",798.752,NA,""
"1984-10-24",833.75,NA,""
"1984-10-25",859.057,NA,""
"1984-10-26",813.689,NA,""
"1984-10-27",828.719,NA,""
"1984-10-28",946.99,NA,""
"1984-10-29",1026.95,NA,""
"1984-10-30",973.399,NA,""
"1984-10-31",828.719,NA,""
"1984-11-01",696.85,NA,""
"1984-11-02",604.264,NA,""
"1984-11-03",546.517,NA,""
"1984-11-04",511.966,NA,""
"1984-11-05",482.365,NA,""
"1984-11-06",461.589,NA,""
"1984-11-07",437.069,NA,""
"1984-11-08",420.975,NA,""
"1984-11-09",405.086,NA,""
"1984-11-10",389.405,NA,""
"1984-11-11",381.643,NA,""
"1984-11-12",377.782,NA,""
"1984-11-13",373.934,NA,""
"1984-11-14",385.517,NA,""
"1984-11-15",381.643,NA,""
"1984-11-16",413.004,NA,""
"1984-11-17",516.243,NA,""
"1984-11-18",673.287,NA,""
"1984-11-19",739.947,NA,""
"1984-11-20",769.159,NA,""
"1984-11-21",818.688,NA,""
"1984-11-22",915.625,NA,""
"1984-11-23",1159.35,NA,""
"1984-11-24",1619.13,NA,""
"1984-11-25",1650.74,NA,""
"1984-11-26",1619.13,NA,""
"1984-11-27",1568.99,NA,""
"1984-11-28",1525.55,NA,""
"1984-11-29",1470.31,NA,""
"1984-11-30",1415.76,NA,""
"1984-12-01",1397.74,NA,""
"1984-12-02",1391.75,NA,""
"1984-12-03",1409.75,NA,""
"1984-12-04",1421.79,NA,""
"1984-12-05",1397.74,NA,""
"1984-12-06",1415.76,NA,""
"1984-12-07",1494.78,NA,""
"1984-12-08",1575.23,NA,""
"1984-12-09",1657.09,NA,""
"1984-12-10",1746.8,NA,""
"1984-12-11",1830.47,NA,""
"1984-12-12",1885.01,NA,""
"1984-12-13",1932.22,NA,""
"1984-12-14",1987.82,NA,""
"1984-12-15",2043.97,NA,""
"1984-12-16",2108.82,NA,""
"1984-12-17",2157.93,NA,""
"1984-12-18",2182.63,57.257,"TM/Landsat-5"
"1984-12-19",2199.16,NA,""
"1984-12-20",2199.16,NA,""
"1984-12-21",1979.84,NA,""
"1984-12-22",1845.99,NA,""
"1984-12-23",1807.26,NA,""
"1984-12-24",1772.72,NA,""
"1984-12-25",1740.34,NA,""
"1984-12-26",1733.89,NA,""
"1984-12-27",1727.44,NA,""
"1984-12-28",1676.18,NA,""
"1984-12-29",1631.75,NA,""
"1984-12-30",1600.27,NA,""
"1984-12-31",1587.73,NA,""
"1985-01-01",1792.25,NA,""
"1985-01-02",1830.47,NA,""
"1985-01-03",1869.37,NA,""
"1985-01-04",1908.57,NA,""
"1985-01-05",1948.05,NA,""
"1985-01-06",1987.82,NA,""
"1985-01-07",2027.87,NA,""
"1985-01-08",2043.97,NA,""
"1985-01-09",2100.68,NA,""
"1985-01-10",2166.15,NA,""
"1985-01-11",2332.94,NA,""
"1985-01-12",2460.89,NA,""
"1985-01-13",2486.77,NA,""
"1985-01-14",2392.35,NA,""
"1985-01-15",2274.07,NA,""
"1985-01-16",2504.07,NA,""
"1985-01-17",2968.72,NA,""
"1985-01-18",3354.45,NA,""
"1985-01-19",3538.81,NA,""
"1985-01-20",3696.76,NA,""
"1985-01-21",3897.6,NA,""
"1985-01-22",4153.92,NA,""
"1985-01-23",4373.66,NA,""
"1985-01-24",4437.18,NA,""
"1985-01-25",4458.43,NA,""
"1985-01-26",4543.77,NA,""
"1985-01-27",4716.16,NA,""
"1985-01-28",4956.9,NA,""
"1985-01-29",5112.3,NA,""
"1985-01-30",5168.21,NA,""
"1985-01-31",5235.59,NA,""
"1985-02-01",5394.01,NA,""
"1985-02-02",5577.09,NA,""
"1985-02-03",5657.88,NA,""
"1985-02-04",5600.13,NA,""
"1985-02-05",5394.01,NA,""
"1985-02-06",5056.61,NA,""
"1985-02-07",4672.85,NA,""
"1985-02-08",4279,NA,""
"1985-02-09",3917.9,NA,""
"1985-02-10",3647.14,NA,""
"1985-02-11",3402.63,NA,""
"1985-02-12",3154.8,NA,""
"1985-02-13",2959.52,NA,""
"1985-02-14",2831.82,NA,""
"1985-02-15",2741.83,NA,""
"1985-02-16",2626.4,NA,""
"1985-02-17",2530.11,NA,""
"1985-02-18",2392.35,NA,""
"1985-02-19",2290.83,NA,""
"1985-02-20",2316.07,51.87,"TM/Landsat-5"
"1985-02-21",2274.07,NA,""
"1985-02-22",2174.39,NA,""
"1985-02-23",2027.87,NA,""
"1985-02-24",1932.22,NA,""
"1985-02-25",1799.55,NA,""
"1985-02-26",1853.77,NA,""
"1985-02-27",2011.81,NA,""
"1985-02-28",2257.34,NA,""
"1985-03-01",2469.5,NA,""
"1985-03-02",2530.11,NA,""
"1985-03-03",2608.8,NA,""
"1985-03-04",2644.05,NA,""
"1985-03-05",2688.34,NA,""
"1985-03-06",2626.4,NA,""
"1985-03-07",2556.25,NA,""
"1985-03-08",2795.7,86.394,"TM/Landsat-5"
"1985-03-09",2904.55,NA,""
"1985-03-10",2849.94,NA,""
"1985-03-11",2723.96,NA,""
"1985-03-12",2741.83,NA,""
"1985-03-13",2904.55,NA,""
"1985-03-14",2968.72,NA,""
"1985-03-15",3079.89,NA,""
"1985-03-16",3230.34,NA,""
"1985-03-17",3335.25,NA,""
"1985-03-18",3373.7,NA,""
"1985-03-19",3412.29,NA,""
"1985-03-20",3431.65,NA,""
"1985-03-21",3480.22,NA,""
"1985-03-22",3489.96,NA,""
"1985-03-23",3431.65,NA,""
"1985-03-24",3402.63,85.39,"TM/Landsat-5"
"1985-03-25",3373.7,NA,""
"1985-03-26",3268.35,NA,""
"1985-03-27",3070.57,NA,""
"1985-03-28",2786.7,NA,""
"1985-03-29",2521.42,NA,""
"1985-03-30",2307.64,NA,""
"1985-03-31",2166.15,NA,""
"1985-04-01",2141.52,NA,""
"1985-04-02",2290.83,NA,""
"1985-04-03",2307.64,NA,""
"1985-04-04",2215.73,NA,""
"1985-04-05",2060.12,NA,""
"1985-04-06",1955.98,NA,""
"1985-04-07",1861.57,NA,""
"1985-04-08",1861.57,NA,""
"1985-04-09",1853.77,169.517,"TM/Landsat-5"
"1985-04-10",1814.99,NA,""
"1985-04-11",1853.77,NA,""
"1985-04-12",1772.72,NA,""
"1985-04-13",1682.56,NA,""
"1985-04-14",1746.8,NA,""
"1985-04-15",1740.34,NA,""
"1985-04-16",1721.01,NA,""
"1985-04-17",1695.34,NA,""
"1985-04-18",1721.01,NA,""
"1985-04-19",2190.89,NA,""
"1985-04-20",1987.82,NA,""
"1985-04-21",1779.22,NA,""
"1985-04-22",1759.75,NA,""
"1985-04-23",1779.22,NA,""
"1985-04-24",1746.8,NA,""
"1985-04-25",1587.73,NA,""
"1985-04-26",1470.31,NA,""
"1985-04-27",1403.74,NA,""
"1985-04-28",1361.92,NA,""
"1985-04-29",1344.13,NA,""
"1985-04-30",1302.92,NA,""
"1985-05-01",1308.78,NA,""
"1985-05-02",1326.42,NA,""
"1985-05-03",1344.13,NA,""
"1985-05-04",1302.92,NA,""
"1985-05-05",1302.92,NA,""
"1985-05-06",1302.92,NA,""
"1985-05-07",1262.15,NA,""
"1985-05-08",1210.38,NA,""
"1985-05-09",1164.98,NA,""
"1985-05-10",1120.17,NA,""
"1985-05-11",1092.47,NA,""
"1985-05-12",1070.48,NA,""
"1985-05-13",1026.95,NA,""
"1985-05-14",1021.55,NA,""
"1985-05-15",1016.16,NA,""
"1985-05-16",1005.41,NA,""
"1985-05-17",973.399,NA,""
"1985-05-18",962.806,NA,""
"1985-05-19",952.252,NA,""
"1985-05-20",936.495,NA,""
"1985-05-21",926.04,NA,""
"1985-05-22",910.432,NA,""
"1985-05-23",910.432,NA,""
"1985-05-24",920.828,NA,""
"1985-05-25",905.249,NA,""
"1985-05-26",894.914,NA,""
"1985-05-27",879.486,NA,""
"1985-05-28",869.251,NA,""
"1985-05-29",864.149,NA,""
"1985-05-30",853.975,NA,""
"1985-05-31",848.903,NA,""
"1985-06-01",838.791,NA,""
"1985-06-02",828.719,NA,""
"1985-06-03",813.689,NA,""
"1985-06-04",803.72,NA,""
"1985-06-05",793.793,NA,""
"1985-06-06",788.846,NA,""
"1985-06-07",783.908,NA,""
"1985-06-08",788.846,NA,""
"1985-06-09",788.846,NA,""
"1985-06-10",774.065,NA,""
"1985-06-11",759.379,NA,""
"1985-06-12",749.642,NA,""
"1985-06-13",744.789,NA,""
"1985-06-14",744.789,NA,""
"1985-06-15",744.789,NA,""
"1985-06-16",744.789,NA,""
"1985-06-17",739.947,NA,""
"1985-06-18",735.115,NA,""
"1985-06-19",730.294,NA,""
"1985-06-20",715.896,NA,""
"1985-06-21",711.118,NA,""
"1985-06-22",706.351,NA,""
"1985-06-23",701.595,NA,""
"1985-06-24",692.116,NA,""
"1985-06-25",687.392,NA,""
"1985-06-26",687.392,NA,""
"1985-06-27",687.392,NA,""
"1985-06-28",682.68,NA,""
"1985-06-29",668.608,NA,""
"1985-06-30",659.282,NA,""
"1985-07-01",650,NA,""
"1985-07-02",645.376,NA,""
"1985-07-03",640.763,NA,""
"1985-07-04",636.161,NA,""
"1985-07-05",631.571,NA,""
"1985-07-06",622.423,NA,""
"1985-07-07",617.867,NA,""
"1985-07-08",617.867,NA,""
"1985-07-09",706.351,NA,""
"1985-07-10",735.115,NA,""
"1985-07-11",764.264,NA,""
"1985-07-12",788.846,NA,""
"1985-07-13",783.908,NA,""
"1985-07-14",730.294,80.334,"TM/Landsat-5"
"1985-07-15",720.685,NA,""
"1985-07-16",706.351,NA,""
"1985-07-17",687.392,NA,""
"1985-07-18",668.608,NA,""
"1985-07-19",654.635,NA,""
"1985-07-20",636.161,NA,""
"1985-07-21",613.321,NA,""
"1985-07-22",595.253,NA,""
"1985-07-23",581.822,NA,""
"1985-07-24",568.495,NA,""
"1985-07-25",555.273,NA,""
"1985-07-26",542.156,NA,""
"1985-07-27",537.808,NA,""
"1985-07-28",533.471,NA,""
"1985-07-29",529.146,NA,""
"1985-07-30",524.833,57.514,"TM/Landsat-5"
"1985-07-31",520.532,NA,""
"1985-08-01",520.532,NA,""
"1985-08-02",516.243,NA,""
"1985-08-03",511.966,NA,""
"1985-08-04",507.701,NA,""
"1985-08-05",503.448,NA,""
"1985-08-06",503.448,NA,""
"1985-08-07",503.448,NA,""
"1985-08-08",499.207,NA,""
"1985-08-09",494.978,NA,""
"1985-08-10",486.557,NA,""
"1985-08-11",482.365,NA,""
"1985-08-12",478.185,NA,""
"1985-08-13",478.185,NA,""
"1985-08-14",478.185,NA,""
"1985-08-15",469.862,46.793,"TM/Landsat-5"
"1985-08-16",469.862,NA,""
"1985-08-17",461.589,NA,""
"1985-08-18",461.589,NA,""
"1985-08-19",457.471,NA,""
"1985-08-20",453.365,NA,""
"1985-08-21",449.272,NA,""
"1985-08-22",449.272,NA,""
"1985-08-23",445.192,NA,""
"1985-08-24",445.192,NA,""
"1985-08-25",441.124,NA,""
"1985-08-26",437.069,NA,""
"1985-08-27",433.026,NA,""
"1985-08-28",424.979,NA,""
"1985-08-29",424.979,NA,""
"1985-08-30",420.975,NA,""
"1985-08-31",416.983,51.214,"TM/Landsat-5"
"1985-09-01",416.983,NA,""
"1985-09-02",413.004,NA,""
"1985-09-03",409.039,NA,""
"1985-09-04",405.086,NA,""
"1985-09-05",401.146,NA,""
"1985-09-06",401.146,NA,""
"1985-09-07",405.086,NA,""
"1985-09-08",424.979,NA,""
"1985-09-09",405.086,NA,""
"1985-09-10",401.146,NA,""
"1985-09-11",393.306,NA,""
"1985-09-12",393.306,NA,""
"1985-09-13",393.306,NA,""
"1985-09-14",393.306,NA,""
"1985-09-15",393.306,NA,""
"1985-09-16",393.306,NA,""
"1985-09-17",385.517,NA,""
"1985-09-18",381.643,NA,""
"1985-09-19",377.782,NA,""
"1985-09-20",373.934,NA,""
"1985-09-21",370.1,NA,""
"1985-09-22",385.517,NA,""
"1985-09-23",393.306,NA,""
"1985-09-24",393.306,NA,""
"1985-09-25",401.146,NA,""
"1985-09-26",428.996,NA,""
"1985-09-27",437.069,NA,""
"1985-09-28",445.192,NA,""
"1985-09-29",437.069,NA,""
"1985-09-30",437.069,NA,""
"1985-10-01",449.272,NA,""
"1985-10-02",465.719,NA,""
"1985-10-03",461.589,NA,""
"1985-10-04",453.365,NA,""
"1985-10-05",428.996,NA,""
"1985-10-06",409.039,NA,""
"1985-10-07",389.405,NA,""
"1985-10-08",389.405,NA,""
"1985-10-09",385.517,NA,""
"1985-10-10",393.306,NA,""
"1985-10-11",413.004,NA,""
"1985-10-12",457.471,NA,""
"1985-10-13",449.272,NA,""
"1985-10-14",474.017,NA,""
"1985-10-15",529.146,NA,""
"1985-10-16",533.471,NA,""
"1985-10-17",507.701,NA,""
"1985-10-18",486.557,92.303,"TM/Landsat-5"
"1985-10-19",478.185,NA,""
"1985-10-20",529.146,NA,""
"1985-10-21",511.966,NA,""
"1985-10-22",490.761,NA,""
"1985-10-23",478.185,NA,""
"1985-10-24",469.862,NA,""
"1985-10-25",494.978,NA,""
"1985-10-26",478.185,NA,""
"1985-10-27",474.017,NA,""
"1985-10-28",461.589,NA,""
"1985-10-29",465.719,NA,""
"1985-10-30",533.471,NA,""
"1985-10-31",568.495,NA,""
"1985-11-01",568.495,NA,""
"1985-11-02",559.669,NA,""
"1985-11-03",533.471,NA,""
"1985-11-04",503.448,NA,""
"1985-11-05",490.761,NA,""
"1985-11-06",529.146,NA,""
"1985-11-07",590.765,NA,""
"1985-11-08",759.379,NA,""
"1985-11-09",905.249,NA,""
"1985-11-10",894.914,NA,""
"1985-11-11",803.72,NA,""
"1985-11-12",696.85,NA,""
"1985-11-13",682.68,NA,""
"1985-11-14",759.379,NA,""
"1985-11-15",744.789,NA,""
"1985-11-16",663.939,NA,""
"1985-11-17",590.765,NA,""
"1985-11-18",546.517,NA,""
"1985-11-19",511.966,NA,""
"1985-11-20",486.557,NA,""
"1985-11-21",474.017,NA,""
"1985-11-22",457.471,NA,""
"1985-11-23",445.192,NA,""
"1985-11-24",449.272,NA,""
"1985-11-25",478.185,NA,""
"1985-11-26",546.517,NA,""
"1985-11-27",533.471,NA,""
"1985-11-28",659.282,NA,""
"1985-11-29",793.793,NA,""
"1985-11-30",725.484,NA,""
"1985-12-01",798.752,NA,""
"1985-12-02",1081.46,NA,""
"1985-12-03",1204.68,NA,""
"1985-12-04",1010.78,NA,""
"1985-12-05",853.975,NA,""
"1985-12-06",754.505,NA,""
"1985-12-07",730.294,NA,""
"1985-12-08",659.282,NA,""
"1985-12-09",590.765,NA,""
"1985-12-10",542.156,NA,""
"1985-12-11",499.207,NA,""
"1985-12-12",465.719,NA,""
"1985-12-13",437.069,NA,""
"1985-12-14",424.979,NA,""
"1985-12-15",420.975,NA,""
"1985-12-16",420.975,NA,""
"1985-12-17",409.039,NA,""
"1985-12-18",413.004,NA,""
"1985-12-19",441.124,NA,""
"1985-12-20",503.448,NA,""
"1985-12-21",577.368,NA,""
"1985-12-22",595.253,NA,""
"1985-12-23",559.669,NA,""
"1985-12-24",572.926,NA,""
"1985-12-25",778.982,NA,""
"1985-12-26",1070.48,NA,""
"1985-12-27",1409.75,NA,""
"1985-12-28",1721.01,NA,""
"1985-12-29",1830.47,NA,""
"1985-12-30",1575.23,NA,""
"1985-12-31",1285.4,NA,""
"1986-01-01",1070.48,NA,""
"1986-01-02",920.828,NA,""
"1986-01-03",879.486,NA,""
"1986-01-04",848.903,NA,""
"1986-01-05",833.75,NA,""
"1986-01-06",1048.64,NA,""
"1986-01-07",1373.82,NA,""
"1986-01-08",1721.01,NA,""
"1986-01-09",1932.22,NA,""
"1986-01-10",2224.03,NA,""
"1986-01-11",2224.03,NA,""
"1986-01-12",1979.84,NA,""
"1986-01-13",1908.57,NA,""
"1986-01-14",1830.47,NA,""
"1986-01-15",1838.22,NA,""
"1986-01-16",2027.87,NA,""
"1986-01-17",2435.11,NA,""
"1986-01-18",2679.46,NA,""
"1986-01-19",2732.89,NA,""
"1986-01-20",2556.25,NA,""
"1986-01-21",2207.44,NA,""
"1986-01-22",1830.47,NA,""
"1986-01-23",1587.73,NA,""
"1986-01-24",1439.92,NA,""
"1986-01-25",1439.92,NA,""
"1986-01-26",1519.38,NA,""
"1986-01-27",1537.92,NA,""
"1986-01-28",1397.74,NA,""
"1986-01-29",1326.42,NA,""
"1986-01-30",1250.59,NA,""
"1986-01-31",1221.82,NA,""
"1986-02-01",1308.78,NA,""
"1986-02-02",1344.13,NA,""
"1986-02-03",1403.74,NA,""
"1986-02-04",1379.79,NA,""
"1986-02-05",1216.1,NA,""
"1986-02-06",1273.76,NA,""
"1986-02-07",1537.92,NA,""
"1986-02-08",1600.27,NA,""
"1986-02-09",1568.99,NA,""
"1986-02-10",1663.44,NA,""
"1986-02-11",1600.27,NA,""
"1986-02-12",1433.87,NA,""
"1986-02-13",1291.23,NA,""
"1986-02-14",1262.15,NA,""
"1986-02-15",1427.83,NA,""
"1986-02-16",1631.75,NA,""
"1986-02-17",1779.22,NA,""
"1986-02-18",1792.25,NA,""
"1986-02-19",1799.55,NA,""
"1986-02-20",2011.81,NA,""
"1986-02-21",2435.11,NA,""
"1986-02-22",2822.78,NA,""
"1986-02-23",3014.86,169.276,"TM/Landsat-5"
"1986-02-24",2706.13,NA,""
"1986-02-25",2324.5,NA,""
"1986-02-26",1971.88,NA,""
"1986-02-27",1785.73,NA,""
"1986-02-28",1550.32,NA,""
"1986-03-01",1403.74,NA,""
"1986-03-02",1308.78,NA,""
"1986-03-03",1262.15,NA,""
"1986-03-04",1227.56,NA,""
"1986-03-05",1210.38,NA,""
"1986-03-06",1239.05,NA,""
"1986-03-07",1464.22,NA,""
"1986-03-08",1638.07,NA,""
"1986-03-09",1464.22,NA,""
"1986-03-10",1500.92,NA,""
"1986-03-11",1908.57,NA,""
"1986-03-12",1885.01,NA,""
"1986-03-13",1638.07,NA,""
"1986-03-14",1488.65,NA,""
"1986-03-15",1291.23,NA,""
"1986-03-16",1198.98,NA,""
"1986-03-17",1136.91,NA,""
"1986-03-18",1114.61,NA,""
"1986-03-19",1125.74,NA,""
"1986-03-20",1136.91,NA,""
"1986-03-21",1120.17,NA,""
"1986-03-22",1054.08,NA,""
"1986-03-23",1120.17,NA,""
"1986-03-24",1256.36,NA,""
"1986-03-25",1379.79,NA,""
"1986-03-26",1314.65,NA,""
"1986-03-27",1239.05,NA,""
"1986-03-28",1297.07,NA,""
"1986-03-29",1427.83,NA,""
"1986-03-30",1344.13,NA,""
"1986-03-31",1308.78,NA,""
"1986-04-01",1216.1,NA,""
"1986-04-02",1109.06,NA,""
"1986-04-03",1054.08,NA,""
"1986-04-04",1037.77,NA,""
"1986-04-05",952.252,NA,""
"1986-04-06",900.077,NA,""
"1986-04-07",864.149,NA,""
"1986-04-08",853.975,NA,""
"1986-04-09",838.791,NA,""
"1986-04-10",823.699,NA,""
"1986-04-11",798.752,NA,""
"1986-04-12",774.065,91.507,"TM/Landsat-5"
"1986-04-13",754.505,NA,""
"1986-04-14",739.947,NA,""
"1986-04-15",739.947,NA,""
"1986-04-16",749.642,NA,""
"1986-04-17",769.159,NA,""
"1986-04-18",838.791,NA,""
"1986-04-19",936.495,NA,""
"1986-04-20",952.252,NA,""
"1986-04-21",864.149,NA,""
"1986-04-22",864.149,NA,""
"1986-04-23",915.625,NA,""
"1986-04-24",1032.35,NA,""
"1986-04-25",978.71,NA,""
"1986-04-26",968.097,NA,""
"1986-04-27",1000.05,NA,""
"1986-04-28",838.791,225.359,"TM/Landsat-5"
"1986-04-29",778.982,NA,""
"1986-04-30",730.294,NA,""
"1986-05-01",701.595,NA,""
"1986-05-02",687.392,NA,""
"1986-05-03",673.287,NA,""
"1986-05-04",673.287,NA,""
"1986-05-05",715.896,NA,""
"1986-05-06",696.85,NA,""
"1986-05-07",654.635,NA,""
"1986-05-08",599.753,NA,""
"1986-05-09",604.264,NA,""
"1986-05-10",599.753,NA,""
"1986-05-11",613.321,NA,""
"1986-05-12",626.991,NA,""
"1986-05-13",622.423,NA,""
"1986-05-14",668.608,NA,""
"1986-05-15",730.294,NA,""
"1986-05-16",701.595,NA,""
"1986-05-17",650,NA,""
"1986-05-18",650,NA,""
"1986-05-19",687.392,NA,""
"1986-05-20",659.282,NA,""
"1986-05-21",645.376,NA,""
"1986-05-22",622.423,NA,""
"1986-05-23",604.264,NA,""
"1986-05-24",577.368,NA,""
"1986-05-25",559.669,NA,""
"1986-05-26",546.517,NA,""
"1986-05-27",533.471,NA,""
"1986-05-28",524.833,NA,""
"1986-05-29",511.966,NA,""
"1986-05-30",507.701,46.68,"TM/Landsat-5"
"1986-05-31",511.966,NA,""
"1986-06-01",507.701,NA,""
"1986-06-02",516.243,NA,""
"1986-06-03",564.076,NA,""
"1986-06-04",725.484,NA,""
"1986-06-05",668.608,NA,""
"1986-06-06",586.288,NA,""
"1986-06-07",537.808,NA,""
"1986-06-08",511.966,NA,""
"1986-06-09",494.978,NA,""
"1986-06-10",486.557,NA,""
"1986-06-11",478.185,NA,""
"1986-06-12",469.862,NA,""
"1986-06-13",461.589,NA,""
"1986-06-14",453.365,NA,""
"1986-06-15",449.272,66.819,"TM/Landsat-5"
"1986-06-16",445.192,NA,""
"1986-06-17",445.192,NA,""
"1986-06-18",437.069,NA,""
"1986-06-19",433.026,NA,""
"1986-06-20",428.996,NA,""
"1986-06-21",420.975,NA,""
"1986-06-22",420.975,NA,""
"1986-06-23",416.983,NA,""
"1986-06-24",413.004,NA,""
"1986-06-25",409.039,NA,""
"1986-06-26",405.086,NA,""
"1986-06-27",401.146,NA,""
"1986-06-28",397.219,NA,""
"1986-06-29",397.219,NA,""
"1986-06-30",393.306,NA,""
"1986-07-01",389.405,58.79,"TM/Landsat-5"
"1986-07-02",385.517,NA,""
"1986-07-03",385.517,NA,""
"1986-07-04",381.643,NA,""
"1986-07-05",377.782,NA,""
"1986-07-06",373.934,NA,""
"1986-07-07",373.934,NA,""
"1986-07-08",373.934,NA,""
"1986-07-09",370.1,NA,""
"1986-07-10",370.1,NA,""
"1986-07-11",373.934,NA,""
"1986-07-12",377.782,NA,""
"1986-07-13",385.517,NA,""
"1986-07-14",381.643,NA,""
"1986-07-15",370.1,NA,""
"1986-07-16",358.677,NA,""
"1986-07-17",351.129,59.858,"TM/Landsat-5"
"1986-07-18",347.376,NA,""
"1986-07-19",343.636,NA,""
"1986-07-20",343.636,NA,""
"1986-07-21",339.91,NA,""
"1986-07-22",339.91,NA,""
"1986-07-23",336.197,NA,""
"1986-07-24",332.499,NA,""
"1986-07-25",328.814,NA,""
"1986-07-26",336.197,NA,""
"1986-07-27",336.197,NA,""
"1986-07-28",336.197,NA,""
"1986-07-29",332.499,NA,""
"1986-07-30",332.499,NA,""
"1986-07-31",325.143,NA,""
"1986-08-01",321.486,NA,""
"1986-08-02",317.843,NA,""
"1986-08-03",314.214,NA,""
"1986-08-04",321.486,NA,""
"1986-08-05",332.499,NA,""
"1986-08-06",366.279,NA,""
"1986-08-07",377.782,NA,""
"1986-08-08",370.1,NA,""
"1986-08-09",343.636,NA,""
"1986-08-10",328.814,NA,""
"1986-08-11",321.486,NA,""
"1986-08-12",310.599,NA,""
"1986-08-13",299.84,NA,""
"1986-08-14",296.282,NA,""
"1986-08-15",292.739,NA,""
"1986-08-16",299.84,NA,""
"1986-08-17",303.412,NA,""
"1986-08-18",317.843,47.24,"TM/Landsat-5"
"1986-08-19",321.486,NA,""
"1986-08-20",370.1,NA,""
"1986-08-21",428.996,NA,""
"1986-08-22",385.517,NA,""
"1986-08-23",373.934,NA,""
"1986-08-24",362.471,NA,""
"1986-08-25",385.517,NA,""
"1986-08-26",405.086,NA,""
"1986-08-27",437.069,NA,""
"1986-08-28",542.156,NA,""
"1986-08-29",572.926,NA,""
"1986-08-30",542.156,NA,""
"1986-08-31",486.557,NA,""
"1986-09-01",445.192,NA,""
"1986-09-02",474.017,NA,""
"1986-09-03",494.978,115.623,"TM/Landsat-5"
"1986-09-04",482.365,NA,""
"1986-09-05",503.448,NA,""
"1986-09-06",494.978,NA,""
"1986-09-07",445.192,NA,""
"1986-09-08",416.983,NA,""
"1986-09-09",397.219,NA,""
"1986-09-10",381.643,NA,""
"1986-09-11",370.1,NA,""
"1986-09-12",354.897,NA,""
"1986-09-13",351.129,NA,""
"1986-09-14",336.197,NA,""
"1986-09-15",321.486,NA,""
"1986-09-16",306.999,NA,""
"1986-09-17",299.84,NA,""
"1986-09-18",292.739,NA,""
"1986-09-19",292.739,46.6965,"TM/Landsat-5"
"1986-09-20",289.21,NA,""
"1986-09-21",285.695,NA,""
"1986-09-22",289.21,NA,""
"1986-09-23",303.412,NA,""
"1986-09-24",306.999,NA,""
"1986-09-25",299.84,NA,""
"1986-09-26",289.21,NA,""
"1986-09-27",282.195,NA,""
"1986-09-28",275.239,NA,""
"1986-09-29",268.342,NA,""
"1986-09-30",292.739,NA,""
"1986-10-01",325.143,NA,""
"1986-10-02",377.782,NA,""
"1986-10-03",511.966,NA,""
"1986-10-04",564.076,NA,""
"1986-10-05",524.833,NA,""
"1986-10-06",441.124,NA,""
"1986-10-07",393.306,NA,""
"1986-10-08",381.643,NA,""
"1986-10-09",358.677,NA,""
"1986-10-10",343.636,NA,""
"1986-10-11",339.91,NA,""
"1986-10-12",325.143,NA,""
"1986-10-13",328.814,NA,""
"1986-10-14",339.91,NA,""
"1986-10-15",362.471,NA,""
"1986-10-16",351.129,NA,""
"1986-10-17",332.499,NA,""
"1986-10-18",321.486,NA,""
"1986-10-19",314.214,NA,""
"1986-10-20",314.214,NA,""
"1986-10-21",321.486,70.507,"TM/Landsat-5"
"1986-10-22",336.197,NA,""
"1986-10-23",347.376,NA,""
"1986-10-24",358.677,NA,""
"1986-10-25",428.996,NA,""
"1986-10-26",499.207,NA,""
"1986-10-27",516.243,NA,""
"1986-10-28",486.557,NA,""
"1986-10-29",441.124,NA,""
"1986-10-30",428.996,NA,""
"1986-10-31",461.589,NA,""
"1986-11-01",465.719,NA,""
"1986-11-02",428.996,NA,""
"1986-11-03",441.124,NA,""
"1986-11-04",416.983,NA,""
"1986-11-05",397.219,NA,""
"1986-11-06",389.405,163.373,"TM/Landsat-5"
"1986-11-07",385.517,NA,""
"1986-11-08",370.1,NA,""
"1986-11-09",325.143,NA,""
"1986-11-10",317.843,NA,""
"1986-11-11",328.814,NA,""
"1986-11-12",381.643,NA,""
"1986-11-13",511.966,NA,""
"1986-11-14",546.517,NA,""
"1986-11-15",654.635,NA,""
"1986-11-16",859.057,NA,""
"1986-11-17",769.159,NA,""
"1986-11-18",626.991,NA,""
"1986-11-19",542.156,NA,""
"1986-11-20",486.557,NA,""
"1986-11-21",437.069,NA,""
"1986-11-22",420.975,193.658,"TM/Landsat-5"
"1986-11-23",461.589,NA,""
"1986-11-24",486.557,NA,""
"1986-11-25",453.365,NA,""
"1986-11-26",409.039,NA,""
"1986-11-27",377.782,NA,""
"1986-11-28",354.897,NA,""
"1986-11-29",332.499,NA,""
"1986-11-30",325.143,NA,""
"1986-12-01",325.143,NA,""
"1986-12-02",366.279,NA,""
"1986-12-03",550.889,NA,""
"1986-12-04",739.947,NA,""
"1986-12-05",910.432,NA,""
"1986-12-06",879.486,NA,""
"1986-12-07",838.791,NA,""
"1986-12-08",793.793,113.68,"TM/Landsat-5"
"1986-12-09",711.118,NA,""
"1986-12-10",622.423,NA,""
"1986-12-11",546.517,NA,""
"1986-12-12",546.517,NA,""
"1986-12-13",577.368,NA,""
"1986-12-14",617.867,NA,""
"1986-12-15",739.947,NA,""
"1986-12-16",859.057,NA,""
"1986-12-17",905.249,NA,""
"1986-12-18",1216.1,NA,""
"1986-12-19",1204.68,NA,""
"1986-12-20",1065,NA,""
"1986-12-21",973.399,NA,""
"1986-12-22",848.903,NA,""
"1986-12-23",769.159,NA,""
"1986-12-24",754.505,NA,""
"1986-12-25",926.04,NA,""
"1986-12-26",1568.99,NA,""
"1986-12-27",2052.04,NA,""
"1986-12-28",2573.72,NA,""
"1986-12-29",2996.38,NA,""
"1986-12-30",3098.55,NA,""
"1986-12-31",3024.12,NA,""
"1987-01-01",2959.52,NA,""
"1987-01-02",2895.42,NA,""
"1987-01-03",2750.79,NA,""
"1987-01-04",2538.81,NA,""
"1987-01-05",2249,NA,""
"1987-01-06",2052.04,NA,""
"1987-01-07",1940.13,NA,""
"1987-01-08",1877.19,NA,""
"1987-01-09",1663.44,211.315,"TM/Landsat-5"
"1987-01-10",1476.42,NA,""
"1987-01-11",1350.05,NA,""
"1987-01-12",1291.23,NA,""
"1987-01-13",1361.92,NA,""
"1987-01-14",1350.05,NA,""
"1987-01-15",1482.53,NA,""
"1987-01-16",1494.78,NA,""
"1987-01-17",1297.07,NA,""
"1987-01-18",1164.98,NA,""
"1987-01-19",1239.05,NA,""
"1987-01-20",1181.94,NA,""
"1987-01-21",1043.2,NA,""
"1987-01-22",1136.91,NA,""
"1987-01-23",1415.76,NA,""
"1987-01-24",1593.99,NA,""
"1987-01-25",1606.55,NA,""
"1987-01-26",1830.47,NA,""
"1987-01-27",2375.32,NA,""
"1987-01-28",2600.01,NA,""
"1987-01-29",2573.72,NA,""
"1987-01-30",2443.69,NA,""
"1987-01-31",2443.69,NA,""
"1987-02-01",2282.45,NA,""
"1987-02-02",2076.31,NA,""
"1987-02-03",1979.84,NA,""
"1987-02-04",1932.22,NA,""
"1987-02-05",1861.57,NA,""
"1987-02-06",1766.23,NA,""
"1987-02-07",1669.81,NA,""
"1987-02-08",1531.73,NA,""
"1987-02-09",1470.31,NA,""
"1987-02-10",1391.75,NA,""
"1987-02-11",1385.76,NA,""
"1987-02-12",1494.78,NA,""
"1987-02-13",1638.07,NA,""
"1987-02-14",1772.72,NA,""
"1987-02-15",1799.55,NA,""
"1987-02-16",1708.16,NA,""
"1987-02-17",1568.99,NA,""
"1987-02-18",1644.4,NA,""
"1987-02-19",1714.58,NA,""
"1987-02-20",1606.55,NA,""
"1987-02-21",1550.32,NA,""
"1987-02-22",1439.92,NA,""
"1987-02-23",1433.87,NA,""
"1987-02-24",1513.22,NA,""
"1987-02-25",1397.74,NA,""
"1987-02-26",1221.82,NA,""
"1987-02-27",1142.5,NA,""
"1987-02-28",1148.11,NA,""
"1987-03-01",1164.98,NA,""
"1987-03-02",1267.95,NA,""
"1987-03-03",1385.76,NA,""
"1987-03-04",1433.87,NA,""
"1987-03-05",1663.44,NA,""
"1987-03-06",1688.94,NA,""
"1987-03-07",1581.47,NA,""
"1987-03-08",1581.47,NA,""
"1987-03-09",1892.85,NA,""
"1987-03-10",2486.77,NA,""
"1987-03-11",2840.88,NA,""
"1987-03-12",2996.38,NA,""
"1987-03-13",3042.67,NA,""
"1987-03-14",2941.16,NA,""
"1987-03-15",2679.46,NA,""
"1987-03-16",2316.07,NA,""
"1987-03-17",1971.88,NA,""
"1987-03-18",1695.34,NA,""
"1987-03-19",1581.47,NA,""
"1987-03-20",1562.76,NA,""
"1987-03-21",1575.23,NA,""
"1987-03-22",1525.55,NA,""
"1987-03-23",1439.92,NA,""
"1987-03-24",1385.76,NA,""
"1987-03-25",1355.98,NA,""
"1987-03-26",1397.74,NA,""
"1987-03-27",1427.83,NA,""
"1987-03-28",1458.13,NA,""
"1987-03-29",1513.22,NA,""
"1987-03-30",1531.73,45.414,"TM/Landsat-5"
"1987-03-31",1470.31,NA,""
"1987-04-01",1600.27,NA,""
"1987-04-02",1625.44,NA,""
"1987-04-03",1452.05,NA,""
"1987-04-04",1326.42,NA,""
"1987-04-05",1513.22,NA,""
"1987-04-06",1644.4,NA,""
"1987-04-07",1861.57,NA,""
"1987-04-08",1853.77,NA,""
"1987-04-09",1714.58,NA,""
"1987-04-10",1682.56,NA,""
"1987-04-11",1606.55,NA,""
"1987-04-12",1476.42,NA,""
"1987-04-13",1279.57,NA,""
"1987-04-14",1159.35,NA,""
"1987-04-15",1109.06,NA,""
"1987-04-16",1092.47,NA,""
"1987-04-17",1097.99,NA,""
"1987-04-18",1070.48,NA,""
"1987-04-19",1054.08,NA,""
"1987-04-20",1000.05,NA,""
"1987-04-21",931.263,NA,""
"1987-04-22",920.828,NA,""
"1987-04-23",1032.35,NA,""
"1987-04-24",1350.05,NA,""
"1987-04-25",1314.65,NA,""
"1987-04-26",1131.32,NA,""
"1987-04-27",1021.55,NA,""
"1987-04-28",968.097,NA,""
"1987-04-29",915.625,NA,""
"1987-04-30",889.761,NA,""
"1987-05-01",879.486,166.177,"TM/Landsat-5"
"1987-05-02",973.399,NA,""
"1987-05-03",1097.99,NA,""
"1987-05-04",1092.47,NA,""
"1987-05-05",1097.99,NA,""
"1987-05-06",1131.32,NA,""
"1987-05-07",1026.95,NA,""
"1987-05-08",941.738,NA,""
"1987-05-09",884.619,NA,""
"1987-05-10",853.975,NA,""
"1987-05-11",828.719,NA,""
"1987-05-12",818.688,NA,""
"1987-05-13",808.699,NA,""
"1987-05-14",788.846,NA,""
"1987-05-15",769.159,NA,""
"1987-05-16",749.642,NA,""
"1987-05-17",730.294,68.726,"TM/Landsat-5"
"1987-05-18",715.896,NA,""
"1987-05-19",706.351,NA,""
"1987-05-20",696.85,NA,""
"1987-05-21",687.392,NA,""
"1987-05-22",677.978,NA,""
"1987-05-23",663.939,NA,""
"1987-05-24",659.282,NA,""
"1987-05-25",659.282,NA,""
"1987-05-26",682.68,NA,""
"1987-05-27",636.161,NA,""
"1987-05-28",613.321,NA,""
"1987-05-29",595.253,NA,""
"1987-05-30",590.765,NA,""
"1987-05-31",572.926,NA,""
"1987-06-01",572.926,NA,""
"1987-06-02",577.368,NA,""
"1987-06-03",572.926,NA,""
"1987-06-04",564.076,NA,""
"1987-06-05",564.076,NA,""
"1987-06-06",559.669,NA,""
"1987-06-07",550.889,NA,""
"1987-06-08",550.889,NA,""
"1987-06-09",550.889,NA,""
"1987-06-10",546.517,NA,""
"1987-06-11",542.156,NA,""
"1987-06-12",559.669,NA,""
"1987-06-13",564.076,NA,""
"1987-06-14",555.273,NA,""
"1987-06-15",542.156,NA,""
"1987-06-16",524.833,NA,""
"1987-06-17",516.243,NA,""
"1987-06-18",490.761,94.559,"TM/Landsat-5"
"1987-06-19",486.557,NA,""
"1987-06-20",482.365,NA,""
"1987-06-21",478.185,NA,""
"1987-06-22",469.862,NA,""
"1987-06-23",465.719,NA,""
"1987-06-24",482.365,NA,""
"1987-06-25",503.448,NA,""
"1987-06-26",524.833,NA,""
"1987-06-27",546.517,NA,""
"1987-06-28",568.495,NA,""
"1987-06-29",608.787,NA,""
"1987-06-30",626.991,NA,""
"1987-07-01",617.867,NA,""
"1987-07-02",595.253,NA,""
"1987-07-03",564.076,NA,""
"1987-07-04",520.532,113.496,"TM/Landsat-5"
"1987-07-05",482.365,NA,""
"1987-07-06",478.185,NA,""
"1987-07-07",469.862,NA,""
"1987-07-08",461.589,NA,""
"1987-07-09",453.365,NA,""
"1987-07-10",449.272,NA,""
"1987-07-11",441.124,NA,""
"1987-07-12",437.069,NA,""
"1987-07-13",433.026,NA,""
"1987-07-14",428.996,NA,""
"1987-07-15",424.979,NA,""
"1987-07-16",424.979,NA,""
"1987-07-17",420.975,NA,""
"1987-07-18",413.004,NA,""
"1987-07-19",409.039,NA,""
"1987-07-20",405.086,73.683,"TM/Landsat-5"
"1987-07-21",397.219,NA,""
"1987-07-22",389.405,NA,""
"1987-07-23",385.517,NA,""
"1987-07-24",385.517,NA,""
"1987-07-25",381.643,NA,""
"1987-07-26",381.643,NA,""
"1987-07-27",377.782,NA,""
"1987-07-28",373.934,NA,""
"1987-07-29",370.1,NA,""
"1987-07-30",366.279,NA,""
"1987-07-31",362.471,NA,""
"1987-08-01",362.471,NA,""
"1987-08-02",362.471,NA,""
"1987-08-03",362.471,NA,""
"1987-08-04",358.677,NA,""
"1987-08-05",362.471,57.198,"TM/Landsat-5"
"1987-08-06",362.471,NA,""
"1987-08-07",362.471,NA,""
"1987-08-08",362.471,NA,""
"1987-08-09",362.471,NA,""
"1987-08-10",370.1,NA,""
"1987-08-11",381.643,NA,""
"1987-08-12",389.405,NA,""
"1987-08-13",389.405,NA,""
"1987-08-14",377.782,NA,""
"1987-08-15",370.1,NA,""
"1987-08-16",366.279,NA,""
"1987-08-17",358.677,NA,""
"1987-08-18",351.129,NA,""
"1987-08-19",343.636,NA,""
"1987-08-20",339.91,NA,""
"1987-08-21",336.197,57.337,"TM/Landsat-5"
"1987-08-22",336.197,NA,""
"1987-08-23",332.499,NA,""
"1987-08-24",328.814,NA,""
"1987-08-25",328.814,NA,""
"1987-08-26",321.486,NA,""
"1987-08-27",317.843,NA,""
"1987-08-28",317.843,NA,""
"1987-08-29",314.214,NA,""
"1987-08-30",317.843,NA,""
"1987-08-31",332.499,NA,""
"1987-09-01",336.197,NA,""
"1987-09-02",325.143,NA,""
"1987-09-03",314.214,NA,""
"1987-09-04",306.999,NA,""
"1987-09-05",303.412,NA,""
"1987-09-06",299.84,NA,""
"1987-09-07",299.84,NA,""
"1987-09-08",296.282,NA,""
"1987-09-09",292.739,NA,""
"1987-09-10",292.739,NA,""
"1987-09-11",289.21,NA,""
"1987-09-12",289.21,NA,""
"1987-09-13",289.21,NA,""
"1987-09-14",292.739,NA,""
"1987-09-15",296.282,NA,""
"1987-09-16",306.999,NA,""
"1987-09-17",328.814,NA,""
"1987-09-18",321.486,NA,""
"1987-09-19",310.599,NA,""
"1987-09-20",303.412,NA,""
"1987-09-21",296.282,NA,""
"1987-09-22",299.84,NA,""
"1987-09-23",299.84,NA,""
"1987-09-24",303.412,NA,""
"1987-09-25",306.999,NA,""
"1987-09-26",328.814,NA,""
"1987-09-27",347.376,NA,""
"1987-09-28",351.129,NA,""
"1987-09-29",362.471,NA,""
"1987-09-30",358.677,NA,""
"1987-10-01",370.1,NA,""
"1987-10-02",401.146,NA,""
"1987-10-03",370.1,NA,""
"1987-10-04",343.636,NA,""
"1987-10-05",325.143,NA,""
"1987-10-06",358.677,NA,""
"1987-10-07",393.306,NA,""
"1987-10-08",385.517,83.297,"TM/Landsat-5"
"1987-10-09",385.517,NA,""
"1987-10-10",469.862,NA,""
"1987-10-11",568.495,NA,""
"1987-10-12",564.076,NA,""
"1987-10-13",482.365,NA,""
"1987-10-14",424.979,NA,""
"1987-10-15",385.517,NA,""
"1987-10-16",354.897,NA,""
"1987-10-17",328.814,NA,""
"1987-10-18",314.214,NA,""
"1987-10-19",306.999,NA,""
"1987-10-20",303.412,NA,""
"1987-10-21",292.739,NA,""
"1987-10-22",275.239,NA,""
"1987-10-23",289.21,NA,""
"1987-10-24",317.843,NA,""
"1987-10-25",389.405,NA,""
"1987-10-26",453.365,NA,""
"1987-10-27",503.448,NA,""
"1987-10-28",599.753,NA,""
"1987-10-29",813.689,NA,""
"1987-10-30",788.846,NA,""
"1987-10-31",682.68,NA,""
"1987-11-01",590.765,NA,""
"1987-11-02",559.669,NA,""
"1987-11-03",564.076,NA,""
"1987-11-04",613.321,NA,""
"1987-11-05",636.161,NA,""
"1987-11-06",577.368,NA,""
"1987-11-07",503.448,NA,""
"1987-11-08",469.862,NA,""
"1987-11-09",478.185,NA,""
"1987-11-10",572.926,NA,""
"1987-11-11",581.822,NA,""
"1987-11-12",577.368,NA,""
"1987-11-13",617.867,NA,""
"1987-11-14",701.595,NA,""
"1987-11-15",869.251,NA,""
"1987-11-16",936.495,NA,""
"1987-11-17",968.097,NA,""
"1987-11-18",1136.91,NA,""
"1987-11-19",1308.78,NA,""
"1987-11-20",1250.59,NA,""
"1987-11-21",1048.64,NA,""
"1987-11-22",889.761,NA,""
"1987-11-23",769.159,NA,""
"1987-11-24",720.685,NA,""
"1987-11-25",692.116,NA,""
"1987-11-26",677.978,NA,""
"1987-11-27",744.789,NA,""
"1987-11-28",1125.74,NA,""
"1987-11-29",1638.07,NA,""
"1987-11-30",1892.85,NA,""
"1987-12-01",1721.01,NA,""
"1987-12-02",1537.92,NA,""
"1987-12-03",1452.05,NA,""
"1987-12-04",1612.83,NA,""
"1987-12-05",1853.77,NA,""
"1987-12-06",2190.89,NA,""
"1987-12-07",2564.98,NA,""
"1987-12-08",2556.25,NA,""
"1987-12-09",2316.07,NA,""
"1987-12-10",2125.15,NA,""
"1987-12-11",2019.84,NA,""
"1987-12-12",2043.97,NA,""
"1987-12-13",2116.98,NA,""
"1987-12-14",2324.5,NA,""
"1987-12-15",2688.34,NA,""
"1987-12-16",2795.7,NA,""
"1987-12-17",2895.42,NA,""
"1987-12-18",2950.34,NA,""
"1987-12-19",3005.62,NA,""
"1987-12-20",3136.01,NA,""
"1987-12-21",3287.42,NA,""
"1987-12-22",3431.65,NA,""
"1987-12-23",3509.47,NA,""
"1987-12-24",3421.97,NA,""
"1987-12-25",3316.09,NA,""
"1987-12-26",3136.01,NA,""
"1987-12-27",2886.31,NA,""
"1987-12-28",2504.07,NA,""
"1987-12-29",2133.33,NA,""
"1987-12-30",2060.12,NA,""
"1987-12-31",2133.33,NA,""
"1988-01-01",2108.82,NA,""
"1988-01-02",1908.57,NA,""
"1988-01-03",1900.7,NA,""
"1988-01-04",2249,NA,""
"1988-01-05",2521.42,NA,""
"1988-01-06",2512.74,NA,""
"1988-01-07",2495.41,NA,""
"1988-01-08",2392.35,NA,""
"1988-01-09",2478.13,NA,""
"1988-01-10",2706.13,NA,""
"1988-01-11",2922.83,NA,""
"1988-01-12",3107.9,NA,""
"1988-01-13",3220.86,NA,""
"1988-01-14",3335.25,NA,""
"1988-01-15",3460.76,NA,""
"1988-01-16",3538.81,NA,""
"1988-01-17",3509.47,NA,""
"1988-01-18",3354.45,NA,""
"1988-01-19",3079.89,NA,""
"1988-01-20",2547.52,NA,""
"1988-01-21",2157.93,NA,""
"1988-01-22",1979.84,NA,""
"1988-01-23",1948.05,NA,""
"1988-01-24",1963.92,NA,""
"1988-01-25",1908.57,NA,""
"1988-01-26",1892.85,NA,""
"1988-01-27",1869.37,NA,""
"1988-01-28",1799.55,226.564,"TM/Landsat-5"
"1988-01-29",1740.34,NA,""
"1988-01-30",1663.44,NA,""
"1988-01-31",1494.78,NA,""
"1988-02-01",1482.53,NA,""
"1988-02-02",1568.99,NA,""
"1988-02-03",1544.12,NA,""
"1988-02-04",1464.22,NA,""
"1988-02-05",1600.27,NA,""
"1988-02-06",1753.27,NA,""
"1988-02-07",1963.92,NA,""
"1988-02-08",2043.97,NA,""
"1988-02-09",2076.31,NA,""
"1988-02-10",2166.15,NA,""
"1988-02-11",2538.81,NA,""
"1988-02-12",2886.31,NA,""
"1988-02-13",3061.26,NA,""
"1988-02-14",3183.05,NA,""
"1988-02-15",3239.83,NA,""
"1988-02-16",3211.4,NA,""
"1988-02-17",3173.62,NA,""
"1988-02-18",3211.4,NA,""
"1988-02-19",3258.84,NA,""
"1988-02-20",3277.88,NA,""
"1988-02-21",3277.88,NA,""
"1988-02-22",3277.88,NA,""
"1988-02-23",3277.88,NA,""
"1988-02-24",3211.4,NA,""
"1988-02-25",3033.39,NA,""
"1988-02-26",2950.34,NA,""
"1988-02-27",2950.34,NA,""
"1988-02-28",3033.39,NA,""
"1988-02-29",3117.26,NA,""
"1988-03-01",3154.8,NA,""
"1988-03-02",3145.4,NA,""
"1988-03-03",3107.9,NA,""
"1988-03-04",2996.38,NA,""
"1988-03-05",3005.62,NA,""
"1988-03-06",2968.72,NA,""
"1988-03-07",2813.74,NA,""
"1988-03-08",2652.88,NA,""
"1988-03-09",2688.34,NA,""
"1988-03-10",2741.83,NA,""
"1988-03-11",3005.62,NA,""
"1988-03-12",3220.86,NA,""
"1988-03-13",3441.35,NA,""
"1988-03-14",3857.13,NA,""
"1988-03-15",4437.18,NA,""
"1988-03-16",4934.84,NA,""
"1988-03-17",5145.82,NA,""
"1988-03-18",5078.86,NA,""
"1988-03-19",4934.84,NA,""
"1988-03-20",4857.91,NA,""
"1988-03-21",4890.83,NA,""
"1988-03-22",4857.91,NA,""
"1988-03-23",4672.85,NA,""
"1988-03-24",4426.57,NA,""
"1988-03-25",4153.92,NA,""
"1988-03-26",3836.96,NA,""
"1988-03-27",3529.02,NA,""
"1988-03-28",3183.05,NA,""
"1988-03-29",2950.34,NA,""
"1988-03-30",2741.83,NA,""
"1988-03-31",2495.41,NA,""
"1988-04-01",2299.23,78.252,"TM/Landsat-5"
"1988-04-02",2141.52,NA,""
"1988-04-03",2043.97,NA,""
"1988-04-04",1932.22,NA,""
"1988-04-05",1892.85,NA,""
"1988-04-06",2068.21,NA,""
"1988-04-07",2207.44,NA,""
"1988-04-08",2157.93,NA,""
"1988-04-09",2011.81,NA,""
"1988-04-10",1885.01,NA,""
"1988-04-11",1766.23,NA,""
"1988-04-12",1727.44,NA,""
"1988-04-13",1676.18,NA,""
"1988-04-14",1606.55,NA,""
"1988-04-15",1593.99,NA,""
"1988-04-16",1701.74,NA,""
"1988-04-17",2052.04,NA,""
"1988-04-18",2019.84,NA,""
"1988-04-19",2232.34,NA,""
"1988-04-20",2375.32,NA,""
"1988-04-21",2341.4,NA,""
"1988-04-22",2224.03,NA,""
"1988-04-23",2133.33,NA,""
"1988-04-24",2011.81,NA,""
"1988-04-25",1908.57,NA,""
"1988-04-26",1792.25,NA,""
"1988-04-27",1676.18,NA,""
"1988-04-28",1606.55,NA,""
"1988-04-29",1562.76,NA,""
"1988-04-30",1513.22,NA,""
"1988-05-01",1458.13,NA,""
"1988-05-02",1415.76,NA,""
"1988-05-03",1379.79,145.218,"TM/Landsat-5"
"1988-05-04",1332.31,NA,""
"1988-05-05",1302.92,NA,""
"1988-05-06",1273.76,NA,""
"1988-05-07",1250.59,NA,""
"1988-05-08",1227.56,NA,""
"1988-05-09",1187.61,NA,""
"1988-05-10",1159.35,NA,""
"1988-05-11",1153.73,NA,""
"1988-05-12",1136.91,NA,""
"1988-05-13",1109.06,NA,""
"1988-05-14",1070.48,NA,""
"1988-05-15",1054.08,NA,""
"1988-05-16",1037.77,NA,""
"1988-05-17",1021.55,NA,""
"1988-05-18",1005.41,NA,""
"1988-05-19",994.702,126.684,"TM/Landsat-5"
"1988-05-20",1005.41,NA,""
"1988-05-21",1065,NA,""
"1988-05-22",1136.91,NA,""
"1988-05-23",1065,NA,""
"1988-05-24",1010.78,NA,""
"1988-05-25",973.399,NA,""
"1988-05-26",946.99,NA,""
"1988-05-27",926.04,NA,""
"1988-05-28",910.432,NA,""
"1988-05-29",905.249,NA,""
"1988-05-30",900.077,NA,""
"1988-05-31",894.914,NA,""
"1988-06-01",874.364,NA,""
"1988-06-02",864.149,NA,""
"1988-06-03",869.251,NA,""
"1988-06-04",874.364,NA,""
"1988-06-05",869.251,NA,""
"1988-06-06",843.842,NA,""
"1988-06-07",828.719,NA,""
"1988-06-08",828.719,NA,""
"1988-06-09",828.719,NA,""
"1988-06-10",813.689,NA,""
"1988-06-11",798.752,NA,""
"1988-06-12",788.846,NA,""
"1988-06-13",778.982,NA,""
"1988-06-14",764.264,NA,""
"1988-06-15",754.505,NA,""
"1988-06-16",744.789,NA,""
"1988-06-17",739.947,NA,""
"1988-06-18",725.484,NA,""
"1988-06-19",720.685,NA,""
"1988-06-20",715.896,NA,""
"1988-06-21",706.351,NA,""
"1988-06-22",696.85,NA,""
"1988-06-23",687.392,NA,""
"1988-06-24",682.68,NA,""
"1988-06-25",673.287,NA,""
"1988-06-26",668.608,NA,""
"1988-06-27",663.939,NA,""
"1988-06-28",659.282,NA,""
"1988-06-29",654.635,NA,""
"1988-06-30",645.376,NA,""
"1988-07-01",640.763,NA,""
"1988-07-02",636.161,NA,""
"1988-07-03",626.991,NA,""
"1988-07-04",622.423,NA,""
"1988-07-05",617.867,NA,""
"1988-07-06",608.787,93.59,"TM/Landsat-5"
"1988-07-07",604.264,NA,""
"1988-07-08",599.753,NA,""
"1988-07-09",590.765,NA,""
"1988-07-10",586.288,NA,""
"1988-07-11",581.822,NA,""
"1988-07-12",572.926,NA,""
"1988-07-13",568.495,NA,""
"1988-07-14",564.076,NA,""
"1988-07-15",559.669,NA,""
"1988-07-16",555.273,NA,""
"1988-07-17",550.889,NA,""
"1988-07-18",546.517,NA,""
"1988-07-19",542.156,NA,""
"1988-07-20",537.808,NA,""
"1988-07-21",533.471,NA,""
"1988-07-22",529.146,90.452,"TM/Landsat-5"
"1988-07-23",520.532,NA,""
"1988-07-24",516.243,NA,""
"1988-07-25",511.966,NA,""
"1988-07-26",507.701,NA,""
"1988-07-27",503.448,NA,""
"1988-07-28",499.207,NA,""
"1988-07-29",494.978,NA,""
"1988-07-30",490.761,NA,""
"1988-07-31",486.557,NA,""
"1988-08-01",478.185,NA,""
"1988-08-02",474.017,NA,""
"1988-08-03",469.862,NA,""
"1988-08-04",465.719,NA,""
"1988-08-05",461.589,NA,""
"1988-08-06",457.471,NA,""
"1988-08-07",453.365,70.392,"TM/Landsat-5"
"1988-08-08",449.272,NA,""
"1988-08-09",445.192,NA,""
"1988-08-10",437.069,NA,""
"1988-08-11",433.026,NA,""
"1988-08-12",428.996,NA,""
"1988-08-13",424.979,NA,""
"1988-08-14",420.975,NA,""
"1988-08-15",416.983,NA,""
"1988-08-16",413.004,NA,""
"1988-08-17",409.039,NA,""
"1988-08-18",405.086,NA,""
"1988-08-19",401.146,NA,""
"1988-08-20",397.219,NA,""
"1988-08-21",393.306,NA,""
"1988-08-22",393.306,NA,""
"1988-08-23",389.405,NA,""
"1988-08-24",389.405,NA,""
"1988-08-25",385.517,NA,""
"1988-08-26",381.643,NA,""
"1988-08-27",377.782,NA,""
"1988-08-28",373.934,NA,""
"1988-08-29",370.1,NA,""
"1988-08-30",370.1,NA,""
"1988-08-31",370.1,NA,""
"1988-09-01",370.1,NA,""
"1988-09-02",366.279,NA,""
"1988-09-03",362.471,NA,""
"1988-09-04",362.471,NA,""
"1988-09-05",354.897,NA,""
"1988-09-06",347.376,NA,""
"1988-09-07",343.636,NA,""
"1988-09-08",339.91,63.241,"TM/Landsat-5"
"1988-09-09",339.91,NA,""
"1988-09-10",336.197,NA,""
"1988-09-11",332.499,NA,""
"1988-09-12",328.814,NA,""
"1988-09-13",328.814,NA,""
"1988-09-14",325.143,NA,""
"1988-09-15",325.143,NA,""
"1988-09-16",325.143,NA,""
"1988-09-17",328.814,NA,""
"1988-09-18",332.499,NA,""
"1988-09-19",347.376,NA,""
"1988-09-20",362.471,NA,""
"1988-09-21",366.279,NA,""
"1988-09-22",385.517,NA,""
"1988-09-23",401.146,NA,""
"1988-09-24",377.782,67.519,"TM/Landsat-5"
"1988-09-25",351.129,NA,""
"1988-09-26",336.197,NA,""
"1988-09-27",328.814,NA,""
"1988-09-28",321.486,NA,""
"1988-09-29",317.843,NA,""
"1988-09-30",321.486,NA,""
"1988-10-01",314.214,NA,""
"1988-10-02",303.412,NA,""
"1988-10-03",306.999,NA,""
"1988-10-04",325.143,NA,""
"1988-10-05",381.643,NA,""
"1988-10-06",445.192,NA,""
"1988-10-07",474.017,NA,""
"1988-10-08",474.017,NA,""
"1988-10-09",461.589,NA,""
"1988-10-10",564.076,NA,""
"1988-10-11",542.156,NA,""
"1988-10-12",457.471,NA,""
"1988-10-13",433.026,NA,""
"1988-10-14",433.026,NA,""
"1988-10-15",409.039,NA,""
"1988-10-16",393.306,NA,""
"1988-10-17",424.979,NA,""
"1988-10-18",437.069,NA,""
"1988-10-19",413.004,NA,""
"1988-10-20",389.405,NA,""
"1988-10-21",377.782,NA,""
"1988-10-22",370.1,NA,""
"1988-10-23",362.471,NA,""
"1988-10-24",373.934,NA,""
"1988-10-25",366.279,NA,""
"1988-10-26",377.782,NA,""
"1988-10-27",413.004,NA,""
"1988-10-28",441.124,NA,""
"1988-10-29",469.862,NA,""
"1988-10-30",486.557,NA,""
"1988-10-31",590.765,NA,""
"1988-11-01",677.978,NA,""
"1988-11-02",696.85,NA,""
"1988-11-03",677.978,NA,""
"1988-11-04",577.368,NA,""
"1988-11-05",533.471,NA,""
"1988-11-06",537.808,NA,""
"1988-11-07",599.753,NA,""
"1988-11-08",626.991,NA,""
"1988-11-09",595.253,NA,""
"1988-11-10",533.471,NA,""
"1988-11-11",537.808,190.805,"TM/Landsat-5"
"1988-11-12",524.833,NA,""
"1988-11-13",511.966,NA,""
"1988-11-14",494.978,NA,""
"1988-11-15",478.185,NA,""
"1988-11-16",433.026,NA,""
"1988-11-17",428.996,NA,""
"1988-11-18",457.471,NA,""
"1988-11-19",469.862,NA,""
"1988-11-20",478.185,NA,""
"1988-11-21",494.978,NA,""
"1988-11-22",529.146,NA,""
"1988-11-23",529.146,NA,""
"1988-11-24",542.156,NA,""
"1988-11-25",520.532,NA,""
"1988-11-26",559.669,NA,""
"1988-11-27",744.789,NA,""
"1988-11-28",754.505,NA,""
"1988-11-29",778.982,NA,""
"1988-11-30",1059.54,NA,""
"1988-12-01",1037.77,NA,""
"1988-12-02",952.252,NA,""
"1988-12-03",818.688,NA,""
"1988-12-04",1097.99,NA,""
"1988-12-05",1519.38,NA,""
"1988-12-06",1344.13,NA,""
"1988-12-07",1103.52,NA,""
"1988-12-08",900.077,NA,""
"1988-12-09",759.379,NA,""
"1988-12-10",687.392,NA,""
"1988-12-11",631.571,NA,""
"1988-12-12",654.635,NA,""
"1988-12-13",739.947,NA,""
"1988-12-14",788.846,NA,""
"1988-12-15",788.846,NA,""
"1988-12-16",936.495,NA,""
"1988-12-17",1216.1,NA,""
"1988-12-18",1314.65,NA,""
"1988-12-19",1273.76,NA,""
"1988-12-20",1153.73,NA,""
"1988-12-21",1092.47,NA,""
"1988-12-22",1021.55,NA,""
"1988-12-23",952.252,NA,""
"1988-12-24",905.249,NA,""
"1988-12-25",1250.59,NA,""
"1988-12-26",1550.32,NA,""
"1988-12-27",1772.72,NA,""
"1988-12-28",2068.21,NA,""
"1988-12-29",2141.52,251.403,"TM/Landsat-5"
"1988-12-30",1892.85,NA,""
"1988-12-31",1550.32,NA,""
"1989-01-01",1320.53,NA,""
"1989-01-02",1181.94,NA,""
"1989-01-03",1081.46,NA,""
"1989-01-04",1021.55,NA,""
"1989-01-05",1256.36,NA,""
"1989-01-06",1727.44,NA,""
"1989-01-07",2190.89,NA,""
"1989-01-08",2886.31,NA,""
"1989-01-09",3051.96,NA,""
"1989-01-10",3239.83,NA,""
"1989-01-11",3431.65,NA,""
"1989-01-12",3568.24,NA,""
"1989-01-13",3316.09,NA,""
"1989-01-14",3164.2,140.334,"TM/Landsat-5"
"1989-01-15",2831.82,NA,""
"1989-01-16",2679.46,NA,""
"1989-01-17",2274.07,NA,""
"1989-01-18",2207.44,NA,""
"1989-01-19",2141.52,NA,""
"1989-01-20",2076.31,NA,""
"1989-01-21",1963.92,NA,""
"1989-01-22",1869.37,NA,""
"1989-01-23",1792.25,NA,""
"1989-01-24",1727.44,NA,""
"1989-01-25",1544.12,NA,""
"1989-01-26",1403.74,NA,""
"1989-01-27",1391.75,NA,""
"1989-01-28",1519.38,NA,""
"1989-01-29",1581.47,NA,""
"1989-01-30",1581.47,NA,""
"1989-01-31",1695.34,NA,""
"1989-02-01",1676.18,NA,""
"1989-02-02",1531.73,NA,""
"1989-02-03",1575.23,NA,""
"1989-02-04",1537.92,NA,""
"1989-02-05",1452.05,NA,""
"1989-02-06",1470.31,NA,""
"1989-02-07",1556.54,NA,""
"1989-02-08",1727.44,NA,""
"1989-02-09",1948.05,NA,""
"1989-02-10",1963.92,NA,""
"1989-02-11",2274.07,NA,""
"1989-02-12",2341.4,NA,""
"1989-02-13",2849.94,NA,""
"1989-02-14",3070.57,NA,""
"1989-02-15",3364.07,NA,""
"1989-02-16",3666.96,NA,""
"1989-02-17",3756.62,NA,""
"1989-02-18",3627.36,NA,""
"1989-02-19",3480.22,NA,""
"1989-02-20",3335.25,NA,""
"1989-02-21",3145.4,NA,""
"1989-02-22",2996.38,NA,""
"1989-02-23",2759.75,NA,""
"1989-02-24",2652.88,NA,""
"1989-02-25",2460.89,NA,""
"1989-02-26",2400.88,NA,""
"1989-02-27",2358.34,NA,""
"1989-02-28",2299.23,NA,""
"1989-03-01",2027.87,NA,""
"1989-03-02",1746.8,NA,""
"1989-03-03",1676.18,70.786,"TM/Landsat-5"
"1989-03-04",1587.73,NA,""
"1989-03-05",1562.76,NA,""
"1989-03-06",1612.83,NA,""
"1989-03-07",1733.89,NA,""
"1989-03-08",1822.72,NA,""
"1989-03-09",1740.34,NA,""
"1989-03-10",1669.81,NA,""
"1989-03-11",1721.01,NA,""
"1989-03-12",1838.22,NA,""
"1989-03-13",1746.8,NA,""
"1989-03-14",1799.55,NA,""
"1989-03-15",2019.84,NA,""
"1989-03-16",2324.5,NA,""
"1989-03-17",2617.6,NA,""
"1989-03-18",2813.74,NA,""
"1989-03-19",2904.55,42.976,"TM/Landsat-5"
"1989-03-20",2968.72,NA,""
"1989-03-21",2987.15,NA,""
"1989-03-22",2795.7,NA,""
"1989-03-23",2831.82,NA,""
"1989-03-24",2804.72,NA,""
"1989-03-25",2617.6,NA,""
"1989-03-26",2469.5,NA,""
"1989-03-27",2249,NA,""
"1989-03-28",2125.15,NA,""
"1989-03-29",1979.84,NA,""
"1989-03-30",1838.22,NA,""
"1989-03-31",1740.34,NA,""
"1989-04-01",1676.18,NA,""
"1989-04-02",1631.75,NA,""
"1989-04-03",1600.27,NA,""
"1989-04-04",1550.32,NA,""
"1989-04-05",1488.65,NA,""
"1989-04-06",1427.83,NA,""
"1989-04-07",1344.13,NA,""
"1989-04-08",1279.57,NA,""
"1989-04-09",1216.1,NA,""
"1989-04-10",1159.35,NA,""
"1989-04-11",1131.32,NA,""
"1989-04-12",1097.99,NA,""
"1989-04-13",1070.48,NA,""
"1989-04-14",1153.73,NA,""
"1989-04-15",1452.05,NA,""
"1989-04-16",1593.99,NA,""
"1989-04-17",1464.22,NA,""
"1989-04-18",1373.82,NA,""
"1989-04-19",1262.15,NA,""
"1989-04-20",1176.28,200.84,"TM/Landsat-5"
"1989-04-21",1164.98,NA,""
"1989-04-22",1256.36,NA,""
"1989-04-23",1262.15,NA,""
"1989-04-24",1170.63,NA,""
"1989-04-25",1109.06,NA,""
"1989-04-26",1037.77,NA,""
"1989-04-27",989.361,NA,""
"1989-04-28",946.99,NA,""
"1989-04-29",968.097,NA,""
"1989-04-30",994.702,NA,""
"1989-05-01",952.252,NA,""
"1989-05-02",920.828,NA,""
"1989-05-03",989.361,NA,""
"1989-05-04",1070.48,NA,""
"1989-05-05",1075.96,NA,""
"1989-05-06",1081.46,101.999,"TM/Landsat-5"
"1989-05-07",978.71,NA,""
"1989-05-08",941.738,NA,""
"1989-05-09",984.031,NA,""
"1989-05-10",1005.41,NA,""
"1989-05-11",910.432,NA,""
"1989-05-12",828.719,NA,""
"1989-05-13",793.793,NA,""
"1989-05-14",769.159,NA,""
"1989-05-15",749.642,NA,""
"1989-05-16",739.947,NA,""
"1989-05-17",715.896,NA,""
"1989-05-18",701.595,NA,""
"1989-05-19",687.392,NA,""
"1989-05-20",677.978,NA,""
"1989-05-21",663.939,NA,""
"1989-05-22",659.282,176.723,"TM/Landsat-5"
"1989-05-23",650,NA,""
"1989-05-24",640.763,NA,""
"1989-05-25",631.571,NA,""
"1989-05-26",631.571,NA,""
"1989-05-27",622.423,NA,""
"1989-05-28",617.867,NA,""
"1989-05-29",608.787,NA,""
"1989-05-30",599.753,NA,""
"1989-05-31",590.765,NA,""
"1989-06-01",586.288,NA,""
"1989-06-02",577.368,NA,""
"1989-06-03",572.926,NA,""
"1989-06-04",572.926,NA,""
"1989-06-05",564.076,NA,""
"1989-06-06",559.669,NA,""
"1989-06-07",555.273,131.672,"TM/Landsat-5"
"1989-06-08",546.517,NA,""
"1989-06-09",542.156,NA,""
"1989-06-10",537.808,NA,""
"1989-06-11",529.146,NA,""
"1989-06-12",524.833,NA,""
"1989-06-13",533.471,NA,""
"1989-06-14",568.495,NA,""
"1989-06-15",604.264,NA,""
"1989-06-16",572.926,NA,""
"1989-06-17",542.156,NA,""
"1989-06-18",533.471,NA,""
"1989-06-19",516.243,NA,""
"1989-06-20",511.966,NA,""
"1989-06-21",507.701,NA,""
"1989-06-22",503.448,NA,""
"1989-06-23",494.978,5.4565,"TM/Landsat-5"
"1989-06-24",486.557,NA,""
"1989-06-25",478.185,NA,""
"1989-06-26",469.862,NA,""
"1989-06-27",474.017,NA,""
"1989-06-28",482.365,NA,""
"1989-06-29",503.448,NA,""
"1989-06-30",533.471,NA,""
"1989-07-01",533.471,NA,""
"1989-07-02",577.368,NA,""
"1989-07-03",617.867,NA,""
"1989-07-04",604.264,NA,""
"1989-07-05",559.669,NA,""
"1989-07-06",533.471,NA,""
"1989-07-07",511.966,NA,""
"1989-07-08",490.761,NA,""
"1989-07-09",469.862,NA,""
"1989-07-10",457.471,NA,""
"1989-07-11",453.365,NA,""
"1989-07-12",449.272,NA,""
"1989-07-13",441.124,NA,""
"1989-07-14",437.069,NA,""
"1989-07-15",428.996,NA,""
"1989-07-16",424.979,NA,""
"1989-07-17",416.983,NA,""
"1989-07-18",413.004,NA,""
"1989-07-19",409.039,NA,""
"1989-07-20",401.146,NA,""
"1989-07-21",393.306,NA,""
"1989-07-22",389.405,NA,""
"1989-07-23",385.517,NA,""
"1989-07-24",381.643,NA,""
"1989-07-25",377.782,118.012,"TM/Landsat-5"
"1989-07-26",377.782,NA,""
"1989-07-27",373.934,NA,""
"1989-07-28",370.1,NA,""
"1989-07-29",370.1,NA,""
"1989-07-30",366.279,NA,""
"1989-07-31",385.517,NA,""
"1989-08-01",389.405,NA,""
"1989-08-02",416.983,NA,""
"1989-08-03",457.471,NA,""
"1989-08-04",461.589,NA,""
"1989-08-05",465.719,NA,""
"1989-08-06",453.365,NA,""
"1989-08-07",424.979,NA,""
"1989-08-08",420.975,NA,""
"1989-08-09",437.069,NA,""
"1989-08-10",453.365,NA,""
"1989-08-11",461.589,NA,""
"1989-08-12",445.192,NA,""
"1989-08-13",416.983,NA,""
"1989-08-14",405.086,NA,""
"1989-08-15",401.146,NA,""
"1989-08-16",381.643,NA,""
"1989-08-17",366.279,NA,""
"1989-08-18",354.897,NA,""
"1989-08-19",347.376,NA,""
"1989-08-20",339.91,NA,""
"1989-08-21",332.499,NA,""
"1989-08-22",328.814,NA,""
"1989-08-23",325.143,NA,""
"1989-08-24",317.843,NA,""
"1989-08-25",314.214,NA,""
"1989-08-26",303.412,NA,""
"1989-08-27",299.84,NA,""
"1989-08-28",296.282,NA,""
"1989-08-29",296.282,NA,""
"1989-08-30",303.412,NA,""
"1989-08-31",317.843,NA,""
"1989-09-01",336.197,NA,""
"1989-09-02",354.897,NA,""
"1989-09-03",373.934,NA,""
"1989-09-04",377.782,NA,""
"1989-09-05",366.279,NA,""
"1989-09-06",354.897,NA,""
"1989-09-07",351.129,NA,""
"1989-09-08",347.376,NA,""
"1989-09-09",347.376,NA,""
"1989-09-10",343.636,NA,""
"1989-09-11",343.636,NA,""
"1989-09-12",351.129,NA,""
"1989-09-13",362.471,NA,""
"1989-09-14",354.897,NA,""
"1989-09-15",351.129,NA,""
"1989-09-16",362.471,NA,""
"1989-09-17",347.376,NA,""
"1989-09-18",321.486,NA,""
"1989-09-19",303.412,NA,""
"1989-09-20",296.282,NA,""
"1989-09-21",285.695,NA,""
"1989-09-22",275.239,NA,""
"1989-09-23",268.342,NA,""
"1989-09-24",268.342,NA,""
"1989-09-25",261.504,NA,""
"1989-09-26",258.107,NA,""
"1989-09-27",261.504,76.9725,"TM/Landsat-5"
"1989-09-28",271.783,NA,""
"1989-09-29",268.342,NA,""
"1989-09-30",258.107,NA,""
"1989-10-01",254.726,NA,""
"1989-10-02",258.107,NA,""
"1989-10-03",264.915,NA,""
"1989-10-04",275.239,NA,""
"1989-10-05",271.783,NA,""
"1989-10-06",261.504,NA,""
"1989-10-07",261.504,NA,""
"1989-10-08",258.107,NA,""
"1989-10-09",254.726,NA,""
"1989-10-10",254.726,NA,""
"1989-10-11",258.107,NA,""
"1989-10-12",254.726,NA,""
"1989-10-13",258.107,NA,""
"1989-10-14",258.107,NA,""
"1989-10-15",258.107,NA,""
"1989-10-16",358.677,NA,""
"1989-10-17",482.365,NA,""
"1989-10-18",449.272,NA,""
"1989-10-19",397.219,NA,""
"1989-10-20",366.279,NA,""
"1989-10-21",339.91,NA,""
"1989-10-22",317.843,NA,""
"1989-10-23",314.214,NA,""
"1989-10-24",299.84,NA,""
"1989-10-25",292.739,NA,""
"1989-10-26",285.695,NA,""
"1989-10-27",303.412,NA,""
"1989-10-28",303.412,NA,""
"1989-10-29",310.599,NA,""
"1989-10-30",321.486,NA,""
"1989-10-31",405.086,NA,""
"1989-11-01",520.532,NA,""
"1989-11-02",478.185,NA,""
"1989-11-03",461.589,NA,""
"1989-11-04",474.017,NA,""
"1989-11-05",420.975,NA,""
"1989-11-06",377.782,NA,""
"1989-11-07",370.1,NA,""
"1989-11-08",437.069,NA,""
"1989-11-09",555.273,NA,""
"1989-11-10",599.753,NA,""
"1989-11-11",533.471,NA,""
"1989-11-12",529.146,NA,""
"1989-11-13",778.982,NA,""
"1989-11-14",1043.2,NA,""
"1989-11-15",1043.2,NA,""
"1989-11-16",1016.16,NA,""
"1989-11-17",926.04,NA,""
"1989-11-18",764.264,NA,""
"1989-11-19",654.635,NA,""
"1989-11-20",931.263,NA,""
"1989-11-21",1037.77,NA,""
"1989-11-22",915.625,NA,""
"1989-11-23",894.914,NA,""
"1989-11-24",798.752,NA,""
"1989-11-25",915.625,NA,""
"1989-11-26",608.787,NA,""
"1989-11-27",564.076,NA,""
"1989-11-28",516.243,NA,""
"1989-11-29",482.365,NA,""
"1989-11-30",457.471,NA,""
"1989-12-01",511.966,NA,""
"1989-12-02",711.118,NA,""
"1989-12-03",848.903,NA,""
"1989-12-04",828.719,NA,""
"1989-12-05",874.364,NA,""
"1989-12-06",1075.96,NA,""
"1989-12-07",1291.23,NA,""
"1989-12-08",1676.18,NA,""
"1989-12-09",1853.77,NA,""
"1989-12-10",1861.57,NA,""
"1989-12-11",1948.05,NA,""
"1989-12-12",2157.93,NA,""
"1989-12-13",2504.07,NA,""
"1989-12-14",2688.34,NA,""
"1989-12-15",2688.34,NA,""
"1989-12-16",2679.46,NA,""
"1989-12-17",2777.71,NA,""
"1989-12-18",2913.69,NA,""
"1989-12-19",3070.57,NA,""
"1989-12-20",3192.49,NA,""
"1989-12-21",3335.25,NA,""
"1989-12-22",3499.71,NA,""
"1989-12-23",3696.76,NA,""
"1989-12-24",3816.81,NA,""
"1989-12-25",3716.67,NA,""
"1989-12-26",3499.71,NA,""
"1989-12-27",3211.4,NA,""
"1989-12-28",2977.93,NA,""
"1989-12-29",3024.12,NA,""
"1989-12-30",3145.4,NA,""
"1989-12-31",3277.88,NA,""
"1990-01-01",3412.29,NA,""
"1990-01-02",3617.48,NA,""
"1990-01-03",3816.81,NA,""
"1990-01-04",4040.43,NA,""
"1990-01-05",4122.86,NA,""
"1990-01-06",4153.92,NA,""
"1990-01-07",4174.67,NA,""
"1990-01-08",4237.16,NA,""
"1990-01-09",4258.06,NA,""
"1990-01-10",4268.52,NA,""
"1990-01-11",4226.72,NA,""
"1990-01-12",4143.56,NA,""
"1990-01-13",4112.52,NA,""
"1990-01-14",4133.2,NA,""
"1990-01-15",4143.56,NA,""
"1990-01-16",4040.43,NA,""
"1990-01-17",3776.64,86.523,"TM/Landsat-5"
"1990-01-18",3499.71,NA,""
"1990-01-19",3164.2,NA,""
"1990-01-20",2804.72,NA,""
"1990-01-21",2608.8,NA,""
"1990-01-22",2443.69,NA,""
"1990-01-23",2199.16,NA,""
"1990-01-24",2035.91,NA,""
"1990-01-25",1877.19,NA,""
"1990-01-26",1740.34,NA,""
"1990-01-27",1650.74,NA,""
"1990-01-28",1587.73,NA,""
"1990-01-29",1525.55,NA,""
"1990-01-30",1625.44,NA,""
"1990-01-31",2003.8,NA,""
"1990-02-01",2027.87,NA,""
"1990-02-02",1908.57,NA,""
"1990-02-03",1727.44,NA,""
"1990-02-04",1631.75,NA,""
"1990-02-05",1525.55,NA,""
"1990-02-06",1458.13,NA,""
"1990-02-07",1439.92,NA,""
"1990-02-08",1452.05,NA,""
"1990-02-09",1638.07,NA,""
"1990-02-10",1650.74,NA,""
"1990-02-11",1587.73,NA,""
"1990-02-12",1513.22,NA,""
"1990-02-13",1415.76,NA,""
"1990-02-14",1320.53,NA,""
"1990-02-15",1291.23,NA,""
"1990-02-16",1688.94,NA,""
"1990-02-17",2207.44,NA,""
"1990-02-18",2358.34,NA,""
"1990-02-19",2174.39,NA,""
"1990-02-20",1916.44,NA,""
"1990-02-21",1830.47,NA,""
"1990-02-22",1746.8,NA,""
"1990-02-23",1695.34,NA,""
"1990-02-24",1631.75,NA,""
"1990-02-25",1625.44,NA,""
"1990-02-26",1838.22,NA,""
"1990-02-27",2257.34,NA,""
"1990-02-28",2265.7,NA,""
"1990-03-01",2478.13,NA,""
"1990-03-02",2582.48,NA,""
"1990-03-03",2582.48,NA,""
"1990-03-04",2504.07,NA,""
"1990-03-05",2417.97,NA,""
"1990-03-06",2076.31,242.889,"TM/Landsat-5"
"1990-03-07",1853.77,NA,""
"1990-03-08",1727.44,NA,""
"1990-03-09",1587.73,NA,""
"1990-03-10",1581.47,NA,""
"1990-03-11",1619.13,NA,""
"1990-03-12",1606.55,NA,""
"1990-03-13",1445.98,NA,""
"1990-03-14",1332.31,NA,""
"1990-03-15",1262.15,NA,""
"1990-03-16",1256.36,NA,""
"1990-03-17",1338.21,NA,""
"1990-03-18",1338.21,NA,""
"1990-03-19",1367.87,NA,""
"1990-03-20",1452.05,NA,""
"1990-03-21",1403.74,NA,""
"1990-03-22",1344.13,211.058,"TM/Landsat-5"
"1990-03-23",1350.05,NA,""
"1990-03-24",1746.8,NA,""
"1990-03-25",2043.97,NA,""
"1990-03-26",2092.54,NA,""
"1990-03-27",2035.91,NA,""
"1990-03-28",1924.32,NA,""
"1990-03-29",1708.16,NA,""
"1990-03-30",1612.83,NA,""
"1990-03-31",1600.27,NA,""
"1990-04-01",1494.78,NA,""
"1990-04-02",1385.76,NA,""
"1990-04-03",1326.42,NA,""
"1990-04-04",1291.23,NA,""
"1990-04-05",1262.15,NA,""
"1990-04-06",1262.15,NA,""
"1990-04-07",1204.68,124.354,"TM/Landsat-5"
"1990-04-08",1159.35,NA,""
"1990-04-09",1136.91,NA,""
"1990-04-10",1142.5,NA,""
"1990-04-11",1136.91,NA,""
"1990-04-12",1142.5,NA,""
"1990-04-13",1302.92,NA,""
"1990-04-14",1344.13,NA,""
"1990-04-15",1256.36,NA,""
"1990-04-16",1210.38,NA,""
"1990-04-17",1244.82,NA,""
"1990-04-18",1308.78,NA,""
"1990-04-19",1267.95,NA,""
"1990-04-20",1256.36,NA,""
"1990-04-21",1409.75,NA,""
"1990-04-22",1409.75,NA,""
"1990-04-23",1421.79,NA,""
"1990-04-24",1427.83,NA,""
"1990-04-25",1291.23,NA,""
"1990-04-26",1148.11,NA,""
"1990-04-27",1065,NA,""
"1990-04-28",1005.41,NA,""
"1990-04-29",957.524,NA,""
"1990-04-30",926.04,NA,""
"1990-05-01",894.914,NA,""
"1990-05-02",874.364,NA,""
"1990-05-03",843.842,NA,""
"1990-05-04",828.719,NA,""
"1990-05-05",818.688,NA,""
"1990-05-06",828.719,NA,""
"1990-05-07",869.251,NA,""
"1990-05-08",900.077,NA,""
"1990-05-09",984.031,NA,""
"1990-05-10",968.097,NA,""
"1990-05-11",900.077,NA,""
"1990-05-12",884.619,NA,""
"1990-05-13",874.364,NA,""
"1990-05-14",853.975,NA,""
"1990-05-15",905.249,NA,""
"1990-05-16",920.828,NA,""
"1990-05-17",869.251,NA,""
"1990-05-18",838.791,NA,""
"1990-05-19",874.364,NA,""
"1990-05-20",952.252,NA,""
"1990-05-21",1021.55,NA,""
"1990-05-22",920.828,NA,""
"1990-05-23",843.842,NA,""
"1990-05-24",803.72,NA,""
"1990-05-25",759.379,NA,""
"1990-05-26",735.115,NA,""
"1990-05-27",720.685,NA,""
"1990-05-28",706.351,NA,""
"1990-05-29",692.116,NA,""
"1990-05-30",677.978,NA,""
"1990-05-31",663.939,NA,""
"1990-06-01",654.635,NA,""
"1990-06-02",645.376,NA,""
"1990-06-03",636.161,NA,""
"1990-06-04",617.867,NA,""
"1990-06-05",613.321,NA,""
"1990-06-06",608.787,NA,""
"1990-06-07",599.753,NA,""
"1990-06-08",590.765,NA,""
"1990-06-09",586.288,NA,""
"1990-06-10",572.926,117.809,"TM/Landsat-5"
"1990-06-11",568.495,NA,""
"1990-06-12",564.076,NA,""
"1990-06-13",555.273,NA,""
"1990-06-14",546.517,NA,""
"1990-06-15",537.808,NA,""
"1990-06-16",529.146,NA,""
"1990-06-17",524.833,NA,""
"1990-06-18",520.532,NA,""
"1990-06-19",516.243,NA,""
"1990-06-20",516.243,NA,""
"1990-06-21",511.966,NA,""
"1990-06-22",511.966,NA,""
"1990-06-23",511.966,NA,""
"1990-06-24",524.833,NA,""
"1990-06-25",550.889,NA,""
"1990-06-26",533.471,53.304,"TM/Landsat-5"
"1990-06-27",507.701,NA,""
"1990-06-28",499.207,NA,""
"1990-06-29",490.761,NA,""
"1990-06-30",478.185,NA,""
"1990-07-01",469.862,NA,""
"1990-07-02",465.719,NA,""
"1990-07-03",461.589,NA,""
"1990-07-04",461.589,NA,""
"1990-07-05",457.471,NA,""
"1990-07-06",449.272,NA,""
"1990-07-07",445.192,NA,""
"1990-07-08",441.124,NA,""
"1990-07-09",437.069,NA,""
"1990-07-10",437.069,NA,""
"1990-07-11",437.069,NA,""
"1990-07-12",441.124,NA,""
"1990-07-13",441.124,NA,""
"1990-07-14",441.124,NA,""
"1990-07-15",445.192,NA,""
"1990-07-16",445.192,NA,""
"1990-07-17",453.365,NA,""
"1990-07-18",453.365,NA,""
"1990-07-19",449.272,NA,""
"1990-07-20",441.124,NA,""
"1990-07-21",437.069,NA,""
"1990-07-22",433.026,NA,""
"1990-07-23",428.996,NA,""
"1990-07-24",424.979,NA,""
"1990-07-25",420.975,NA,""
"1990-07-26",413.004,NA,""
"1990-07-27",409.039,NA,""
"1990-07-28",416.983,40.461,"TM/Landsat-5"
"1990-07-29",413.004,NA,""
"1990-07-30",409.039,NA,""
"1990-07-31",405.086,NA,""
"1990-08-01",405.086,NA,""
"1990-08-02",405.086,NA,""
"1990-08-03",397.219,NA,""
"1990-08-04",397.219,NA,""
"1990-08-05",397.219,NA,""
"1990-08-06",389.405,NA,""
"1990-08-07",389.405,NA,""
"1990-08-08",389.405,NA,""
"1990-08-09",385.517,NA,""
"1990-08-10",381.643,NA,""
"1990-08-11",381.643,NA,""
"1990-08-12",381.643,NA,""
"1990-08-13",381.643,14.777,"TM/Landsat-5"
"1990-08-14",373.934,NA,""
"1990-08-15",373.934,NA,""
"1990-08-16",370.1,NA,""
"1990-08-17",370.1,NA,""
"1990-08-18",370.1,NA,""
"1990-08-19",366.279,NA,""
"1990-08-20",366.279,NA,""
"1990-08-21",366.279,NA,""
"1990-08-22",358.677,NA,""
"1990-08-23",370.1,NA,""
"1990-08-24",393.306,NA,""
"1990-08-25",424.979,NA,""
"1990-08-26",441.124,NA,""
"1990-08-27",453.365,NA,""
"1990-08-28",469.862,NA,""
"1990-08-29",537.808,NA,""
"1990-08-30",555.273,NA,""
"1990-08-31",507.701,NA,""
"1990-09-01",478.185,NA,""
"1990-09-02",465.719,NA,""
"1990-09-03",482.365,NA,""
"1990-09-04",516.243,NA,""
"1990-09-05",537.808,NA,""
"1990-09-06",550.889,NA,""
"1990-09-07",564.076,NA,""
"1990-09-08",568.495,NA,""
"1990-09-09",546.517,NA,""
"1990-09-10",503.448,NA,""
"1990-09-11",478.185,NA,""
"1990-09-12",490.761,NA,""
"1990-09-13",546.517,NA,""
"1990-09-14",595.253,NA,""
"1990-09-15",542.156,NA,""
"1990-09-16",499.207,NA,""
"1990-09-17",520.532,NA,""
"1990-09-18",503.448,NA,""
"1990-09-19",457.471,NA,""
"1990-09-20",428.996,NA,""
"1990-09-21",405.086,NA,""
"1990-09-22",385.517,NA,""
"1990-09-23",373.934,NA,""
"1990-09-24",366.279,NA,""
"1990-09-25",362.471,NA,""
"1990-09-26",354.897,NA,""
"1990-09-27",362.471,NA,""
"1990-09-28",420.975,NA,""
"1990-09-29",474.017,NA,""
"1990-09-30",490.761,NA,""
"1990-10-01",413.004,NA,""
"1990-10-02",437.069,NA,""
"1990-10-03",599.753,NA,""
"1990-10-04",838.791,NA,""
"1990-10-05",783.908,NA,""
"1990-10-06",706.351,NA,""
"1990-10-07",622.423,NA,""
"1990-10-08",622.423,NA,""
"1990-10-09",677.978,NA,""
"1990-10-10",622.423,NA,""
"1990-10-11",524.833,NA,""
"1990-10-12",433.026,NA,""
"1990-10-13",393.306,NA,""
"1990-10-14",366.279,NA,""
"1990-10-15",351.129,NA,""
"1990-10-16",347.376,NA,""
"1990-10-17",381.643,NA,""
"1990-10-18",420.975,NA,""
"1990-10-19",461.589,NA,""
"1990-10-20",636.161,NA,""
"1990-10-21",769.159,NA,""
"1990-10-22",701.595,NA,""
"1990-10-23",663.939,NA,""
"1990-10-24",631.571,NA,""
"1990-10-25",564.076,NA,""
"1990-10-26",499.207,NA,""
"1990-10-27",486.557,NA,""
"1990-10-28",507.701,NA,""
"1990-10-29",546.517,NA,""
"1990-10-30",564.076,NA,""
"1990-10-31",608.787,NA,""
"1990-11-01",608.787,225.023,"TM/Landsat-5"
"1990-11-02",546.517,NA,""
"1990-11-03",499.207,NA,""
"1990-11-04",449.272,NA,""
"1990-11-05",428.996,NA,""
"1990-11-06",416.983,NA,""
"1990-11-07",486.557,NA,""
"1990-11-08",520.532,NA,""
"1990-11-09",550.889,NA,""
"1990-11-10",613.321,NA,""
"1990-11-11",701.595,NA,""
"1990-11-12",764.264,NA,""
"1990-11-13",636.161,NA,""
"1990-11-14",524.833,NA,""
"1990-11-15",453.365,NA,""
"1990-11-16",428.996,NA,""
"1990-11-17",416.983,NA,""
"1990-11-18",389.405,NA,""
"1990-11-19",370.1,NA,""
"1990-11-20",339.91,NA,""
"1990-11-21",328.814,NA,""
"1990-11-22",321.486,NA,""
"1990-11-23",328.814,NA,""
"1990-11-24",336.197,NA,""
"1990-11-25",370.1,NA,""
"1990-11-26",486.557,NA,""
"1990-11-27",687.392,NA,""
"1990-11-28",673.287,NA,""
"1990-11-29",659.282,NA,""
"1990-11-30",604.264,NA,""
"1990-12-01",650,NA,""
"1990-12-02",739.947,NA,""
"1990-12-03",720.685,NA,""
"1990-12-04",673.287,NA,""
"1990-12-05",622.423,NA,""
"1990-12-06",542.156,NA,""
"1990-12-07",520.532,NA,""
"1990-12-08",511.966,NA,""
"1990-12-09",550.889,NA,""
"1990-12-10",622.423,NA,""
"1990-12-11",853.975,NA,""
"1990-12-12",1010.78,NA,""
"1990-12-13",1216.1,NA,""
"1990-12-14",1350.05,NA,""
"1990-12-15",1308.78,NA,""
"1990-12-16",1273.76,NA,""
"1990-12-17",1193.29,NA,""
"1990-12-18",1114.61,NA,""
"1990-12-19",973.399,112.806,"TM/Landsat-5"
"1990-12-20",843.842,NA,""
"1990-12-21",764.264,NA,""
"1990-12-22",764.264,NA,""
"1990-12-23",793.793,NA,""
"1990-12-24",869.251,NA,""
"1990-12-25",884.619,NA,""
"1990-12-26",818.688,NA,""
"1990-12-27",730.294,NA,""
"1990-12-28",677.978,NA,""
"1990-12-29",677.978,NA,""
"1990-12-30",869.251,NA,""
"1990-12-31",905.249,NA,""
"1991-01-01",833.75,NA,""
"1991-01-02",774.065,NA,""
"1991-01-03",682.68,NA,""
"1991-01-04",668.608,NA,""
"1991-01-05",778.982,NA,""
"1991-01-06",774.065,NA,""
"1991-01-07",764.264,NA,""
"1991-01-08",838.791,NA,""
"1991-01-09",946.99,NA,""
"1991-01-10",1000.05,NA,""
"1991-01-11",1216.1,NA,""
"1991-01-12",1464.22,NA,""
"1991-01-13",1568.99,NA,""
"1991-01-14",1695.34,NA,""
"1991-01-15",1979.84,NA,""
"1991-01-16",2182.63,NA,""
"1991-01-17",2591.24,NA,""
"1991-01-18",2831.82,NA,""
"1991-01-19",2968.72,NA,""
"1991-01-20",2877.2,NA,""
"1991-01-21",2688.34,NA,""
"1991-01-22",2409.42,NA,""
"1991-01-23",2149.72,NA,""
"1991-01-24",1932.22,NA,""
"1991-01-25",1799.55,NA,""
"1991-01-26",1822.72,NA,""
"1991-01-27",1792.25,NA,""
"1991-01-28",1663.44,NA,""
"1991-01-29",1714.58,NA,""
"1991-01-30",2003.8,NA,""
"1991-01-31",2469.5,NA,""
"1991-02-01",2661.73,NA,""
"1991-02-02",2813.74,NA,""
"1991-02-03",2904.55,NA,""
"1991-02-04",3051.96,NA,""
"1991-02-05",3258.84,NA,""
"1991-02-06",3470.48,NA,""
"1991-02-07",3587.91,NA,""
"1991-02-08",3597.75,NA,""
"1991-02-09",3079.89,NA,""
"1991-02-10",3489.96,NA,""
"1991-02-11",3364.07,NA,""
"1991-02-12",3306.52,NA,""
"1991-02-13",3220.86,NA,""
"1991-02-14",3079.89,NA,""
"1991-02-15",2895.42,NA,""
"1991-02-16",2706.13,NA,""
"1991-02-17",2723.96,NA,""
"1991-02-18",2556.25,NA,""
"1991-02-19",2478.13,NA,""
"1991-02-20",2573.72,NA,""
"1991-02-21",2652.88,90.876,"TM/Landsat-5"
"1991-02-22",2495.41,NA,""
"1991-02-23",2435.11,NA,""
"1991-02-24",2316.07,NA,""
"1991-02-25",2141.52,NA,""
"1991-02-26",2043.97,NA,""
"1991-02-27",1861.57,NA,""
"1991-02-28",1971.88,NA,""
"1991-03-01",2133.33,NA,""
"1991-03-02",2257.34,NA,""
"1991-03-03",2349.86,NA,""
"1991-03-04",2324.5,NA,""
"1991-03-05",2383.83,NA,""
"1991-03-06",2556.25,NA,""
"1991-03-07",2732.89,NA,""
"1991-03-08",2950.34,NA,""
"1991-03-09",3089.21,NA,""
"1991-03-10",3211.4,NA,""
"1991-03-11",3183.05,NA,""
"1991-03-12",2941.16,NA,""
"1991-03-13",2617.6,NA,""
"1991-03-14",2366.82,NA,""
"1991-03-15",2166.15,NA,""
"1991-03-16",2232.34,NA,""
"1991-03-17",2324.5,NA,""
"1991-03-18",2417.97,NA,""
"1991-03-19",2715.04,NA,""
"1991-03-20",2913.69,NA,""
"1991-03-21",2895.42,NA,""
"1991-03-22",2904.55,NA,""
"1991-03-23",2941.16,NA,""
"1991-03-24",3014.86,NA,""
"1991-03-25",3136.01,NA,""
"1991-03-26",3296.97,NA,""
"1991-03-27",3480.22,NA,""
"1991-03-28",3746.62,NA,""
"1991-03-29",4247.6,NA,""
"1991-03-30",4868.87,NA,""
"1991-03-31",5190.64,NA,""
"1991-04-01",5496.73,NA,""
"1991-04-02",5634.75,NA,""
"1991-04-03",5531.12,NA,""
"1991-04-04",5258.12,NA,""
"1991-04-05",4901.82,NA,""
"1991-04-06",4945.87,NA,""
"1991-04-07",4651.25,NA,""
"1991-04-08",4352.56,NA,""
"1991-04-09",4019.91,NA,""
"1991-04-10",3686.81,160.982,"TM/Landsat-5"
"1991-04-11",3412.29,NA,""
"1991-04-12",3230.34,NA,""
"1991-04-13",3042.67,NA,""
"1991-04-14",2968.72,NA,""
"1991-04-15",2822.78,NA,""
"1991-04-16",2600.01,NA,""
"1991-04-17",2478.13,NA,""
"1991-04-18",2332.94,NA,""
"1991-04-19",2215.73,NA,""
"1991-04-20",2108.82,NA,""
"1991-04-21",2149.72,NA,""
"1991-04-22",2274.07,NA,""
"1991-04-23",2182.63,NA,""
"1991-04-24",1979.84,NA,""
"1991-04-25",1799.55,NA,""
"1991-04-26",1695.34,NA,""
"1991-04-27",1619.13,NA,""
"1991-04-28",1587.73,NA,""
"1991-04-29",1593.99,NA,""
"1991-04-30",1587.73,NA,""
"1991-05-01",1519.38,NA,""
"1991-05-02",1488.65,NA,""
"1991-05-03",1379.79,NA,""
"1991-05-04",1338.21,NA,""
"1991-05-05",1302.92,NA,""
"1991-05-06",1273.76,NA,""
"1991-05-07",1244.82,NA,""
"1991-05-08",1221.82,NA,""
"1991-05-09",1198.98,NA,""
"1991-05-10",1181.94,NA,""
"1991-05-11",1164.98,NA,""
"1991-05-12",1136.91,127.311,"TM/Landsat-5"
"1991-05-13",1120.17,NA,""
"1991-05-14",1097.99,NA,""
"1991-05-15",1075.96,NA,""
"1991-05-16",1070.48,NA,""
"1991-05-17",1054.08,NA,""
"1991-05-18",1043.2,NA,""
"1991-05-19",1054.08,NA,""
"1991-05-20",1059.54,NA,""
"1991-05-21",1043.2,NA,""
"1991-05-22",1021.55,NA,""
"1991-05-23",989.361,NA,""
"1991-05-24",968.097,NA,""
"1991-05-25",952.252,NA,""
"1991-05-26",962.806,NA,""
"1991-05-27",1000.05,NA,""
"1991-05-28",973.399,138.429,"TM/Landsat-5"
"1991-05-29",926.04,NA,""
"1991-05-30",894.914,NA,""
"1991-05-31",874.364,NA,""
"1991-06-01",864.149,NA,""
"1991-06-02",848.903,NA,""
"1991-06-03",833.75,NA,""
"1991-06-04",823.699,NA,""
"1991-06-05",808.699,NA,""
"1991-06-06",798.752,NA,""
"1991-06-07",788.846,NA,""
"1991-06-08",778.982,NA,""
"1991-06-09",769.159,NA,""
"1991-06-10",764.264,NA,""
"1991-06-11",754.505,NA,""
"1991-06-12",744.789,NA,""
"1991-06-13",735.115,126.528,"TM/Landsat-5"
"1991-06-14",730.294,NA,""
"1991-06-15",725.484,NA,""
"1991-06-16",715.896,NA,""
"1991-06-17",706.351,NA,""
"1991-06-18",701.595,NA,""
"1991-06-19",692.116,NA,""
"1991-06-20",687.392,NA,""
"1991-06-21",682.68,NA,""
"1991-06-22",677.978,NA,""
"1991-06-23",663.939,NA,""
"1991-06-24",654.635,NA,""
"1991-06-25",650,NA,""
"1991-06-26",645.376,NA,""
"1991-06-27",640.763,NA,""
"1991-06-28",640.763,NA,""
"1991-06-29",636.161,89.761,"TM/Landsat-5"
"1991-06-30",626.991,NA,""
"1991-07-01",617.867,NA,""
"1991-07-02",608.787,NA,""
"1991-07-03",604.264,NA,""
"1991-07-04",599.753,NA,""
"1991-07-05",586.288,NA,""
"1991-07-06",572.926,NA,""
"1991-07-07",568.495,NA,""
"1991-07-08",564.076,NA,""
"1991-07-09",559.669,NA,""
"1991-07-10",559.669,NA,""
"1991-07-11",555.273,NA,""
"1991-07-12",550.889,NA,""
"1991-07-13",546.517,NA,""
"1991-07-14",542.156,NA,""
"1991-07-15",542.156,103.69,"TM/Landsat-5"
"1991-07-16",537.808,NA,""
"1991-07-17",533.471,NA,""
"1991-07-18",529.146,NA,""
"1991-07-19",520.532,NA,""
"1991-07-20",516.243,NA,""
"1991-07-21",511.966,NA,""
"1991-07-22",507.701,NA,""
"1991-07-23",503.448,NA,""
"1991-07-24",499.207,NA,""
"1991-07-25",494.978,NA,""
"1991-07-26",490.761,NA,""
"1991-07-27",486.557,NA,""
"1991-07-28",482.365,NA,""
"1991-07-29",478.185,NA,""
"1991-07-30",474.017,NA,""
"1991-07-31",469.862,59.369,"TM/Landsat-5"
"1991-08-01",465.719,NA,""
"1991-08-02",461.589,NA,""
"1991-08-03",457.471,NA,""
"1991-08-04",441.124,NA,""
"1991-08-05",428.996,NA,""
"1991-08-06",424.979,NA,""
"1991-08-07",424.979,NA,""
"1991-08-08",420.975,NA,""
"1991-08-09",416.983,NA,""
"1991-08-10",416.983,NA,""
"1991-08-11",413.004,NA,""
"1991-08-12",413.004,NA,""
"1991-08-13",409.039,NA,""
"1991-08-14",405.086,NA,""
"1991-08-15",405.086,NA,""
"1991-08-16",401.146,NA,""
"1991-08-17",397.219,NA,""
"1991-08-18",389.405,NA,""
"1991-08-19",385.517,NA,""
"1991-08-20",385.517,NA,""
"1991-08-21",381.643,NA,""
"1991-08-22",377.782,NA,""
"1991-08-23",373.934,NA,""
"1991-08-24",373.934,NA,""
"1991-08-25",373.934,NA,""
"1991-08-26",370.1,NA,""
"1991-08-27",370.1,NA,""
"1991-08-28",366.279,NA,""
"1991-08-29",366.279,NA,""
"1991-08-30",362.471,NA,""
"1991-08-31",362.471,NA,""
"1991-09-01",358.677,NA,""
"1991-09-02",358.677,NA,""
"1991-09-03",354.897,NA,""
"1991-09-04",354.897,NA,""
"1991-09-05",351.129,NA,""
"1991-09-06",347.376,NA,""
"1991-09-07",343.636,NA,""
"1991-09-08",339.91,NA,""
"1991-09-09",339.91,NA,""
"1991-09-10",336.197,NA,""
"1991-09-11",336.197,NA,""
"1991-09-12",332.499,NA,""
"1991-09-13",336.197,NA,""
"1991-09-14",339.91,NA,""
"1991-09-15",336.197,NA,""
"1991-09-16",332.499,NA,""
"1991-09-17",328.814,NA,""
"1991-09-18",328.814,NA,""
"1991-09-19",336.197,NA,""
"1991-09-20",351.129,NA,""
"1991-09-21",358.677,NA,""
"1991-09-22",362.471,NA,""
"1991-09-23",373.934,NA,""
"1991-09-24",393.306,NA,""
"1991-09-25",416.983,NA,""
"1991-09-26",389.405,NA,""
"1991-09-27",385.517,NA,""
"1991-09-28",381.643,NA,""
"1991-09-29",377.782,NA,""
"1991-09-30",366.279,NA,""
"1991-10-01",366.279,NA,""
"1991-10-02",385.517,NA,""
"1991-10-03",416.983,NA,""
"1991-10-04",507.701,NA,""
"1991-10-05",654.635,NA,""
"1991-10-06",711.118,NA,""
"1991-10-07",759.379,NA,""
"1991-10-08",706.351,NA,""
"1991-10-09",663.939,NA,""
"1991-10-10",645.376,NA,""
"1991-10-11",730.294,NA,""
"1991-10-12",711.118,NA,""
"1991-10-13",631.571,NA,""
"1991-10-14",586.288,NA,""
"1991-10-15",546.517,NA,""
"1991-10-16",490.761,NA,""
"1991-10-17",461.589,NA,""
"1991-10-18",433.026,NA,""
"1991-10-19",401.146,80.741,"TM/Landsat-5"
"1991-10-20",401.146,NA,""
"1991-10-21",416.983,NA,""
"1991-10-22",461.589,NA,""
"1991-10-23",499.207,NA,""
"1991-10-24",465.719,NA,""
"1991-10-25",461.589,NA,""
"1991-10-26",474.017,NA,""
"1991-10-27",469.862,NA,""
"1991-10-28",494.978,NA,""
"1991-10-29",537.808,NA,""
"1991-10-30",533.471,NA,""
"1991-10-31",499.207,NA,""
"1991-11-01",478.185,NA,""
"1991-11-02",437.069,NA,""
"1991-11-03",413.004,NA,""
"1991-11-04",416.983,NA,""
"1991-11-05",420.975,NA,""
"1991-11-06",416.983,NA,""
"1991-11-07",420.975,NA,""
"1991-11-08",469.862,NA,""
"1991-11-09",516.243,NA,""
"1991-11-10",490.761,NA,""
"1991-11-11",590.765,NA,""
"1991-11-12",696.85,NA,""
"1991-11-13",682.68,NA,""
"1991-11-14",682.68,NA,""
"1991-11-15",774.065,NA,""
"1991-11-16",803.72,NA,""
"1991-11-17",759.379,NA,""
"1991-11-18",725.484,NA,""
"1991-11-19",864.149,NA,""
"1991-11-20",920.828,NA,""
"1991-11-21",823.699,NA,""
"1991-11-22",720.685,NA,""
"1991-11-23",659.282,NA,""
"1991-11-24",673.287,NA,""
"1991-11-25",668.608,NA,""
"1991-11-26",617.867,NA,""
"1991-11-27",586.288,NA,""
"1991-11-28",537.808,NA,""
"1991-11-29",503.448,NA,""
"1991-11-30",474.017,NA,""
"1991-12-01",482.365,NA,""
"1991-12-02",516.243,NA,""
"1991-12-03",555.273,NA,""
"1991-12-04",701.595,NA,""
"1991-12-05",910.432,NA,""
"1991-12-06",900.077,NA,""
"1991-12-07",808.699,NA,""
"1991-12-08",720.685,NA,""
"1991-12-09",673.287,NA,""
"1991-12-10",692.116,NA,""
"1991-12-11",783.908,NA,""
"1991-12-12",910.432,NA,""
"1991-12-13",905.249,NA,""
"1991-12-14",1097.99,NA,""
"1991-12-15",1164.98,NA,""
"1991-12-16",1070.48,NA,""
"1991-12-17",1125.74,NA,""
"1991-12-18",1568.99,NA,""
"1991-12-19",1638.07,NA,""
"1991-12-20",1458.13,NA,""
"1991-12-21",1361.92,NA,""
"1991-12-22",1308.78,NA,""
"1991-12-23",1262.15,NA,""
"1991-12-24",1109.06,NA,""
"1991-12-25",1086.96,NA,""
"1991-12-26",1131.32,NA,""
"1991-12-27",1054.08,NA,""
"1991-12-28",926.04,NA,""
"1991-12-29",833.75,NA,""
"1991-12-30",778.982,NA,""
"1991-12-31",769.159,NA,""
"1992-01-01",828.719,NA,""
"1992-01-02",894.914,NA,""
"1992-01-03",1109.06,NA,""
"1992-01-04",1198.98,NA,""
"1992-01-05",1097.99,NA,""
"1992-01-06",973.399,NA,""
"1992-01-07",889.761,NA,""
"1992-01-08",859.057,NA,""
"1992-01-09",859.057,NA,""
"1992-01-10",859.057,NA,""
"1992-01-11",823.699,NA,""
"1992-01-12",803.72,NA,""
"1992-01-13",744.789,NA,""
"1992-01-14",808.699,NA,""
"1992-01-15",994.702,NA,""
"1992-01-16",1131.32,NA,""
"1992-01-17",1355.98,NA,""
"1992-01-18",1733.89,NA,""
"1992-01-19",2035.91,NA,""
"1992-01-20",2092.54,NA,""
"1992-01-21",2174.39,NA,""
"1992-01-22",2512.74,NA,""
"1992-01-23",2723.96,NA,""
"1992-01-24",2987.15,NA,""
"1992-01-25",3277.88,NA,""
"1992-01-26",3657.04,NA,""
"1992-01-27",4040.43,NA,""
"1992-01-28",4289.48,NA,""
"1992-01-29",4310.47,NA,""
"1992-01-30",4226.72,NA,""
"1992-01-31",4102.19,NA,""
"1992-02-01",3989.21,NA,""
"1992-02-02",3766.62,NA,""
"1992-02-03",3607.61,NA,""
"1992-02-04",3519.24,NA,""
"1992-02-05",3509.47,NA,""
"1992-02-06",3529.02,NA,""
"1992-02-07",3637.24,NA,""
"1992-02-08",3806.76,NA,""
"1992-02-09",3897.6,NA,""
"1992-02-10",3948.4,NA,""
"1992-02-11",3938.23,NA,""
"1992-02-12",3877.35,NA,""
"1992-02-13",3847.04,NA,""
"1992-02-14",3857.13,NA,""
"1992-02-15",3847.04,NA,""
"1992-02-16",3836.96,NA,""
"1992-02-17",3826.88,NA,""
"1992-02-18",3766.62,NA,""
"1992-02-19",3587.91,NA,""
"1992-02-20",3354.45,NA,""
"1992-02-21",3079.89,NA,""
"1992-02-22",2777.71,NA,""
"1992-02-23",2495.41,NA,""
"1992-02-24",2257.34,NA,""
"1992-02-25",2100.68,NA,""
"1992-02-26",2027.87,NA,""
"1992-02-27",1971.88,NA,""
"1992-02-28",1900.7,NA,""
"1992-02-29",1979.84,NA,""
"1992-03-01",1955.98,NA,""
"1992-03-02",2060.12,NA,""
"1992-03-03",2341.4,NA,""
"1992-03-04",2547.52,NA,""
"1992-03-05",2750.79,NA,""
"1992-03-06",2768.72,NA,""
"1992-03-07",2759.75,NA,""
"1992-03-08",2661.73,NA,""
"1992-03-09",2512.74,NA,""
"1992-03-10",2332.94,NA,""
"1992-03-11",2240.67,NA,""
"1992-03-12",2240.67,NA,""
"1992-03-13",2224.03,NA,""
"1992-03-14",2224.03,NA,""
"1992-03-15",2224.03,NA,""
"1992-03-16",2157.93,NA,""
"1992-03-17",2182.63,NA,""
"1992-03-18",2617.6,NA,""
"1992-03-19",2661.73,NA,""
"1992-03-20",2582.48,NA,""
"1992-03-21",2556.25,NA,""
"1992-03-22",2547.52,NA,""
"1992-03-23",2512.74,NA,""
"1992-03-24",2358.34,NA,""
"1992-03-25",2092.54,NA,""
"1992-03-26",1955.98,NA,""
"1992-03-27",1885.01,NA,""
"1992-03-28",1995.8,NA,""
"1992-03-29",2190.89,NA,""
"1992-03-30",2224.03,NA,""
"1992-03-31",2190.89,NA,""
"1992-04-01",2133.33,NA,""
"1992-04-02",2182.63,NA,""
"1992-04-03",2383.83,NA,""
"1992-04-04",2469.5,NA,""
"1992-04-05",2332.94,NA,""
"1992-04-06",2116.98,NA,""
"1992-04-07",1885.01,NA,""
"1992-04-08",1746.8,NA,""
"1992-04-09",1676.18,NA,""
"1992-04-10",1708.16,NA,""
"1992-04-11",1746.8,NA,""
"1992-04-12",1733.89,NA,""
"1992-04-13",1727.44,NA,""
"1992-04-14",1708.16,NA,""
"1992-04-15",1727.44,NA,""
"1992-04-16",2003.8,NA,""
"1992-04-17",2133.33,NA,""
"1992-04-18",1995.8,NA,""
"1992-04-19",1830.47,NA,""
"1992-04-20",1688.94,NA,""
"1992-04-21",1714.58,NA,""
"1992-04-22",1779.22,NA,""
"1992-04-23",2207.44,NA,""
"1992-04-24",2573.72,NA,""
"1992-04-25",2400.88,NA,""
"1992-04-26",2166.15,NA,""
"1992-04-27",2027.87,NA,""
"1992-04-28",2043.97,NA,""
"1992-04-29",2043.97,NA,""
"1992-04-30",1948.05,NA,""
"1992-05-01",1892.85,NA,""
"1992-05-02",1779.22,NA,""
"1992-05-03",1606.55,NA,""
"1992-05-04",1476.42,NA,""
"1992-05-05",1409.75,NA,""
"1992-05-06",1531.73,NA,""
"1992-05-07",1688.94,NA,""
"1992-05-08",1593.99,NA,""
"1992-05-09",1403.74,NA,""
"1992-05-10",1302.92,NA,""
"1992-05-11",1233.3,NA,""
"1992-05-12",1193.29,NA,""
"1992-05-13",1148.11,NA,""
"1992-05-14",1114.61,NA,""
"1992-05-15",1086.96,NA,""
"1992-05-16",1065,NA,""
"1992-05-17",1059.54,NA,""
"1992-05-18",1092.47,NA,""
"1992-05-19",1081.46,NA,""
"1992-05-20",1032.35,NA,""
"1992-05-21",994.702,NA,""
"1992-05-22",968.097,NA,""
"1992-05-23",946.99,NA,""
"1992-05-24",931.263,NA,""
"1992-05-25",915.625,NA,""
"1992-05-26",905.249,NA,""
"1992-05-27",941.738,NA,""
"1992-05-28",968.097,NA,""
"1992-05-29",920.828,NA,""
"1992-05-30",894.914,NA,""
"1992-05-31",853.975,NA,""
"1992-06-01",936.495,NA,""
"1992-06-02",818.688,NA,""
"1992-06-03",813.689,NA,""
"1992-06-04",808.699,NA,""
"1992-06-05",798.752,NA,""
"1992-06-06",783.908,NA,""
"1992-06-07",764.264,NA,""
"1992-06-08",754.505,NA,""
"1992-06-09",744.789,NA,""
"1992-06-10",735.115,NA,""
"1992-06-11",725.484,NA,""
"1992-06-12",711.118,NA,""
"1992-06-13",706.351,NA,""
"1992-06-14",696.85,NA,""
"1992-06-15",692.116,NA,""
"1992-06-16",687.392,NA,""
"1992-06-17",682.68,NA,""
"1992-06-18",677.978,NA,""
"1992-06-19",663.939,NA,""
"1992-06-20",659.282,NA,""
"1992-06-21",650,NA,""
"1992-06-22",645.376,NA,""
"1992-06-23",640.763,NA,""
"1992-06-24",631.571,NA,""
"1992-06-25",613.321,NA,""
"1992-06-26",608.787,NA,""
"1992-06-27",604.264,NA,""
"1992-06-28",599.753,NA,""
"1992-06-29",595.253,NA,""
"1992-06-30",595.253,NA,""
"1992-07-01",590.765,NA,""
"1992-07-02",586.288,NA,""
"1992-07-03",568.495,NA,""
"1992-07-04",555.273,NA,""
"1992-07-05",550.889,NA,""
"1992-07-06",533.471,NA,""
"1992-07-07",529.146,NA,""
"1992-07-08",520.532,NA,""
"1992-07-09",511.966,NA,""
"1992-07-10",490.761,NA,""
"1992-07-11",478.185,NA,""
"1992-07-12",469.862,NA,""
"1992-07-13",465.719,NA,""
"1992-07-14",457.471,NA,""
"1992-07-15",453.365,NA,""
"1992-07-16",449.272,NA,""
"1992-07-17",445.192,58.794,"TM/Landsat-5"
"1992-07-18",445.192,NA,""
"1992-07-19",441.124,NA,""
"1992-07-20",441.124,NA,""
"1992-07-21",437.069,NA,""
"1992-07-22",437.069,NA,""
"1992-07-23",437.069,NA,""
"1992-07-24",433.026,NA,""
"1992-07-25",433.026,NA,""
"1992-07-26",433.026,NA,""
"1992-07-27",433.026,NA,""
"1992-07-28",428.996,NA,""
"1992-07-29",428.996,NA,""
"1992-07-30",428.996,NA,""
"1992-07-31",428.996,NA,""
"1992-08-01",428.996,NA,""
"1992-08-02",424.979,52.77,"TM/Landsat-5"
"1992-08-03",416.983,NA,""
"1992-08-04",413.004,35.48,"ANA"
"1992-08-05",409.039,NA,""
"1992-08-06",409.039,NA,""
"1992-08-07",405.086,NA,""
"1992-08-08",401.146,NA,""
"1992-08-09",397.219,NA,""
"1992-08-10",393.306,NA,""
"1992-08-11",389.405,NA,""
"1992-08-12",389.405,NA,""
"1992-08-13",385.517,NA,""
"1992-08-14",381.643,NA,""
"1992-08-15",381.643,NA,""
"1992-08-16",377.782,NA,""
"1992-08-17",373.934,NA,""
"1992-08-18",373.934,NA,""
"1992-08-19",370.1,NA,""
"1992-08-20",370.1,NA,""
"1992-08-21",370.1,NA,""
"1992-08-22",385.517,NA,""
"1992-08-23",385.517,NA,""
"1992-08-24",397.219,NA,""
"1992-08-25",397.219,NA,""
"1992-08-26",393.306,NA,""
"1992-08-27",377.782,NA,""
"1992-08-28",370.1,NA,""
"1992-08-29",362.471,NA,""
"1992-08-30",358.677,NA,""
"1992-08-31",351.129,NA,""
"1992-09-01",347.376,NA,""
"1992-09-02",343.636,NA,""
"1992-09-03",343.636,NA,""
"1992-09-04",347.376,NA,""
"1992-09-05",389.405,NA,""
"1992-09-06",437.069,NA,""
"1992-09-07",461.589,NA,""
"1992-09-08",433.026,NA,""
"1992-09-09",424.979,NA,""
"1992-09-10",424.979,NA,""
"1992-09-11",474.017,NA,""
"1992-09-12",461.589,NA,""
"1992-09-13",416.983,NA,""
"1992-09-14",453.365,NA,""
"1992-09-15",577.368,NA,""
"1992-09-16",507.701,NA,""
"1992-09-17",465.719,NA,""
"1992-09-18",457.471,NA,""
"1992-09-19",465.719,NA,""
"1992-09-20",490.761,NA,""
"1992-09-21",511.966,NA,""
"1992-09-22",555.273,NA,""
"1992-09-23",640.763,NA,""
"1992-09-24",631.571,NA,""
"1992-09-25",542.156,NA,""
"1992-09-26",511.966,NA,""
"1992-09-27",581.822,NA,""
"1992-09-28",636.161,NA,""
"1992-09-29",650,NA,""
"1992-09-30",640.763,NA,""
"1992-10-01",572.926,NA,""
"1992-10-02",511.966,NA,""
"1992-10-03",520.532,NA,""
"1992-10-04",511.966,NA,""
"1992-10-05",494.978,NA,""
"1992-10-06",499.207,NA,""
"1992-10-07",542.156,NA,""
"1992-10-08",581.822,NA,""
"1992-10-09",626.991,NA,""
"1992-10-10",599.753,NA,""
"1992-10-11",604.264,NA,""
"1992-10-12",586.288,NA,""
"1992-10-13",550.889,NA,""
"1992-10-14",546.517,NA,""
"1992-10-15",564.076,NA,""
"1992-10-16",613.321,NA,""
"1992-10-17",654.635,NA,""
"1992-10-18",668.608,NA,""
"1992-10-19",631.571,NA,""
"1992-10-20",654.635,NA,""
"1992-10-21",692.116,74.859,"TM/Landsat-5"
"1992-10-22",677.978,NA,""
"1992-10-23",599.753,NA,""
"1992-10-24",546.517,NA,""
"1992-10-25",542.156,NA,""
"1992-10-26",590.765,NA,""
"1992-10-27",608.787,NA,""
"1992-10-28",590.765,NA,""
"1992-10-29",783.908,NA,""
"1992-10-30",692.116,NA,""
"1992-10-31",818.688,NA,""
"1992-11-01",962.806,NA,""
"1992-11-02",1026.95,NA,""
"1992-11-03",1176.28,NA,""
"1992-11-04",1120.17,NA,""
"1992-11-05",962.806,NA,""
"1992-11-06",941.738,NA,""
"1992-11-07",769.159,NA,""
"1992-11-08",853.975,NA,""
"1992-11-09",759.379,NA,""
"1992-11-10",595.253,NA,""
"1992-11-11",677.978,NA,""
"1992-11-12",764.264,NA,""
"1992-11-13",783.908,NA,""
"1992-11-14",668.608,NA,""
"1992-11-15",599.753,NA,""
"1992-11-16",595.253,NA,""
"1992-11-17",631.571,NA,""
"1992-11-18",645.376,NA,""
"1992-11-19",1131.32,NA,""
"1992-11-20",1187.61,NA,""
"1992-11-21",1103.52,NA,""
"1992-11-22",1097.99,NA,""
"1992-11-23",994.702,NA,""
"1992-11-24",884.619,NA,""
"1992-11-25",793.793,NA,""
"1992-11-26",730.294,NA,""
"1992-11-27",1021.55,NA,""
"1992-11-28",1193.29,NA,""
"1992-11-29",1291.23,NA,""
"1992-11-30",1625.44,NA,""
"1992-12-01",2182.63,NA,""
"1992-12-02",2750.79,NA,""
"1992-12-03",3107.9,NA,""
"1992-12-04",3126.63,NA,""
"1992-12-05",2822.78,NA,""
"1992-12-06",2366.82,NA,""
"1992-12-07",2174.39,NA,""
"1992-12-08",2141.52,NA,""
"1992-12-09",2011.81,NA,""
"1992-12-10",1838.22,NA,""
"1992-12-11",2052.04,NA,""
"1992-12-12",3421.97,NA,""
"1992-12-13",4437.18,NA,""
"1992-12-14",4608.15,NA,""
"1992-12-15",4289.48,NA,""
"1992-12-16",3716.67,NA,""
"1992-12-17",2950.34,NA,""
"1992-12-18",2504.07,NA,""
"1992-12-19",2840.88,NA,""
"1992-12-20",3756.62,NA,""
"1992-12-21",3928.06,NA,""
"1992-12-22",3268.35,NA,""
"1992-12-23",2512.74,NA,""
"1992-12-24",2011.81,NA,""
"1992-12-25",1845.99,NA,""
"1992-12-26",1853.77,NA,""
"1992-12-27",1792.25,NA,""
"1992-12-28",1606.55,NA,""
"1992-12-29",2349.86,NA,""
"1992-12-30",3470.48,NA,""
"1992-12-31",3948.4,NA,""
"1993-01-01",4247.6,NA,""
"1993-01-02",3796.71,NA,""
"1993-01-03",2959.52,NA,""
"1993-01-04",2366.82,NA,""
"1993-01-05",2617.6,NA,""
"1993-01-06",3726.64,NA,""
"1993-01-07",5201.86,NA,""
"1993-01-08",6463.76,NA,""
"1993-01-09",6427.41,NA,""
"1993-01-10",6634.36,NA,""
"1993-01-11",7845.92,NA,""
"1993-01-12",9114.17,NA,""
"1993-01-13",9794.29,NA,""
"1993-01-14",9626.13,NA,""
"1993-01-15",7832.93,NA,""
"1993-01-16",6032.37,NA,""
"1993-01-17",5190.64,NA,""
"1993-01-18",4748.74,NA,""
"1993-01-19",4770.5,NA,""
"1993-01-20",5577.09,NA,""
"1993-01-21",5692.62,NA,""
"1993-01-22",4575.92,NA,""
"1993-01-23",3499.71,NA,""
"1993-01-24",3421.97,NA,""
"1993-01-25",3617.48,175.427,"TM/Landsat-5"
"1993-01-26",3220.86,NA,""
"1993-01-27",2723.96,NA,""
"1993-01-28",2521.42,NA,""
"1993-01-29",2706.13,NA,""
"1993-01-30",2868.1,NA,""
"1993-01-31",2670.59,NA,""
"1993-02-01",2469.5,NA,""
"1993-02-02",1955.98,NA,""
"1993-02-03",1714.58,NA,""
"1993-02-04",1682.56,NA,""
"1993-02-05",1861.57,NA,""
"1993-02-06",2052.04,NA,""
"1993-02-07",2060.12,NA,""
"1993-02-08",2207.44,NA,""
"1993-02-09",2591.24,NA,""
"1993-02-10",2822.78,NA,""
"1993-02-11",2859.02,NA,""
"1993-02-12",2950.34,NA,""
"1993-02-13",3117.26,NA,""
"1993-02-14",3230.34,NA,""
"1993-02-15",3316.09,NA,""
"1993-02-16",4737.87,NA,""
"1993-02-17",5879.21,NA,""
"1993-02-18",6127.32,NA,""
"1993-02-19",5669.45,NA,""
"1993-02-20",4956.9,NA,""
"1993-02-21",4394.8,NA,""
"1993-02-22",3978.99,NA,""
"1993-02-23",3666.96,NA,""
"1993-02-24",3617.48,NA,""
"1993-02-25",3706.71,NA,""
"1993-02-26",3736.62,NA,""
"1993-02-27",3857.13,NA,""
"1993-02-28",3948.4,NA,""
"1993-03-01",3826.88,NA,""
"1993-03-02",3538.81,NA,""
"1993-03-03",3220.86,NA,""
"1993-03-04",3089.21,NA,""
"1993-03-05",2895.42,NA,""
"1993-03-06",2732.89,NA,""
"1993-03-07",2538.81,NA,""
"1993-03-08",2341.4,NA,""
"1993-03-09",2141.52,NA,""
"1993-03-10",1948.05,NA,""
"1993-03-11",1814.99,NA,""
"1993-03-12",1657.09,NA,""
"1993-03-13",1619.13,NA,""
"1993-03-14",1544.12,98.542,"TM/Landsat-5"
"1993-03-15",1470.31,NA,""
"1993-03-16",1409.75,NA,""
"1993-03-17",1391.75,NA,""
"1993-03-18",1556.54,NA,""
"1993-03-19",1772.72,NA,""
"1993-03-20",1807.26,NA,""
"1993-03-21",1845.99,NA,""
"1993-03-22",1869.37,NA,""
"1993-03-23",1853.77,NA,""
"1993-03-24",1792.25,NA,""
"1993-03-25",1727.44,NA,""
"1993-03-26",1650.74,NA,""
"1993-03-27",1600.27,NA,""
"1993-03-28",1550.32,NA,""
"1993-03-29",1500.92,NA,""
"1993-03-30",1544.12,143.406,"TM/Landsat-5"
"1993-03-31",1575.23,NA,""
"1993-04-01",1556.54,NA,""
"1993-04-02",1482.53,NA,""
"1993-04-03",1544.12,NA,""
"1993-04-04",1575.23,NA,""
"1993-04-05",2116.98,NA,""
"1993-04-06",3164.2,NA,""
"1993-04-07",3776.64,NA,""
"1993-04-08",3607.61,NA,""
"1993-04-09",2968.72,NA,""
"1993-04-10",2409.42,NA,""
"1993-04-11",2084.42,NA,""
"1993-04-12",1807.26,NA,""
"1993-04-13",1669.81,NA,""
"1993-04-14",1507.06,NA,""
"1993-04-15",1427.83,167.719,"TM/Landsat-5"
"1993-04-16",1373.82,NA,""
"1993-04-17",1320.53,NA,""
"1993-04-18",1210.38,NA,""
"1993-04-19",1164.98,NA,""
"1993-04-20",1114.61,NA,""
"1993-04-21",1075.96,NA,""
"1993-04-22",1043.2,NA,""
"1993-04-23",1021.55,NA,""
"1993-04-24",1026.95,NA,""
"1993-04-25",1037.77,NA,""
"1993-04-26",1010.78,NA,""
"1993-04-27",968.097,NA,""
"1993-04-28",941.738,NA,""
"1993-04-29",920.828,NA,""
"1993-04-30",900.077,NA,""
"1993-05-01",894.914,95.71,"TM/Landsat-5"
"1993-05-02",859.057,NA,""
"1993-05-03",838.791,NA,""
"1993-05-04",818.688,NA,""
"1993-05-05",803.72,NA,""
"1993-05-06",793.793,NA,""
"1993-05-07",788.846,NA,""
"1993-05-08",793.793,NA,""
"1993-05-09",798.752,NA,""
"1993-05-10",803.72,NA,""
"1993-05-11",798.752,NA,""
"1993-05-12",778.982,NA,""
"1993-05-13",749.642,NA,""
"1993-05-14",730.294,NA,""
"1993-05-15",715.896,NA,""
"1993-05-16",711.118,NA,""
"1993-05-17",701.595,85.234,"TM/Landsat-5"
"1993-05-18",720.685,NA,""
"1993-05-19",764.264,NA,""
"1993-05-20",774.065,NA,""
"1993-05-21",759.379,NA,""
"1993-05-22",735.115,NA,""
"1993-05-23",715.896,NA,""
"1993-05-24",692.116,NA,""
"1993-05-25",663.939,NA,""
"1993-05-26",654.635,NA,""
"1993-05-27",645.376,NA,""
"1993-05-28",640.763,NA,""
"1993-05-29",640.763,NA,""
"1993-05-30",636.161,NA,""
"1993-05-31",626.991,NA,""
"1993-06-01",636.161,NA,""
"1993-06-02",608.787,NA,""
"1993-06-03",613.321,NA,""
"1993-06-04",668.608,NA,""
"1993-06-05",843.842,NA,""
"1993-06-06",798.752,NA,""
"1993-06-07",720.685,NA,""
"1993-06-08",715.896,NA,""
"1993-06-09",973.399,NA,""
"1993-06-10",1016.16,NA,""
"1993-06-11",859.057,NA,""
"1993-06-12",764.264,NA,""
"1993-06-13",711.118,NA,""
"1993-06-14",677.978,NA,""
"1993-06-15",650,NA,""
"1993-06-16",631.571,NA,""
"1993-06-17",613.321,NA,""
"1993-06-18",604.264,NA,""
"1993-06-19",595.253,NA,""
"1993-06-20",581.822,NA,""
"1993-06-21",559.669,NA,""
"1993-06-22",546.517,NA,""
"1993-06-23",550.889,NA,""
"1993-06-24",555.273,NA,""
"1993-06-25",546.517,NA,""
"1993-06-26",537.808,NA,""
"1993-06-27",537.808,NA,""
"1993-06-28",533.471,NA,""
"1993-06-29",533.471,NA,""
"1993-06-30",520.532,NA,""
"1993-07-01",516.243,NA,""
"1993-07-02",511.966,NA,""
"1993-07-03",511.966,NA,""
"1993-07-04",511.966,58.94,"TM/Landsat-5"
"1993-07-05",494.978,NA,""
"1993-07-06",494.978,NA,""
"1993-07-07",490.761,NA,""
"1993-07-08",478.185,NA,""
"1993-07-09",465.719,NA,""
"1993-07-10",457.471,NA,""
"1993-07-11",453.365,NA,""
"1993-07-12",449.272,NA,""
"1993-07-13",445.192,NA,""
"1993-07-14",441.124,NA,""
"1993-07-15",433.026,NA,""
"1993-07-16",433.026,NA,""
"1993-07-17",428.996,NA,""
"1993-07-18",424.979,NA,""
"1993-07-19",424.979,NA,""
"1993-07-20",420.975,64.323,"TM/Landsat-5"
"1993-07-21",416.983,NA,""
"1993-07-22",413.004,NA,""
"1993-07-23",405.086,NA,""
"1993-07-24",401.146,NA,""
"1993-07-25",397.219,NA,""
"1993-07-26",393.306,NA,""
"1993-07-27",389.405,NA,""
"1993-07-28",385.517,NA,""
"1993-07-29",381.643,NA,""
"1993-07-30",377.782,NA,""
"1993-07-31",370.1,NA,""
"1993-08-01",366.279,NA,""
"1993-08-02",362.471,NA,""
"1993-08-03",362.471,NA,""
"1993-08-04",358.677,NA,""
"1993-08-05",358.677,63.755,"TM/Landsat-5"
"1993-08-06",362.471,NA,""
"1993-08-07",358.677,NA,""
"1993-08-08",354.897,NA,""
"1993-08-09",351.129,NA,""
"1993-08-10",339.91,NA,""
"1993-08-11",336.197,NA,""
"1993-08-12",332.499,NA,""
"1993-08-13",328.814,NA,""
"1993-08-14",332.499,NA,""
"1993-08-15",328.814,NA,""
"1993-08-16",332.499,NA,""
"1993-08-17",328.814,NA,""
"1993-08-18",325.143,NA,""
"1993-08-19",325.143,NA,""
"1993-08-20",332.499,NA,""
"1993-08-21",343.636,51.825,"TM/Landsat-5"
"1993-08-22",370.1,NA,""
"1993-08-23",377.782,NA,""
"1993-08-24",366.279,NA,""
"1993-08-25",354.897,NA,""
"1993-08-26",366.279,NA,""
"1993-08-27",397.219,NA,""
"1993-08-28",465.719,NA,""
"1993-08-29",490.761,NA,""
"1993-08-30",453.365,NA,""
"1993-08-31",416.983,NA,""
"1993-09-01",347.376,NA,""
"1993-09-02",347.376,NA,""
"1993-09-03",343.636,NA,""
"1993-09-04",343.636,NA,""
"1993-09-05",389.405,NA,""
"1993-09-06",441.124,65.642,"TM/Landsat-5"
"1993-09-07",461.589,NA,""
"1993-09-08",433.026,NA,""
"1993-09-09",424.979,NA,""
"1993-09-10",428.996,NA,""
"1993-09-11",474.017,NA,""
"1993-09-12",465.719,NA,""
"1993-09-13",416.983,NA,""
"1993-09-14",453.365,NA,""
"1993-09-15",577.368,NA,""
"1993-09-16",511.966,NA,""
"1993-09-17",465.719,NA,""
"1993-09-18",461.589,NA,""
"1993-09-19",469.862,NA,""
"1993-09-20",490.761,NA,""
"1993-09-21",507.701,NA,""
"1993-09-22",555.273,NA,""
"1993-09-23",645.376,NA,""
"1993-09-24",636.161,NA,""
"1993-09-25",542.156,NA,""
"1993-09-26",516.243,NA,""
"1993-09-27",581.822,NA,""
"1993-09-28",640.763,NA,""
"1993-09-29",654.635,NA,""
"1993-09-30",640.763,NA,""
"1993-10-01",668.608,NA,""
"1993-10-02",640.763,NA,""
"1993-10-03",604.264,NA,""
"1993-10-04",577.368,NA,""
"1993-10-05",537.808,NA,""
"1993-10-06",586.288,NA,""
"1993-10-07",604.264,NA,""
"1993-10-08",533.471,185.091,"TM/Landsat-5"
"1993-10-09",524.833,NA,""
"1993-10-10",503.448,NA,""
"1993-10-11",445.192,NA,""
"1993-10-12",401.146,NA,""
"1993-10-13",366.279,NA,""
"1993-10-14",347.376,NA,""
"1993-10-15",339.91,NA,""
"1993-10-16",351.129,NA,""
"1993-10-17",381.643,NA,""
"1993-10-18",385.517,NA,""
"1993-10-19",393.306,NA,""
"1993-10-20",409.039,NA,""
"1993-10-21",409.039,NA,""
"1993-10-22",389.405,NA,""
"1993-10-23",373.934,NA,""
"1993-10-24",401.146,33.144,"TM/Landsat-5"
"1993-10-25",370.1,NA,""
"1993-10-26",401.146,NA,""
"1993-10-27",441.124,NA,""
"1993-10-28",524.833,NA,""
"1993-10-29",590.765,NA,""
"1993-10-30",595.253,NA,""
"1993-10-31",533.471,NA,""
"1993-11-01",499.207,NA,""
"1993-11-02",516.243,NA,""
"1993-11-03",486.557,NA,""
"1993-11-04",453.365,NA,""
"1993-11-05",405.086,NA,""
"1993-11-06",385.517,NA,""
"1993-11-07",381.643,NA,""
"1993-11-08",393.306,NA,""
"1993-11-09",433.026,NA,""
"1993-11-10",420.975,NA,""
"1993-11-11",413.004,NA,""
"1993-11-12",401.146,NA,""
"1993-11-13",441.124,NA,""
"1993-11-14",469.862,NA,""
"1993-11-15",416.983,NA,""
"1993-11-16",362.471,NA,""
"1993-11-17",321.486,NA,""
"1993-11-18",303.412,NA,""
"1993-11-19",282.195,NA,""
"1993-11-20",271.783,NA,""
"1993-11-21",275.239,NA,""
"1993-11-22",343.636,NA,""
"1993-11-23",401.146,NA,""
"1993-11-24",397.219,NA,""
"1993-11-25",424.979,NA,""
"1993-11-26",499.207,NA,""
"1993-11-27",516.243,NA,""
"1993-11-28",457.471,NA,""
"1993-11-29",465.719,NA,""
"1993-11-30",604.264,NA,""
"1993-12-01",613.321,NA,""
"1993-12-02",577.368,NA,""
"1993-12-03",595.253,NA,""
"1993-12-04",604.264,NA,""
"1993-12-05",577.368,NA,""
"1993-12-06",555.273,NA,""
"1993-12-07",542.156,NA,""
"1993-12-08",613.321,NA,""
"1993-12-09",631.571,NA,""
"1993-12-10",595.253,NA,""
"1993-12-11",599.753,NA,""
"1993-12-12",645.376,NA,""
"1993-12-13",778.982,NA,""
"1993-12-14",869.251,NA,""
"1993-12-15",1005.41,NA,""
"1993-12-16",1297.07,NA,""
"1993-12-17",1525.55,NA,""
"1993-12-18",1631.75,NA,""
"1993-12-19",1631.75,NA,""
"1993-12-20",1688.94,NA,""
"1993-12-21",1908.57,NA,""
"1993-12-22",2182.63,NA,""
"1993-12-23",2435.11,NA,""
"1993-12-24",2831.82,NA,""
"1993-12-25",3296.97,NA,""
"1993-12-26",3867.24,NA,""
"1993-12-27",4030.17,NA,""
"1993-12-28",3686.81,NA,""
"1993-12-29",3364.07,NA,""
"1993-12-30",3373.7,NA,""
"1993-12-31",3686.81,NA,""
"1994-01-01",3538.81,NA,""
"1994-01-02",3239.83,NA,""
"1994-01-03",2706.13,NA,""
"1994-01-04",2316.07,NA,""
"1994-01-05",2635.22,NA,""
"1994-01-06",3383.33,NA,""
"1994-01-07",4112.52,NA,""
"1994-01-08",4748.74,NA,""
"1994-01-09",4879.84,NA,""
"1994-01-10",4967.95,NA,""
"1994-01-11",5145.82,NA,""
"1994-01-12",5280.68,NA,""
"1994-01-13",5291.98,NA,""
"1994-01-14",5101.15,NA,""
"1994-01-15",4469.06,NA,""
"1994-01-16",4060.98,NA,""
"1994-01-17",3786.67,NA,""
"1994-01-18",3578.07,NA,""
"1994-01-19",3412.29,NA,""
"1994-01-20",3676.88,NA,""
"1994-01-21",3597.75,NA,""
"1994-01-22",3529.02,NA,""
"1994-01-23",3402.63,NA,""
"1994-01-24",3287.42,NA,""
"1994-01-25",3249.33,NA,""
"1994-01-26",3145.4,NA,""
"1994-01-27",3024.12,NA,""
"1994-01-28",2831.82,NA,""
"1994-01-29",2786.7,NA,""
"1994-01-30",2804.72,NA,""
"1994-01-31",2679.46,NA,""
"1994-02-01",2608.8,NA,""
"1994-02-02",2547.52,NA,""
"1994-02-03",2392.35,NA,""
"1994-02-04",2249,NA,""
"1994-02-05",2068.21,NA,""
"1994-02-06",2019.84,NA,""
"1994-02-07",1900.7,NA,""
"1994-02-08",1830.47,NA,""
"1994-02-09",1916.44,NA,""
"1994-02-10",2043.97,NA,""
"1994-02-11",1955.98,NA,""
"1994-02-12",1799.55,NA,""
"1994-02-13",1740.34,195.065,"TM/Landsat-5"
"1994-02-14",1657.09,NA,""
"1994-02-15",1600.27,NA,""
"1994-02-16",1746.8,NA,""
"1994-02-17",1721.01,NA,""
"1994-02-18",1625.44,NA,""
"1994-02-19",1550.32,NA,""
"1994-02-20",1427.83,NA,""
"1994-02-21",1367.87,NA,""
"1994-02-22",1314.65,NA,""
"1994-02-23",1285.4,NA,""
"1994-02-24",1320.53,NA,""
"1994-02-25",1297.07,NA,""
"1994-02-26",1332.31,NA,""
"1994-02-27",1350.05,NA,""
"1994-02-28",1531.73,NA,""
"1994-03-01",1619.13,NA,""
"1994-03-02",1669.81,NA,""
"1994-03-03",1727.44,NA,""
"1994-03-04",1963.92,NA,""
"1994-03-05",2190.89,NA,""
"1994-03-06",2608.8,NA,""
"1994-03-07",2831.82,NA,""
"1994-03-08",2977.93,NA,""
"1994-03-09",3061.26,NA,""
"1994-03-10",3098.55,NA,""
"1994-03-11",3079.89,NA,""
"1994-03-12",3024.12,NA,""
"1994-03-13",2931.99,NA,""
"1994-03-14",2859.02,NA,""
"1994-03-15",2723.96,NA,""
"1994-03-16",2652.88,NA,""
"1994-03-17",2573.72,NA,""
"1994-03-18",2521.42,NA,""
"1994-03-19",2582.48,NA,""
"1994-03-20",2732.89,NA,""
"1994-03-21",2786.7,NA,""
"1994-03-22",2759.75,NA,""
"1994-03-23",2822.78,NA,""
"1994-03-24",2895.42,NA,""
"1994-03-25",2922.83,NA,""
"1994-03-26",2877.2,NA,""
"1994-03-27",2849.94,NA,""
"1994-03-28",2931.99,NA,""
"1994-03-29",2859.02,NA,""
"1994-03-30",2591.24,NA,""
"1994-03-31",2307.64,NA,""
"1994-04-01",2157.93,NA,""
"1994-04-02",2125.15,NA,""
"1994-04-03",2157.93,NA,""
"1994-04-04",2133.33,NA,""
"1994-04-05",1995.8,NA,""
"1994-04-06",1940.13,NA,""
"1994-04-07",1861.57,NA,""
"1994-04-08",1853.77,NA,""
"1994-04-09",1924.32,NA,""
"1994-04-10",1955.98,NA,""
"1994-04-11",1830.47,NA,""
"1994-04-12",1721.01,NA,""
"1994-04-13",1593.99,NA,""
"1994-04-14",1544.12,NA,""
"1994-04-15",1476.42,NA,""
"1994-04-16",1427.83,NA,""
"1994-04-17",1379.79,NA,""
"1994-04-18",1427.83,127.678,"TM/Landsat-5"
"1994-04-19",1513.22,NA,""
"1994-04-20",1445.98,NA,""
"1994-04-21",1458.13,NA,""
"1994-04-22",1587.73,NA,""
"1994-04-23",1531.73,NA,""
"1994-04-24",1373.82,NA,""
"1994-04-25",1267.95,NA,""
"1994-04-26",1204.68,NA,""
"1994-04-27",1164.98,NA,""
"1994-04-28",1131.32,NA,""
"1994-04-29",1086.96,NA,""
"1994-04-30",1054.08,NA,""
"1994-05-01",1037.77,NA,""
"1994-05-02",1043.2,NA,""
"1994-05-03",1026.95,NA,""
"1994-05-04",984.031,115.537,"TM/Landsat-5"
"1994-05-05",978.71,NA,""
"1994-05-06",926.04,NA,""
"1994-05-07",905.249,NA,""
"1994-05-08",884.619,NA,""
"1994-05-09",869.251,NA,""
"1994-05-10",853.975,NA,""
"1994-05-11",833.75,NA,""
"1994-05-12",818.688,NA,""
"1994-05-13",803.72,NA,""
"1994-05-14",793.793,NA,""
"1994-05-15",783.908,NA,""
"1994-05-16",774.065,NA,""
"1994-05-17",783.908,NA,""
"1994-05-18",788.846,NA,""
"1994-05-19",774.065,NA,""
"1994-05-20",759.379,95.691,"TM/Landsat-5"
"1994-05-21",739.947,NA,""
"1994-05-22",725.484,NA,""
"1994-05-23",725.484,NA,""
"1994-05-24",874.364,NA,""
"1994-05-25",910.432,NA,""
"1994-05-26",1000.05,NA,""
"1994-05-27",1005.41,NA,""
"1994-05-28",889.761,NA,""
"1994-05-29",813.689,NA,""
"1994-05-30",769.159,NA,""
"1994-05-31",739.947,NA,""
"1994-06-01",744.789,NA,""
"1994-06-02",725.484,NA,""
"1994-06-03",706.351,NA,""
"1994-06-04",687.392,NA,""
"1994-06-05",663.939,NA,""
"1994-06-06",650,NA,""
"1994-06-07",645.376,NA,""
"1994-06-08",636.161,NA,""
"1994-06-09",626.991,NA,""
"1994-06-10",613.321,NA,""
"1994-06-11",604.264,NA,""
"1994-06-12",595.253,NA,""
"1994-06-13",590.765,NA,""
"1994-06-14",577.368,NA,""
"1994-06-15",572.926,NA,""
"1994-06-16",572.926,NA,""
"1994-06-17",564.076,NA,""
"1994-06-18",559.669,NA,""
"1994-06-19",555.273,NA,""
"1994-06-20",550.889,NA,""
"1994-06-21",542.156,67.474,"TM/Landsat-5"
"1994-06-22",542.156,NA,""
"1994-06-23",537.808,NA,""
"1994-06-24",537.808,NA,""
"1994-06-25",542.156,NA,""
"1994-06-26",568.495,NA,""
"1994-06-27",586.288,NA,""
"1994-06-28",604.264,NA,""
"1994-06-29",663.939,NA,""
"1994-06-30",735.115,NA,""
"1994-07-01",673.287,NA,""
"1994-07-02",617.867,NA,""
"1994-07-03",586.288,NA,""
"1994-07-04",568.495,NA,""
"1994-07-05",555.273,NA,""
"1994-07-06",542.156,NA,""
"1994-07-07",529.146,NA,""
"1994-07-08",520.532,NA,""
"1994-07-09",507.701,NA,""
"1994-07-10",499.207,NA,""
"1994-07-11",486.557,NA,""
"1994-07-12",478.185,NA,""
"1994-07-13",474.017,NA,""
"1994-07-14",465.719,NA,""
"1994-07-15",461.589,NA,""
"1994-07-16",457.471,NA,""
"1994-07-17",457.471,NA,""
"1994-07-18",453.365,NA,""
"1994-07-19",445.192,NA,""
"1994-07-20",441.124,NA,""
"1994-07-21",441.124,NA,""
"1994-07-22",437.069,NA,""
"1994-07-23",441.124,NA,""
"1994-07-24",437.069,NA,""
"1994-07-25",478.185,NA,""
"1994-07-26",516.243,NA,""
"1994-07-27",572.926,NA,""
"1994-07-28",559.669,NA,""
"1994-07-29",529.146,NA,""
"1994-07-30",503.448,NA,""
"1994-07-31",461.589,NA,""
"1994-08-01",445.192,NA,""
"1994-08-02",428.996,NA,""
"1994-08-03",416.983,NA,""
"1994-08-04",409.039,NA,""
"1994-08-05",401.146,NA,""
"1994-08-06",393.306,NA,""
"1994-08-07",389.405,NA,""
"1994-08-08",381.643,51.295,"TM/Landsat-5"
"1994-08-09",377.782,NA,""
"1994-08-10",373.934,NA,""
"1994-08-11",370.1,NA,""
"1994-08-12",366.279,NA,""
"1994-08-13",377.782,NA,""
"1994-08-14",373.934,NA,""
"1994-08-15",373.934,NA,""
"1994-08-16",370.1,NA,""
"1994-08-17",370.1,NA,""
"1994-08-18",366.279,NA,""
"1994-08-19",366.279,NA,""
"1994-08-20",366.279,NA,""
"1994-08-21",358.677,NA,""
"1994-08-22",354.897,NA,""
"1994-08-23",354.897,NA,""
"1994-08-24",354.897,NA,""
"1994-08-25",351.129,NA,""
"1994-08-26",347.376,NA,""
"1994-08-27",343.636,NA,""
"1994-08-28",339.91,NA,""
"1994-08-29",336.197,NA,""
"1994-08-30",336.197,NA,""
"1994-08-31",336.197,NA,""
"1994-09-01",336.197,NA,""
"1994-09-02",332.499,NA,""
"1994-09-03",328.814,NA,""
"1994-09-04",328.814,NA,""
"1994-09-05",328.814,NA,""
"1994-09-06",328.814,NA,""
"1994-09-07",328.814,NA,""
"1994-09-08",328.814,NA,""
"1994-09-09",328.814,NA,""
"1994-09-10",321.486,NA,""
"1994-09-11",317.843,NA,""
"1994-09-12",310.599,NA,""
"1994-09-13",306.999,NA,""
"1994-09-14",303.412,NA,""
"1994-09-15",303.412,NA,""
"1994-09-16",310.599,NA,""
"1994-09-17",321.486,NA,""
"1994-09-18",317.843,NA,""
"1994-09-19",310.599,NA,""
"1994-09-20",306.999,NA,""
"1994-09-21",303.412,NA,""
"1994-09-22",303.412,NA,""
"1994-09-23",303.412,NA,""
"1994-09-24",303.412,NA,""
"1994-09-25",303.412,NA,""
"1994-09-26",296.282,NA,""
"1994-09-27",296.282,NA,""
"1994-09-28",289.21,NA,""
"1994-09-29",289.21,NA,""
"1994-09-30",292.739,NA,""
"1994-10-01",292.739,NA,""
"1994-10-02",303.412,NA,""
"1994-10-03",328.814,NA,""
"1994-10-04",377.782,NA,""
"1994-10-05",445.192,NA,""
"1994-10-06",474.017,NA,""
"1994-10-07",482.365,NA,""
"1994-10-08",482.365,NA,""
"1994-10-09",441.124,NA,""
"1994-10-10",401.146,NA,""
"1994-10-11",381.643,NA,""
"1994-10-12",370.1,NA,""
"1994-10-13",347.376,NA,""
"1994-10-14",336.197,NA,""
"1994-10-15",328.814,NA,""
"1994-10-16",328.814,NA,""
"1994-10-17",343.636,NA,""
"1994-10-18",370.1,NA,""
"1994-10-19",385.517,NA,""
"1994-10-20",397.219,NA,""
"1994-10-21",405.086,NA,""
"1994-10-22",413.004,NA,""
"1994-10-23",478.185,NA,""
"1994-10-24",542.156,NA,""
"1994-10-25",559.669,NA,""
"1994-10-26",445.192,NA,""
"1994-10-27",393.306,NA,""
"1994-10-28",433.026,NA,""
"1994-10-29",524.833,NA,""
"1994-10-30",640.763,NA,""
"1994-10-31",659.282,NA,""
"1994-11-01",654.635,NA,""
"1994-11-02",622.423,NA,""
"1994-11-03",793.793,NA,""
"1994-11-04",682.68,NA,""
"1994-11-05",524.833,NA,""
"1994-11-06",433.026,NA,""
"1994-11-07",370.1,NA,""
"1994-11-08",351.129,NA,""
"1994-11-09",351.129,NA,""
"1994-11-10",373.934,NA,""
"1994-11-11",428.996,NA,""
"1994-11-12",478.185,88.563,"TM/Landsat-5"
"1994-11-13",524.833,NA,""
"1994-11-14",572.926,NA,""
"1994-11-15",626.991,NA,""
"1994-11-16",725.484,NA,""
"1994-11-17",843.842,NA,""
"1994-11-18",962.806,NA,""
"1994-11-19",1092.47,NA,""
"1994-11-20",1239.05,NA,""
"1994-11-21",1314.65,NA,""
"1994-11-22",1600.27,NA,""
"1994-11-23",1792.25,NA,""
"1994-11-24",1900.7,NA,""
"1994-11-25",1845.99,NA,""
"1994-11-26",1807.26,NA,""
"1994-11-27",1807.26,NA,""
"1994-11-28",1785.73,102.981,"TM/Landsat-5"
"1994-11-29",1799.55,NA,""
"1994-11-30",1799.55,NA,""
"1994-12-01",1838.22,NA,""
"1994-12-02",1885.01,NA,""
"1994-12-03",1814.99,NA,""
"1994-12-04",1759.75,NA,""
"1994-12-05",1746.8,NA,""
"1994-12-06",1740.34,NA,""
"1994-12-07",1714.58,NA,""
"1994-12-08",1721.01,NA,""
"1994-12-09",1721.01,NA,""
"1994-12-10",1733.89,NA,""
"1994-12-11",1657.09,NA,""
"1994-12-12",1650.74,NA,""
"1994-12-13",1619.13,NA,""
"1994-12-14",1519.38,NA,""
"1994-12-15",1433.87,NA,""
"1994-12-16",1320.53,NA,""
"1994-12-17",1239.05,NA,""
"1994-12-18",1273.76,NA,""
"1994-12-19",1361.92,NA,""
"1994-12-20",1488.65,NA,""
"1994-12-21",1562.76,NA,""
"1994-12-22",1575.23,NA,""
"1994-12-23",1544.12,NA,""
"1994-12-24",1513.22,NA,""
"1994-12-25",1682.56,NA,""
"1994-12-26",1733.89,NA,""
"1994-12-27",1727.44,NA,""
"1994-12-28",1785.73,NA,""
"1994-12-29",1772.72,NA,""
"1994-12-30",1682.56,NA,""
"1994-12-31",1562.76,NA,""
"1995-01-01",1427.83,NA,""
"1995-01-02",1373.82,NA,""
"1995-01-03",1464.22,NA,""
"1995-01-04",1507.06,NA,""
"1995-01-05",1663.44,NA,""
"1995-01-06",1869.37,NA,""
"1995-01-07",2043.97,NA,""
"1995-01-08",2290.83,NA,""
"1995-01-09",2452.28,NA,""
"1995-01-10",2530.11,NA,""
"1995-01-11",2723.96,NA,""
"1995-01-12",3024.12,NA,""
"1995-01-13",3145.4,NA,""
"1995-01-14",3126.63,NA,""
"1995-01-15",2895.42,NA,""
"1995-01-16",2538.81,NA,""
"1995-01-17",2190.89,NA,""
"1995-01-18",1924.32,NA,""
"1995-01-19",1701.74,NA,""
"1995-01-20",1525.55,NA,""
"1995-01-21",1403.74,NA,""
"1995-01-22",1385.76,NA,""
"1995-01-23",1367.87,NA,""
"1995-01-24",1320.53,NA,""
"1995-01-25",1297.07,NA,""
"1995-01-26",1350.05,NA,""
"1995-01-27",1297.07,NA,""
"1995-01-28",1488.65,NA,""
"1995-01-29",1587.73,NA,""
"1995-01-30",1568.99,NA,""
"1995-01-31",1556.54,NA,""
"1995-02-01",1519.38,NA,""
"1995-02-02",1822.72,NA,""
"1995-02-03",2100.68,NA,""
"1995-02-04",2375.32,NA,""
"1995-02-05",2670.59,NA,""
"1995-02-06",2913.69,NA,""
"1995-02-07",3042.67,NA,""
"1995-02-08",3277.88,NA,""
"1995-02-09",3587.91,NA,""
"1995-02-10",3857.13,NA,""
"1995-02-11",3999.44,NA,""
"1995-02-12",4030.17,NA,""
"1995-02-13",3968.79,NA,""
"1995-02-14",3897.6,NA,""
"1995-02-15",3857.13,NA,""
"1995-02-16",3867.24,NA,""
"1995-02-17",3897.6,NA,""
"1995-02-18",3907.75,NA,""
"1995-02-19",3897.6,NA,""
"1995-02-20",3867.24,NA,""
"1995-02-21",3786.67,NA,""
"1995-02-22",3657.04,NA,""
"1995-02-23",3499.71,NA,""
"1995-02-24",3402.63,NA,""
"1995-02-25",3277.88,NA,""
"1995-02-26",3117.26,NA,""
"1995-02-27",2931.99,NA,""
"1995-02-28",2670.59,NA,""
"1995-03-01",2486.77,NA,""
"1995-03-02",2375.32,NA,""
"1995-03-03",2249,NA,""
"1995-03-04",2052.04,NA,""
"1995-03-05",2003.8,NA,""
"1995-03-06",1987.82,NA,""
"1995-03-07",1924.32,NA,""
"1995-03-08",1908.57,NA,""
"1995-03-09",1814.99,NA,""
"1995-03-10",1701.74,NA,""
"1995-03-11",1861.57,NA,""
"1995-03-12",1955.98,NA,""
"1995-03-13",1838.22,NA,""
"1995-03-14",1733.89,NA,""
"1995-03-15",1625.44,NA,""
"1995-03-16",1688.94,NA,""
"1995-03-17",1940.13,NA,""
"1995-03-18",2068.21,NA,""
"1995-03-19",2060.12,NA,""
"1995-03-20",2003.8,197.015,"TM/Landsat-5"
"1995-03-21",1995.8,NA,""
"1995-03-22",2100.68,NA,""
"1995-03-23",2060.12,NA,""
"1995-03-24",2052.04,NA,""
"1995-03-25",2092.54,NA,""
"1995-03-26",2375.32,NA,""
"1995-03-27",2661.73,NA,""
"1995-03-28",2582.48,NA,""
"1995-03-29",2332.94,NA,""
"1995-03-30",2108.82,NA,""
"1995-03-31",1995.8,NA,""
"1995-04-01",1955.98,NA,""
"1995-04-02",1987.82,NA,""
"1995-04-03",2504.07,NA,""
"1995-04-04",2822.78,NA,""
"1995-04-05",2886.31,NA,""
"1995-04-06",2822.78,NA,""
"1995-04-07",2688.34,NA,""
"1995-04-08",2608.8,NA,""
"1995-04-09",2486.77,NA,""
"1995-04-10",2409.42,NA,""
"1995-04-11",2358.34,NA,""
"1995-04-12",2240.67,NA,""
"1995-04-13",2182.63,NA,""
"1995-04-14",2240.67,NA,""
"1995-04-15",2182.63,NA,""
"1995-04-16",2003.8,NA,""
"1995-04-17",1814.99,NA,""
"1995-04-18",1682.56,NA,""
"1995-04-19",1625.44,NA,""
"1995-04-20",1612.83,NA,""
"1995-04-21",1772.72,NA,""
"1995-04-22",1916.44,NA,""
"1995-04-23",2190.89,NA,""
"1995-04-24",2299.23,NA,""
"1995-04-25",2166.15,NA,""
"1995-04-26",1940.13,NA,""
"1995-04-27",1746.8,NA,""
"1995-04-28",1625.44,NA,""
"1995-04-29",1531.73,NA,""
"1995-04-30",1452.05,NA,""
"1995-05-01",1415.76,NA,""
"1995-05-02",1421.79,NA,""
"1995-05-03",1350.05,NA,""
"1995-05-04",1279.57,NA,""
"1995-05-05",1233.3,NA,""
"1995-05-06",1198.98,NA,""
"1995-05-07",1193.29,NA,""
"1995-05-08",1350.05,NA,""
"1995-05-09",1733.89,NA,""
"1995-05-10",2035.91,NA,""
"1995-05-11",1900.7,NA,""
"1995-05-12",1657.09,NA,""
"1995-05-13",1488.65,NA,""
"1995-05-14",1391.75,NA,""
"1995-05-15",1338.21,NA,""
"1995-05-16",1244.82,NA,""
"1995-05-17",1187.61,NA,""
"1995-05-18",1148.11,NA,""
"1995-05-19",1125.74,NA,""
"1995-05-20",1120.17,NA,""
"1995-05-21",1097.99,NA,""
"1995-05-22",1081.46,NA,""
"1995-05-23",1048.64,38.884,"TM/Landsat-5"
"1995-05-24",1026.95,NA,""
"1995-05-25",989.361,NA,""
"1995-05-26",968.097,NA,""
"1995-05-27",952.252,NA,""
"1995-05-28",936.495,NA,""
"1995-05-29",915.625,NA,""
"1995-05-30",900.077,NA,""
"1995-05-31",879.486,NA,""
"1995-06-01",869.251,NA,""
"1995-06-02",853.975,NA,""
"1995-06-03",843.842,NA,""
"1995-06-04",828.719,NA,""
"1995-06-05",818.688,NA,""
"1995-06-06",803.72,NA,""
"1995-06-07",793.793,NA,""
"1995-06-08",783.908,79.563,"TM/Landsat-5"
"1995-06-09",774.065,NA,""
"1995-06-10",759.379,NA,""
"1995-06-11",749.642,NA,""
"1995-06-12",744.789,NA,""
"1995-06-13",735.115,NA,""
"1995-06-14",725.484,NA,""
"1995-06-15",715.896,NA,""
"1995-06-16",706.351,NA,""
"1995-06-17",701.595,NA,""
"1995-06-18",692.116,NA,""
"1995-06-19",687.392,NA,""
"1995-06-20",677.978,NA,""
"1995-06-21",673.287,NA,""
"1995-06-22",673.287,NA,""
"1995-06-23",701.595,NA,""
"1995-06-24",711.118,28.4215,"TM/Landsat-5"
"1995-06-25",701.595,NA,""
"1995-06-26",687.392,NA,""
"1995-06-27",673.287,NA,""
"1995-06-28",668.608,NA,""
"1995-06-29",663.939,NA,""
"1995-06-30",677.978,NA,""
"1995-07-01",687.392,NA,""
"1995-07-02",663.939,NA,""
"1995-07-03",650,NA,""
"1995-07-04",636.161,NA,""
"1995-07-05",622.423,NA,""
"1995-07-06",608.787,NA,""
"1995-07-07",599.753,NA,""
"1995-07-08",595.253,NA,""
"1995-07-09",581.822,NA,""
"1995-07-10",577.368,63.784,"TM/Landsat-5"
"1995-07-11",568.495,NA,""
"1995-07-12",559.669,NA,""
"1995-07-13",555.273,NA,""
"1995-07-14",550.889,NA,""
"1995-07-15",546.517,NA,""
"1995-07-16",537.808,NA,""
"1995-07-17",529.146,NA,""
"1995-07-18",529.146,NA,""
"1995-07-19",520.532,NA,""
"1995-07-20",516.243,NA,""
"1995-07-21",511.966,NA,""
"1995-07-22",507.701,NA,""
"1995-07-23",499.207,NA,""
"1995-07-24",494.978,NA,""
"1995-07-25",490.761,NA,""
"1995-07-26",490.761,64.034,"TM/Landsat-5"
"1995-07-27",486.557,NA,""
"1995-07-28",478.185,NA,""
"1995-07-29",474.017,NA,""
"1995-07-30",469.862,NA,""
"1995-07-31",461.589,NA,""
"1995-08-01",457.471,NA,""
"1995-08-02",453.365,NA,""
"1995-08-03",453.365,NA,""
"1995-08-04",449.272,NA,""
"1995-08-05",445.192,NA,""
"1995-08-06",441.124,NA,""
"1995-08-07",437.069,NA,""
"1995-08-08",428.996,NA,""
"1995-08-09",424.979,NA,""
"1995-08-10",416.983,NA,""
"1995-08-11",420.975,64.199,"TM/Landsat-5"
"1995-08-12",416.983,NA,""
"1995-08-13",405.086,NA,""
"1995-08-14",401.146,NA,""
"1995-08-15",393.306,NA,""
"1995-08-16",389.405,NA,""
"1995-08-17",385.517,NA,""
"1995-08-18",377.782,NA,""
"1995-08-19",377.782,NA,""
"1995-08-20",370.1,NA,""
"1995-08-21",366.279,NA,""
"1995-08-22",358.677,NA,""
"1995-08-23",358.677,NA,""
"1995-08-24",354.897,NA,""
"1995-08-25",351.129,NA,""
"1995-08-26",336.197,NA,""
"1995-08-27",328.814,NA,""
"1995-08-28",328.814,NA,""
"1995-08-29",321.486,NA,""
"1995-08-30",321.486,NA,""
"1995-08-31",317.843,NA,""
"1995-09-01",314.214,NA,""
"1995-09-02",314.214,NA,""
"1995-09-03",310.599,NA,""
"1995-09-04",306.999,NA,""
"1995-09-05",303.412,NA,""
"1995-09-06",299.84,NA,""
"1995-09-07",296.282,NA,""
"1995-09-08",292.739,NA,""
"1995-09-09",289.21,NA,""
"1995-09-10",282.195,NA,""
"1995-09-11",278.71,NA,""
"1995-09-12",278.71,NA,""
"1995-09-13",278.71,NA,""
"1995-09-14",275.239,NA,""
"1995-09-15",278.71,NA,""
"1995-09-16",275.239,NA,""
"1995-09-17",271.783,NA,""
"1995-09-18",268.342,NA,""
"1995-09-19",271.783,NA,""
"1995-09-20",275.239,NA,""
"1995-09-21",275.239,NA,""
"1995-09-22",299.84,NA,""
"1995-09-23",461.589,NA,""
"1995-09-24",520.532,NA,""
"1995-09-25",469.862,NA,""
"1995-09-26",416.983,NA,""
"1995-09-27",370.1,NA,""
"1995-09-28",347.376,72.184,"TM/Landsat-5"
"1995-09-29",332.499,NA,""
"1995-09-30",325.143,NA,""
"1995-10-01",332.499,NA,""
"1995-10-02",370.1,NA,""
"1995-10-03",424.979,NA,""
"1995-10-04",465.719,NA,""
"1995-10-05",433.026,NA,""
"1995-10-06",381.643,NA,""
"1995-10-07",358.677,NA,""
"1995-10-08",336.197,NA,""
"1995-10-09",328.814,NA,""
"1995-10-10",328.814,NA,""
"1995-10-11",533.471,NA,""
"1995-10-12",823.699,NA,""
"1995-10-13",759.379,NA,""
"1995-10-14",631.571,NA,""
"1995-10-15",555.273,NA,""
"1995-10-16",590.765,NA,""
"1995-10-17",823.699,NA,""
"1995-10-18",910.432,NA,""
"1995-10-19",884.619,NA,""
"1995-10-20",739.947,NA,""
"1995-10-21",663.939,NA,""
"1995-10-22",673.287,NA,""
"1995-10-23",749.642,NA,""
"1995-10-24",687.392,NA,""
"1995-10-25",663.939,NA,""
"1995-10-26",604.264,NA,""
"1995-10-27",537.808,NA,""
"1995-10-28",478.185,NA,""
"1995-10-29",441.124,NA,""
"1995-10-30",413.004,102.379,"TM/Landsat-5"
"1995-10-31",389.405,NA,""
"1995-11-01",385.517,NA,""
"1995-11-02",389.405,NA,""
"1995-11-03",420.975,NA,""
"1995-11-04",445.192,NA,""
"1995-11-05",420.975,NA,""
"1995-11-06",389.405,NA,""
"1995-11-07",393.306,NA,""
"1995-11-08",409.039,NA,""
"1995-11-09",416.983,NA,""
"1995-11-10",437.069,NA,""
"1995-11-11",550.889,NA,""
"1995-11-12",608.787,NA,""
"1995-11-13",617.867,NA,""
"1995-11-14",590.765,NA,""
"1995-11-15",568.495,NA,""
"1995-11-16",673.287,NA,""
"1995-11-17",864.149,NA,""
"1995-11-18",828.719,NA,""
"1995-11-19",957.524,NA,""
"1995-11-20",1016.16,NA,""
"1995-11-21",936.495,NA,""
"1995-11-22",936.495,NA,""
"1995-11-23",1016.16,NA,""
"1995-11-24",978.71,NA,""
"1995-11-25",884.619,NA,""
"1995-11-26",920.828,NA,""
"1995-11-27",1153.73,NA,""
"1995-11-28",1279.57,NA,""
"1995-11-29",1164.98,NA,""
"1995-11-30",994.702,NA,""
"1995-12-01",1010.78,16.848,"TM/Landsat-5"
"1995-12-02",1010.78,NA,""
"1995-12-03",894.914,NA,""
"1995-12-04",808.699,NA,""
"1995-12-05",749.642,NA,""
"1995-12-06",687.392,NA,""
"1995-12-07",715.896,NA,""
"1995-12-08",803.72,NA,""
"1995-12-09",946.99,NA,""
"1995-12-10",968.097,NA,""
"1995-12-11",1005.41,NA,""
"1995-12-12",1198.98,NA,""
"1995-12-13",1198.98,NA,""
"1995-12-14",1273.76,NA,""
"1995-12-15",1525.55,NA,""
"1995-12-16",1657.09,NA,""
"1995-12-17",1714.58,NA,""
"1995-12-18",1779.22,NA,""
"1995-12-19",1785.73,NA,""
"1995-12-20",1701.74,NA,""
"1995-12-21",1612.83,NA,""
"1995-12-22",1500.92,NA,""
"1995-12-23",1355.98,NA,""
"1995-12-24",1326.42,NA,""
"1995-12-25",1338.21,NA,""
"1995-12-26",1403.74,NA,""
"1995-12-27",1297.07,NA,""
"1995-12-28",1267.95,NA,""
"1995-12-29",1320.53,NA,""
"1995-12-30",1397.74,NA,""
"1995-12-31",1452.05,NA,""
"1996-01-01",1507.06,NA,""
"1996-01-02",1452.05,NA,""
"1996-01-03",1861.57,NA,""
"1996-01-04",2564.98,NA,""
"1996-01-05",2895.42,NA,""
"1996-01-06",3042.67,NA,""
"1996-01-07",3098.55,NA,""
"1996-01-08",3098.55,NA,""
"1996-01-09",3005.62,NA,""
"1996-01-10",2895.42,NA,""
"1996-01-11",2741.83,NA,""
"1996-01-12",2697.23,NA,""
"1996-01-13",2795.7,NA,""
"1996-01-14",2795.7,NA,""
"1996-01-15",2644.05,NA,""
"1996-01-16",2679.46,NA,""
"1996-01-17",2652.88,NA,""
"1996-01-18",2469.5,NA,""
"1996-01-19",2232.34,NA,""
"1996-01-20",1940.13,NA,""
"1996-01-21",1740.34,NA,""
"1996-01-22",1625.44,NA,""
"1996-01-23",1612.83,NA,""
"1996-01-24",1807.26,NA,""
"1996-01-25",1807.26,NA,""
"1996-01-26",1638.07,NA,""
"1996-01-27",1488.65,NA,""
"1996-01-28",1361.92,NA,""
"1996-01-29",1285.4,NA,""
"1996-01-30",1244.82,NA,""
"1996-01-31",1221.82,NA,""
"1996-02-01",1187.61,NA,""
"1996-02-02",1164.98,NA,""
"1996-02-03",1125.74,NA,""
"1996-02-04",1120.17,NA,""
"1996-02-05",1181.94,NA,""
"1996-02-06",1355.98,NA,""
"1996-02-07",1766.23,NA,""
"1996-02-08",2076.31,NA,""
"1996-02-09",2349.86,NA,""
"1996-02-10",2332.94,NA,""
"1996-02-11",2076.31,NA,""
"1996-02-12",1799.55,NA,""
"1996-02-13",1600.27,NA,""
"1996-02-14",1452.05,NA,""
"1996-02-15",1403.74,NA,""
"1996-02-16",1507.06,NA,""
"1996-02-17",1600.27,NA,""
"1996-02-18",1575.23,NA,""
"1996-02-19",1439.92,NA,""
"1996-02-20",1344.13,NA,""
"1996-02-21",1198.98,NA,""
"1996-02-22",1164.98,NA,""
"1996-02-23",1187.61,NA,""
"1996-02-24",1308.78,NA,""
"1996-02-25",1338.21,NA,""
"1996-02-26",1332.31,NA,""
"1996-02-27",1367.87,NA,""
"1996-02-28",1385.76,NA,""
"1996-02-29",1433.87,NA,""
"1996-03-01",1562.76,NA,""
"1996-03-02",1470.31,NA,""
"1996-03-03",1421.79,NA,""
"1996-03-04",1525.55,NA,""
"1996-03-05",1606.55,NA,""
"1996-03-06",1682.56,NA,""
"1996-03-07",1708.16,NA,""
"1996-03-08",1853.77,NA,""
"1996-03-09",2011.81,NA,""
"1996-03-10",2224.03,NA,""
"1996-03-11",2486.77,NA,""
"1996-03-12",2469.5,NA,""
"1996-03-13",2504.07,NA,""
"1996-03-14",2626.4,NA,""
"1996-03-15",2556.25,NA,""
"1996-03-16",2366.82,NA,""
"1996-03-17",2157.93,NA,""
"1996-03-18",1940.13,NA,""
"1996-03-19",1792.25,NA,""
"1996-03-20",1900.7,NA,""
"1996-03-21",1955.98,NA,""
"1996-03-22",1766.23,173.506,"TM/Landsat-5"
"1996-03-23",1600.27,NA,""
"1996-03-24",1500.92,NA,""
"1996-03-25",1439.92,NA,""
"1996-03-26",1409.75,NA,""
"1996-03-27",1427.83,NA,""
"1996-03-28",1500.92,NA,""
"1996-03-29",1482.53,NA,""
"1996-03-30",1445.98,NA,""
"1996-03-31",1403.74,NA,""
"1996-04-01",1344.13,NA,""
"1996-04-02",1267.95,NA,""
"1996-04-03",1221.82,NA,""
"1996-04-04",1239.05,NA,""
"1996-04-05",1239.05,NA,""
"1996-04-06",1170.63,NA,""
"1996-04-07",1120.17,180.55,"TM/Landsat-5"
"1996-04-08",1086.96,NA,""
"1996-04-09",1059.54,NA,""
"1996-04-10",1037.77,NA,""
"1996-04-11",1092.47,NA,""
"1996-04-12",1120.17,NA,""
"1996-04-13",1114.61,NA,""
"1996-04-14",1350.05,NA,""
"1996-04-15",1753.27,NA,""
"1996-04-16",1740.34,NA,""
"1996-04-17",1619.13,NA,""
"1996-04-18",1581.47,NA,""
"1996-04-19",1644.4,NA,""
"1996-04-20",1708.16,NA,""
"1996-04-21",1701.74,NA,""
"1996-04-22",1575.23,NA,""
"1996-04-23",1397.74,228.662,"TM/Landsat-5"
"1996-04-24",1332.31,NA,""
"1996-04-25",1291.23,NA,""
"1996-04-26",1233.3,NA,""
"1996-04-27",1164.98,NA,""
"1996-04-28",1114.61,NA,""
"1996-04-29",1065,NA,""
"1996-04-30",1026.95,NA,""
"1996-05-01",989.361,NA,""
"1996-05-02",962.806,NA,""
"1996-05-03",931.263,NA,""
"1996-05-04",905.249,NA,""
"1996-05-05",879.486,NA,""
"1996-05-06",853.975,NA,""
"1996-05-07",833.75,NA,""
"1996-05-08",813.689,NA,""
"1996-05-09",803.72,23.933,"TM/Landsat-5"
"1996-05-10",788.846,NA,""
"1996-05-11",778.982,NA,""
"1996-05-12",778.982,NA,""
"1996-05-13",793.793,NA,""
"1996-05-14",803.72,NA,""
"1996-05-15",783.908,NA,""
"1996-05-16",818.688,NA,""
"1996-05-17",793.793,NA,""
"1996-05-18",774.065,NA,""
"1996-05-19",783.908,NA,""
"1996-05-20",798.752,NA,""
"1996-05-21",798.752,NA,""
"1996-05-22",803.72,NA,""
"1996-05-23",798.752,NA,""
"1996-05-24",769.159,NA,""
"1996-05-25",769.159,99.626,"TM/Landsat-5"
"1996-05-26",774.065,NA,""
"1996-05-27",774.065,NA,""
"1996-05-28",818.688,NA,""
"1996-05-29",889.761,NA,""
"1996-05-30",973.399,NA,""
"1996-05-31",833.75,NA,""
"1996-06-01",808.699,NA,""
"1996-06-02",749.642,NA,""
"1996-06-03",711.118,NA,""
"1996-06-04",687.392,NA,""
"1996-06-05",668.608,NA,""
"1996-06-06",654.635,NA,""
"1996-06-07",645.376,NA,""
"1996-06-08",631.571,NA,""
"1996-06-09",626.991,NA,""
"1996-06-10",617.867,NA,""
"1996-06-11",608.787,NA,""
"1996-06-12",604.264,NA,""
"1996-06-13",590.765,NA,""
"1996-06-14",581.822,NA,""
"1996-06-15",572.926,NA,""
"1996-06-16",572.926,NA,""
"1996-06-17",564.076,NA,""
"1996-06-18",555.273,NA,""
"1996-06-19",550.889,NA,""
"1996-06-20",546.517,NA,""
"1996-06-21",542.156,NA,""
"1996-06-22",533.471,NA,""
"1996-06-23",529.146,NA,""
"1996-06-24",520.532,NA,""
"1996-06-25",516.243,NA,""
"1996-06-26",511.966,NA,""
"1996-06-27",503.448,NA,""
"1996-06-28",494.978,NA,""
"1996-06-29",490.761,NA,""
"1996-06-30",486.557,NA,""
"1996-07-01",486.557,NA,""
"1996-07-02",486.557,NA,""
"1996-07-03",499.207,NA,""
"1996-07-04",529.146,NA,""
"1996-07-05",524.833,NA,""
"1996-07-06",511.966,NA,""
"1996-07-07",499.207,NA,""
"1996-07-08",490.761,NA,""
"1996-07-09",482.365,NA,""
"1996-07-10",478.185,NA,""
"1996-07-11",465.719,NA,""
"1996-07-12",461.589,NA,""
"1996-07-13",453.365,NA,""
"1996-07-14",445.192,NA,""
"1996-07-15",441.124,NA,""
"1996-07-16",441.124,NA,""
"1996-07-17",437.069,NA,""
"1996-07-18",428.996,NA,""
"1996-07-19",424.979,NA,""
"1996-07-20",424.979,NA,""
"1996-07-21",416.983,NA,""
"1996-07-22",413.004,NA,""
"1996-07-23",409.039,NA,""
"1996-07-24",405.086,NA,""
"1996-07-25",401.146,NA,""
"1996-07-26",397.219,NA,""
"1996-07-27",393.306,NA,""
"1996-07-28",389.405,31.775,"TM/Landsat-5"
"1996-07-29",389.405,NA,""
"1996-07-30",385.517,NA,""
"1996-07-31",385.517,NA,""
"1996-08-01",385.517,NA,""
"1996-08-02",381.643,NA,""
"1996-08-03",377.782,NA,""
"1996-08-04",377.782,NA,""
"1996-08-05",373.934,NA,""
"1996-08-06",373.934,NA,""
"1996-08-07",366.279,NA,""
"1996-08-08",362.471,NA,""
"1996-08-09",366.279,NA,""
"1996-08-10",358.677,NA,""
"1996-08-11",358.677,NA,""
"1996-08-12",354.897,NA,""
"1996-08-13",351.129,NA,""
"1996-08-14",347.376,NA,""
"1996-08-15",343.636,NA,""
"1996-08-16",343.636,NA,""
"1996-08-17",343.636,NA,""
"1996-08-18",373.934,NA,""
"1996-08-19",420.975,NA,""
"1996-08-20",416.983,NA,""
"1996-08-21",424.979,NA,""
"1996-08-22",401.146,NA,""
"1996-08-23",385.517,NA,""
"1996-08-24",370.1,NA,""
"1996-08-25",358.677,NA,""
"1996-08-26",351.129,NA,""
"1996-08-27",343.636,NA,""
"1996-08-28",336.197,NA,""
"1996-08-29",332.499,43.685,"TM/Landsat-5"
"1996-08-30",328.814,NA,""
"1996-08-31",325.143,NA,""
"1996-09-01",321.486,NA,""
"1996-09-02",321.486,NA,""
"1996-09-03",321.486,NA,""
"1996-09-04",328.814,NA,""
"1996-09-05",339.91,NA,""
"1996-09-06",347.376,NA,""
"1996-09-07",366.279,NA,""
"1996-09-08",381.643,NA,""
"1996-09-09",457.471,NA,""
"1996-09-10",537.808,NA,""
"1996-09-11",507.701,NA,""
"1996-09-12",457.471,NA,""
"1996-09-13",433.026,NA,""
"1996-09-14",424.979,NA,""
"1996-09-15",424.979,NA,""
"1996-09-16",420.975,NA,""
"1996-09-17",405.086,NA,""
"1996-09-18",377.782,NA,""
"1996-09-19",362.471,NA,""
"1996-09-20",351.129,NA,""
"1996-09-21",336.197,NA,""
"1996-09-22",325.143,NA,""
"1996-09-23",321.486,NA,""
"1996-09-24",321.486,NA,""
"1996-09-25",325.143,NA,""
"1996-09-26",325.143,NA,""
"1996-09-27",339.91,NA,""
"1996-09-28",381.643,NA,""
"1996-09-29",343.636,NA,""
"1996-09-30",336.197,NA,""
"1996-10-01",339.91,NA,""
"1996-10-02",339.91,NA,""
"1996-10-03",339.91,NA,""
"1996-10-04",336.197,NA,""
"1996-10-05",328.814,NA,""
"1996-10-06",328.814,NA,""
"1996-10-07",321.486,NA,""
"1996-10-08",325.143,NA,""
"1996-10-09",321.486,NA,""
"1996-10-10",332.499,NA,""
"1996-10-11",366.279,NA,""
"1996-10-12",409.039,NA,""
"1996-10-13",405.086,NA,""
"1996-10-14",397.219,NA,""
"1996-10-15",389.405,NA,""
"1996-10-16",366.279,NA,""
"1996-10-17",370.1,NA,""
"1996-10-18",424.979,NA,""
"1996-10-19",499.207,NA,""
"1996-10-20",490.761,NA,""
"1996-10-21",457.471,NA,""
"1996-10-22",437.069,NA,""
"1996-10-23",416.983,NA,""
"1996-10-24",433.026,NA,""
"1996-10-25",524.833,NA,""
"1996-10-26",511.966,NA,""
"1996-10-27",478.185,NA,""
"1996-10-28",453.365,NA,""
"1996-10-29",453.365,NA,""
"1996-10-30",433.026,NA,""
"1996-10-31",474.017,NA,""
"1996-11-01",550.889,NA,""
"1996-11-02",503.448,NA,""
"1996-11-03",520.532,NA,""
"1996-11-04",590.765,NA,""
"1996-11-05",905.249,NA,""
"1996-11-06",1131.32,NA,""
"1996-11-07",989.361,NA,""
"1996-11-08",931.263,NA,""
"1996-11-09",864.149,NA,""
"1996-11-10",869.251,NA,""
"1996-11-11",946.99,NA,""
"1996-11-12",926.04,NA,""
"1996-11-13",900.077,NA,""
"1996-11-14",910.432,NA,""
"1996-11-15",900.077,NA,""
"1996-11-16",818.688,NA,""
"1996-11-17",759.379,NA,""
"1996-11-18",769.159,NA,""
"1996-11-19",1153.73,NA,""
"1996-11-20",1267.95,NA,""
"1996-11-21",1198.98,NA,""
"1996-11-22",1176.28,NA,""
"1996-11-23",1593.99,NA,""
"1996-11-24",1908.57,NA,""
"1996-11-25",2443.69,NA,""
"1996-11-26",2538.81,NA,""
"1996-11-27",2366.82,NA,""
"1996-11-28",2100.68,NA,""
"1996-11-29",1830.47,NA,""
"1996-11-30",1606.55,NA,""
"1996-12-01",1361.92,NA,""
"1996-12-02",1210.38,NA,""
"1996-12-03",1181.94,59.493,"TM/Landsat-5"
"1996-12-04",1314.65,NA,""
"1996-12-05",1593.99,NA,""
"1996-12-06",1766.23,NA,""
"1996-12-07",1695.34,NA,""
"1996-12-08",1500.92,NA,""
"1996-12-09",1297.07,NA,""
"1996-12-10",1233.3,NA,""
"1996-12-11",1198.98,NA,""
"1996-12-12",1338.21,NA,""
"1996-12-13",1344.13,NA,""
"1996-12-14",1355.98,NA,""
"1996-12-15",1373.82,NA,""
"1996-12-16",1433.87,NA,""
"1996-12-17",1494.78,NA,""
"1996-12-18",1433.87,NA,""
"1996-12-19",1227.56,143.551,"TM/Landsat-5"
"1996-12-20",1153.73,NA,""
"1996-12-21",1403.74,NA,""
"1996-12-22",1464.22,NA,""
"1996-12-23",1308.78,NA,""
"1996-12-24",1204.68,NA,""
"1996-12-25",1198.98,NA,""
"1996-12-26",1397.74,NA,""
"1996-12-27",1606.55,NA,""
"1996-12-28",1727.44,NA,""
"1996-12-29",1721.01,NA,""
"1996-12-30",1740.34,NA,""
"1996-12-31",2207.44,NA,""
"1997-01-01",3070.57,NA,""
"1997-01-02",3412.29,NA,""
"1997-01-03",3392.98,NA,""
"1997-01-04",3568.24,NA,""
"1997-01-05",4543.77,NA,""
"1997-01-06",5704.22,NA,""
"1997-01-07",4803.21,NA,""
"1997-01-08",3766.62,NA,""
"1997-01-09",3335.25,NA,""
"1997-01-10",3061.26,NA,""
"1997-01-11",3042.67,NA,""
"1997-01-12",3392.98,NA,""
"1997-01-13",3696.76,NA,""
"1997-01-14",3706.71,NA,""
"1997-01-15",3666.96,NA,""
"1997-01-16",3519.24,NA,""
"1997-01-17",3666.96,NA,""
"1997-01-18",3726.64,NA,""
"1997-01-19",3249.33,NA,""
"1997-01-20",2895.42,NA,""
"1997-01-21",3239.83,NA,""
"1997-01-22",4331.5,NA,""
"1997-01-23",5291.98,NA,""
"1997-01-24",5405.39,NA,""
"1997-01-25",5359.92,NA,""
"1997-01-26",5727.44,NA,""
"1997-01-27",5820.67,NA,""
"1997-01-28",5692.62,NA,""
"1997-01-29",6020.54,NA,""
"1997-01-30",6918.04,NA,""
"1997-01-31",7561.93,NA,""
"1997-02-01",7587.59,NA,""
"1997-02-02",6980.26,NA,""
"1997-02-03",6198.88,NA,""
"1997-02-04",5485.28,NA,""
"1997-02-05",4857.91,NA,""
"1997-02-06",4394.8,NA,""
"1997-02-07",4342.03,NA,""
"1997-02-08",4071.27,NA,""
"1997-02-09",3847.04,NA,""
"1997-02-10",3627.36,NA,""
"1997-02-11",3470.48,NA,""
"1997-02-12",3220.86,NA,""
"1997-02-13",2959.52,NA,""
"1997-02-14",2777.71,NA,""
"1997-02-15",2635.22,NA,""
"1997-02-16",2530.11,NA,""
"1997-02-17",2547.52,NA,""
"1997-02-18",2556.25,NA,""
"1997-02-19",2530.11,NA,""
"1997-02-20",2512.74,NA,""
"1997-02-21",2409.42,94.888,"TM/Landsat-5"
"1997-02-22",2282.45,NA,""
"1997-02-23",2282.45,NA,""
"1997-02-24",2257.34,NA,""
"1997-02-25",2157.93,NA,""
"1997-02-26",2084.42,NA,""
"1997-02-27",2060.12,NA,""
"1997-02-28",2426.53,NA,""
"1997-03-01",2859.02,NA,""
"1997-03-02",3024.12,NA,""
"1997-03-03",3183.05,NA,""
"1997-03-04",3287.42,NA,""
"1997-03-05",3421.97,NA,""
"1997-03-06",3489.96,NA,""
"1997-03-07",3548.61,NA,""
"1997-03-08",3597.75,NA,""
"1997-03-09",3607.61,NA,""
"1997-03-10",3568.24,NA,""
"1997-03-11",3451.05,NA,""
"1997-03-12",3268.35,NA,""
"1997-03-13",3211.4,NA,""
"1997-03-14",3126.63,NA,""
"1997-03-15",2904.55,NA,""
"1997-03-16",2670.59,NA,""
"1997-03-17",2478.13,NA,""
"1997-03-18",2443.69,NA,""
"1997-03-19",2582.48,NA,""
"1997-03-20",2813.74,NA,""
"1997-03-21",2959.52,NA,""
"1997-03-22",3070.57,NA,""
"1997-03-23",3183.05,NA,""
"1997-03-24",3325.67,NA,""
"1997-03-25",3354.45,NA,""
"1997-03-26",3344.85,NA,""
"1997-03-27",3230.34,NA,""
"1997-03-28",3061.26,NA,""
"1997-03-29",2922.83,NA,""
"1997-03-30",2941.16,NA,""
"1997-03-31",3005.62,NA,""
"1997-04-01",3070.57,NA,""
"1997-04-02",3154.8,NA,""
"1997-04-03",3211.4,NA,""
"1997-04-04",3192.49,NA,""
"1997-04-05",3126.63,NA,""
"1997-04-06",3051.96,NA,""
"1997-04-07",2950.34,NA,""
"1997-04-08",2895.42,NA,""
"1997-04-09",2804.72,NA,""
"1997-04-10",2635.22,NA,""
"1997-04-11",2409.42,NA,""
"1997-04-12",2199.16,NA,""
"1997-04-13",2076.31,NA,""
"1997-04-14",1995.8,NA,""
"1997-04-15",2043.97,NA,""
"1997-04-16",2116.98,NA,""
"1997-04-17",2157.93,NA,""
"1997-04-18",2375.32,NA,""
"1997-04-19",2573.72,NA,""
"1997-04-20",2582.48,NA,""
"1997-04-21",2435.11,NA,""
"1997-04-22",2307.64,NA,""
"1997-04-23",2182.63,NA,""
"1997-04-24",2068.21,NA,""
"1997-04-25",1955.98,NA,""
"1997-04-26",1838.22,NA,""
"1997-04-27",1759.75,NA,""
"1997-04-28",1695.34,NA,""
"1997-04-29",1714.58,NA,""
"1997-04-30",1695.34,NA,""
"1997-05-01",1619.13,NA,""
"1997-05-02",1550.32,NA,""
"1997-05-03",1482.53,NA,""
"1997-05-04",1433.87,NA,""
"1997-05-05",1379.79,NA,""
"1997-05-06",1344.13,NA,""
"1997-05-07",1302.92,NA,""
"1997-05-08",1267.95,NA,""
"1997-05-09",1239.05,NA,""
"1997-05-10",1204.68,NA,""
"1997-05-11",1181.94,NA,""
"1997-05-12",1164.98,NA,""
"1997-05-13",1142.5,NA,""
"1997-05-14",1131.32,NA,""
"1997-05-15",1120.17,NA,""
"1997-05-16",1170.63,NA,""
"1997-05-17",1708.16,NA,""
"1997-05-18",1987.82,NA,""
"1997-05-19",2084.42,NA,""
"1997-05-20",1924.32,NA,""
"1997-05-21",1695.34,NA,""
"1997-05-22",1488.65,NA,""
"1997-05-23",1361.92,NA,""
"1997-05-24",1308.78,NA,""
"1997-05-25",1256.36,NA,""
"1997-05-26",1291.23,NA,""
"1997-05-27",1302.92,NA,""
"1997-05-28",1239.05,140.622,"TM/Landsat-5"
"1997-05-29",1198.98,NA,""
"1997-05-30",1164.98,NA,""
"1997-05-31",1125.74,NA,""
"1997-06-01",1097.99,NA,""
"1997-06-02",1081.46,NA,""
"1997-06-03",1059.54,NA,""
"1997-06-04",1037.77,NA,""
"1997-06-05",1021.55,NA,""
"1997-06-06",1000.05,NA,""
"1997-06-07",994.702,NA,""
"1997-06-08",1204.68,NA,""
"1997-06-09",2052.04,NA,""
"1997-06-10",2199.16,NA,""
"1997-06-11",1987.82,NA,""
"1997-06-12",1733.89,NA,""
"1997-06-13",1519.38,NA,""
"1997-06-14",1367.87,NA,""
"1997-06-15",1291.23,NA,""
"1997-06-16",1488.65,NA,""
"1997-06-17",2400.88,NA,""
"1997-06-18",2759.75,NA,""
"1997-06-19",2931.99,NA,""
"1997-06-20",3042.67,NA,""
"1997-06-21",2987.15,NA,""
"1997-06-22",2715.04,NA,""
"1997-06-23",2366.82,NA,""
"1997-06-24",2092.54,NA,""
"1997-06-25",1861.57,NA,""
"1997-06-26",1695.34,NA,""
"1997-06-27",1587.73,NA,""
"1997-06-28",1519.38,NA,""
"1997-06-29",1421.79,NA,""
"1997-06-30",1361.92,NA,""
"1997-07-01",1314.65,NA,""
"1997-07-02",1273.76,NA,""
"1997-07-03",1239.05,NA,""
"1997-07-04",1198.98,NA,""
"1997-07-05",1176.28,NA,""
"1997-07-06",1153.73,NA,""
"1997-07-07",1125.74,NA,""
"1997-07-08",1097.99,NA,""
"1997-07-09",1075.96,NA,""
"1997-07-10",1054.08,NA,""
"1997-07-11",1037.77,NA,""
"1997-07-12",1021.55,NA,""
"1997-07-13",1000.05,NA,""
"1997-07-14",984.031,NA,""
"1997-07-15",973.399,NA,""
"1997-07-16",957.524,NA,""
"1997-07-17",946.99,NA,""
"1997-07-18",931.263,NA,""
"1997-07-19",915.625,NA,""
"1997-07-20",900.077,NA,""
"1997-07-21",889.761,NA,""
"1997-07-22",874.364,NA,""
"1997-07-23",864.149,NA,""
"1997-07-24",853.975,NA,""
"1997-07-25",848.903,NA,""
"1997-07-26",833.75,NA,""
"1997-07-27",818.688,NA,""
"1997-07-28",803.72,NA,""
"1997-07-29",793.793,NA,""
"1997-07-30",778.982,NA,""
"1997-07-31",774.065,64.636,"TM/Landsat-5"
"1997-08-01",769.159,NA,""
"1997-08-02",759.379,NA,""
"1997-08-03",754.505,NA,""
"1997-08-04",749.642,NA,""
"1997-08-05",739.947,NA,""
"1997-08-06",730.294,NA,""
"1997-08-07",715.896,NA,""
"1997-08-08",706.351,NA,""
"1997-08-09",696.85,NA,""
"1997-08-10",692.116,NA,""
"1997-08-11",692.116,NA,""
"1997-08-12",682.68,NA,""
"1997-08-13",673.287,NA,""
"1997-08-14",668.608,NA,""
"1997-08-15",659.282,NA,""
"1997-08-16",654.635,64.662,"TM/Landsat-5"
"1997-08-17",645.376,NA,""
"1997-08-18",645.376,NA,""
"1997-08-19",636.161,NA,""
"1997-08-20",626.991,NA,""
"1997-08-21",613.321,NA,""
"1997-08-22",608.787,NA,""
"1997-08-23",599.753,NA,""
"1997-08-24",590.765,NA,""
"1997-08-25",586.288,NA,""
"1997-08-26",577.368,NA,""
"1997-08-27",568.495,NA,""
"1997-08-28",568.495,NA,""
"1997-08-29",559.669,NA,""
"1997-08-30",550.889,NA,""
"1997-08-31",542.156,NA,""
"1997-09-01",533.471,NA,""
"1997-09-02",524.833,NA,""
"1997-09-03",516.243,NA,""
"1997-09-04",511.966,NA,""
"1997-09-05",503.448,NA,""
"1997-09-06",499.207,NA,""
"1997-09-07",499.207,NA,""
"1997-09-08",494.978,NA,""
"1997-09-09",490.761,NA,""
"1997-09-10",486.557,NA,""
"1997-09-11",482.365,NA,""
"1997-09-12",478.185,NA,""
"1997-09-13",486.557,NA,""
"1997-09-14",507.701,NA,""
"1997-09-15",533.471,NA,""
"1997-09-16",577.368,NA,""
"1997-09-17",555.273,40.854,"TM/Landsat-5"
"1997-09-18",533.471,NA,""
"1997-09-19",511.966,NA,""
"1997-09-20",499.207,NA,""
"1997-09-21",499.207,NA,""
"1997-09-22",507.701,NA,""
"1997-09-23",520.532,NA,""
"1997-09-24",524.833,NA,""
"1997-09-25",507.701,NA,""
"1997-09-26",507.701,NA,""
"1997-09-27",507.701,NA,""
"1997-09-28",511.966,NA,""
"1997-09-29",599.753,NA,""
"1997-09-30",659.282,NA,""
"1997-10-01",650,NA,""
"1997-10-02",599.753,NA,""
"1997-10-03",586.288,NA,""
"1997-10-04",640.763,NA,""
"1997-10-05",739.947,NA,""
"1997-10-06",720.685,NA,""
"1997-10-07",626.991,NA,""
"1997-10-08",555.273,NA,""
"1997-10-09",511.966,NA,""
"1997-10-10",486.557,NA,""
"1997-10-11",465.719,NA,""
"1997-10-12",465.719,NA,""
"1997-10-13",457.471,NA,""
"1997-10-14",441.124,NA,""
"1997-10-15",424.979,NA,""
"1997-10-16",413.004,NA,""
"1997-10-17",405.086,NA,""
"1997-10-18",397.219,NA,""
"1997-10-19",397.219,NA,""
"1997-10-20",416.983,NA,""
"1997-10-21",546.517,NA,""
"1997-10-22",608.787,NA,""
"1997-10-23",654.635,NA,""
"1997-10-24",668.608,NA,""
"1997-10-25",636.161,NA,""
"1997-10-26",677.978,NA,""
"1997-10-27",973.399,NA,""
"1997-10-28",1159.35,NA,""
"1997-10-29",1054.08,NA,""
"1997-10-30",1097.99,NA,""
"1997-10-31",1120.17,NA,""
"1997-11-01",962.806,NA,""
"1997-11-02",879.486,NA,""
"1997-11-03",813.689,NA,""
"1997-11-04",754.505,153.762,"TM/Landsat-5"
"1997-11-05",744.789,NA,""
"1997-11-06",701.595,NA,""
"1997-11-07",673.287,NA,""
"1997-11-08",659.282,NA,""
"1997-11-09",640.763,NA,""
"1997-11-10",564.076,NA,""
"1997-11-11",546.517,NA,""
"1997-11-12",516.243,NA,""
"1997-11-13",499.207,NA,""
"1997-11-14",516.243,NA,""
"1997-11-15",533.471,NA,""
"1997-11-16",568.495,NA,""
"1997-11-17",654.635,NA,""
"1997-11-18",769.159,NA,""
"1997-11-19",884.619,NA,""
"1997-11-20",978.71,NA,""
"1997-11-21",962.806,NA,""
"1997-11-22",889.761,NA,""
"1997-11-23",848.903,NA,""
"1997-11-24",793.793,NA,""
"1997-11-25",778.982,NA,""
"1997-11-26",946.99,NA,""
"1997-11-27",994.702,NA,""
"1997-11-28",1037.77,NA,""
"1997-11-29",1164.98,NA,""
"1997-11-30",1302.92,NA,""
"1997-12-01",1676.18,NA,""
"1997-12-02",2027.87,NA,""
"1997-12-03",2332.94,NA,""
"1997-12-04",3042.67,NA,""
"1997-12-05",3519.24,NA,""
"1997-12-06",3627.36,NA,""
"1997-12-07",3306.52,NA,""
"1997-12-08",3239.83,NA,""
"1997-12-09",2959.52,NA,""
"1997-12-10",2274.07,NA,""
"1997-12-11",2116.98,NA,""
"1997-12-12",2426.53,NA,""
"1997-12-13",2723.96,NA,""
"1997-12-14",2679.46,NA,""
"1997-12-15",2547.52,NA,""
"1997-12-16",2670.59,NA,""
"1997-12-17",3014.86,NA,""
"1997-12-18",2723.96,NA,""
"1997-12-19",2486.77,NA,""
"1997-12-20",2290.83,NA,""
"1997-12-21",2043.97,NA,""
"1997-12-22",1892.85,NA,""
"1997-12-23",1792.25,NA,""
"1997-12-24",1727.44,NA,""
"1997-12-25",1644.4,NA,""
"1997-12-26",1562.76,NA,""
"1997-12-27",1452.05,NA,""
"1997-12-28",1367.87,NA,""
"1997-12-29",1385.76,NA,""
"1997-12-30",1464.22,NA,""
"1997-12-31",1476.42,NA,""
"1998-01-01",1373.82,NA,""
"1998-01-02",1291.23,NA,""
"1998-01-03",1221.82,NA,""
"1998-01-04",1262.15,NA,""
"1998-01-05",1308.78,NA,""
"1998-01-06",1176.28,NA,""
"1998-01-07",1086.96,NA,""
"1998-01-08",1043.2,NA,""
"1998-01-09",1037.77,NA,""
"1998-01-10",1075.96,NA,""
"1998-01-11",1114.61,NA,""
"1998-01-12",1092.47,NA,""
"1998-01-13",1109.06,NA,""
"1998-01-14",1279.57,NA,""
"1998-01-15",1531.73,NA,""
"1998-01-16",1631.75,NA,""
"1998-01-17",1550.32,NA,""
"1998-01-18",1500.92,NA,""
"1998-01-19",1507.06,NA,""
"1998-01-20",1562.76,NA,""
"1998-01-21",1644.4,NA,""
"1998-01-22",1682.56,NA,""
"1998-01-23",1625.44,NA,""
"1998-01-24",1544.12,NA,""
"1998-01-25",1488.65,NA,""
"1998-01-26",1470.31,NA,""
"1998-01-27",1452.05,NA,""
"1998-01-28",1409.75,NA,""
"1998-01-29",1507.06,NA,""
"1998-01-30",1916.44,NA,""
"1998-01-31",1900.7,NA,""
"1998-02-01",1885.01,NA,""
"1998-02-02",1979.84,NA,""
"1998-02-03",1955.98,NA,""
"1998-02-04",1845.99,NA,""
"1998-02-05",1924.32,NA,""
"1998-02-06",1924.32,NA,""
"1998-02-07",1746.8,NA,""
"1998-02-08",1631.75,NA,""
"1998-02-09",1587.73,NA,""
"1998-02-10",1513.22,NA,""
"1998-02-11",1606.55,NA,""
"1998-02-12",1663.44,NA,""
"1998-02-13",1908.57,NA,""
"1998-02-14",2019.84,NA,""
"1998-02-15",2166.15,NA,""
"1998-02-16",2366.82,NA,""
"1998-02-17",2495.41,NA,""
"1998-02-18",2591.24,NA,""
"1998-02-19",2768.72,NA,""
"1998-02-20",2886.31,NA,""
"1998-02-21",2968.72,NA,""
"1998-02-22",3089.21,NA,""
"1998-02-23",3136.01,NA,""
"1998-02-24",3136.01,NA,""
"1998-02-25",3117.26,NA,""
"1998-02-26",3089.21,NA,""
"1998-02-27",3117.26,NA,""
"1998-02-28",3164.2,NA,""
"1998-03-01",3230.34,NA,""
"1998-03-02",3277.88,NA,""
"1998-03-03",3249.33,NA,""
"1998-03-04",3211.4,NA,""
"1998-03-05",3145.4,NA,""
"1998-03-06",3089.21,NA,""
"1998-03-07",2941.16,NA,""
"1998-03-08",2679.46,NA,""
"1998-03-09",2452.28,NA,""
"1998-03-10",2358.34,NA,""
"1998-03-11",2282.45,NA,""
"1998-03-12",2100.68,NA,""
"1998-03-13",1940.13,NA,""
"1998-03-14",1877.19,NA,""
"1998-03-15",1785.73,NA,""
"1998-03-16",1682.56,NA,""
"1998-03-17",1644.4,NA,""
"1998-03-18",1657.09,NA,""
"1998-03-19",1759.75,NA,""
"1998-03-20",1807.26,NA,""
"1998-03-21",2076.12,NA,""
"1998-03-22",2405.47,NA,""
"1998-03-23",2510.27,NA,""
"1998-03-24",2353.67,NA,""
"1998-03-25",2117.37,NA,""
"1998-03-26",2010.74,NA,""
"1998-03-27",1914.07,NA,""
"1998-03-28",1710.58,NA,""
"1998-03-29",1616.65,NA,""
"1998-03-30",1536.19,NA,""
"1998-03-31",1487.45,NA,""
"1998-04-01",1403.58,NA,""
"1998-04-02",1344.8,NA,""
"1998-04-03",1391.75,NA,""
"1998-04-04",1385.85,NA,""
"1998-04-05",1275.51,NA,""
"1998-04-06",1241.38,NA,""
"1998-04-07",1298.45,NA,""
"1998-04-08",1457.29,NA,""
"1998-04-09",1548.47,NA,""
"1998-04-10",1427.36,NA,""
"1998-04-11",1281.23,NA,""
"1998-04-12",1230.08,NA,""
"1998-04-13",1163.11,171.358,"TM/Landsat-5"
"1998-04-14",1081.39,NA,""
"1998-04-15",1012.39,NA,""
"1998-04-16",960.48,NA,""
"1998-04-17",950.221,NA,""
"1998-04-18",955.345,NA,""
"1998-04-19",970.78,NA,""
"1998-04-20",970.78,NA,""
"1998-04-21",1086.77,NA,""
"1998-04-22",1102.97,NA,""
"1998-04-23",1007.15,NA,""
"1998-04-24",934.91,NA,""
"1998-04-25",879.574,NA,""
"1998-04-26",854.842,NA,""
"1998-04-27",830.375,NA,""
"1998-04-28",806.176,NA,""
"1998-04-29",777.493,NA,""
"1998-04-30",772.75,NA,""
"1998-05-01",768.018,NA,""
"1998-05-02",763.297,NA,""
"1998-05-03",763.297,NA,""
"1998-05-04",763.297,NA,""
"1998-05-05",739.858,NA,""
"1998-05-06",725.926,NA,""
"1998-05-07",716.693,NA,""
"1998-05-08",721.304,NA,""
"1998-05-09",763.297,NA,""
"1998-05-10",772.75,NA,""
"1998-05-11",749.201,NA,""
"1998-05-12",716.693,NA,""
"1998-05-13",693.806,NA,""
"1998-05-14",671.198,NA,""
"1998-05-15",666.711,54.17,"TM/Landsat-5"
"1998-05-16",644.442,NA,""
"1998-05-17",631.217,NA,""
"1998-05-18",622.458,NA,""
"1998-05-19",626.832,NA,""
"1998-05-20",635.614,NA,""
"1998-05-21",635.614,NA,""
"1998-05-22",622.458,NA,""
"1998-05-23",613.745,NA,""
"1998-05-24",609.405,NA,""
"1998-05-25",600.761,NA,""
"1998-05-26",583.613,NA,""
"1998-05-27",579.355,NA,""
"1998-05-28",579.355,NA,""
"1998-05-29",575.109,NA,""
"1998-05-30",583.613,NA,""
"1998-05-31",596.457,72.616,"TM/Landsat-5"
"1998-06-01",609.405,NA,""
"1998-06-02",613.745,NA,""
"1998-06-03",631.217,NA,""
"1998-06-04",657.769,NA,""
"1998-06-05",635.614,NA,""
"1998-06-06",613.745,NA,""
"1998-06-07",587.883,NA,""
"1998-06-08",575.109,NA,""
"1998-06-09",562.44,NA,""
"1998-06-10",545.714,NA,""
"1998-06-11",537.422,NA,""
"1998-06-12",529.178,NA,""
"1998-06-13",520.982,NA,""
"1998-06-14",516.902,NA,""
"1998-06-15",512.833,NA,""
"1998-06-16",508.777,58.303,"TM/Landsat-5"
"1998-06-17",504.734,NA,""
"1998-06-18",496.682,NA,""
"1998-06-19",492.675,NA,""
"1998-06-20",488.679,NA,""
"1998-06-21",484.696,NA,""
"1998-06-22",480.725,NA,""
"1998-06-23",476.767,NA,""
"1998-06-24",476.767,NA,""
"1998-06-25",476.767,NA,""
"1998-06-26",472.82,NA,""
"1998-06-27",472.82,NA,""
"1998-06-28",476.767,NA,""
"1998-06-29",468.886,NA,""
"1998-06-30",468.886,NA,""
"1998-07-01",472.82,NA,""
"1998-07-02",468.886,53.338,"TM/Landsat-5"
"1998-07-03",464.965,NA,""
"1998-07-04",461.055,NA,""
"1998-07-05",457.159,NA,""
"1998-07-06",453.274,NA,""
"1998-07-07",449.402,NA,""
"1998-07-08",449.402,NA,""
"1998-07-09",445.542,NA,""
"1998-07-10",441.695,NA,""
"1998-07-11",441.695,NA,""
"1998-07-12",437.861,NA,""
"1998-07-13",434.039,NA,""
"1998-07-14",434.039,NA,""
"1998-07-15",430.229,NA,""
"1998-07-16",430.229,NA,""
"1998-07-17",430.229,NA,""
"1998-07-18",426.432,NA,""
"1998-07-19",426.432,NA,""
"1998-07-20",426.432,NA,""
"1998-07-21",422.648,NA,""
"1998-07-22",418.877,NA,""
"1998-07-23",418.877,NA,""
"1998-07-24",415.118,NA,""
"1998-07-25",411.372,NA,""
"1998-07-26",411.372,NA,""
"1998-07-27",403.918,NA,""
"1998-07-28",400.21,NA,""
"1998-07-29",396.515,NA,""
"1998-07-30",389.164,NA,""
"1998-07-31",385.508,NA,""
"1998-08-01",378.234,NA,""
"1998-08-02",378.234,NA,""
"1998-08-03",374.617,NA,""
"1998-08-04",367.421,NA,""
"1998-08-05",363.843,NA,""
"1998-08-06",360.278,NA,""
"1998-08-07",363.843,NA,""
"1998-08-08",389.164,NA,""
"1998-08-09",415.118,NA,""
"1998-08-10",434.039,NA,""
"1998-08-11",426.432,NA,""
"1998-08-12",418.877,NA,""
"1998-08-13",403.918,NA,""
"1998-08-14",392.833,NA,""
"1998-08-15",385.508,NA,""
"1998-08-16",385.508,NA,""
"1998-08-17",381.864,NA,""
"1998-08-18",381.864,NA,""
"1998-08-19",378.234,NA,""
"1998-08-20",374.617,NA,""
"1998-08-21",371.013,NA,""
"1998-08-22",367.421,NA,""
"1998-08-23",363.843,NA,""
"1998-08-24",360.278,NA,""
"1998-08-25",356.727,NA,""
"1998-08-26",353.188,NA,""
"1998-08-27",349.663,NA,""
"1998-08-28",342.652,NA,""
"1998-08-29",339.167,NA,""
"1998-08-30",342.652,NA,""
"1998-08-31",339.167,NA,""
"1998-09-01",339.167,NA,""
"1998-09-02",335.695,NA,""
"1998-09-03",332.237,NA,""
"1998-09-04",328.792,40.258,"TM/Landsat-5"
"1998-09-05",325.36,NA,""
"1998-09-06",321.942,NA,""
"1998-09-07",318.537,NA,""
"1998-09-08",318.537,NA,""
"1998-09-09",315.146,NA,""
"1998-09-10",325.36,NA,""
"1998-09-11",400.21,NA,""
"1998-09-12",441.695,NA,""
"1998-09-13",453.274,NA,""
"1998-09-14",457.159,NA,""
"1998-09-15",434.039,NA,""
"1998-09-16",403.918,NA,""
"1998-09-17",374.617,NA,""
"1998-09-18",346.151,NA,""
"1998-09-19",328.792,NA,""
"1998-09-20",321.942,46.038,"TM/Landsat-5"
"1998-09-21",318.537,NA,""
"1998-09-22",308.405,NA,""
"1998-09-23",301.719,NA,""
"1998-09-24",295.088,NA,""
"1998-09-25",295.088,NA,""
"1998-09-26",305.056,NA,""
"1998-09-27",318.537,NA,""
"1998-09-28",328.792,NA,""
"1998-09-29",339.167,NA,""
"1998-09-30",422.648,NA,""
"1998-10-01",496.682,NA,""
"1998-10-02",537.422,NA,""
"1998-10-03",508.777,NA,""
"1998-10-04",472.82,NA,""
"1998-10-05",426.432,NA,""
"1998-10-06",392.833,NA,""
"1998-10-07",378.234,NA,""
"1998-10-08",363.843,NA,""
"1998-10-09",360.278,NA,""
"1998-10-10",349.663,NA,""
"1998-10-11",360.278,NA,""
"1998-10-12",392.833,NA,""
"1998-10-13",426.432,NA,""
"1998-10-14",461.055,NA,""
"1998-10-15",500.702,NA,""
"1998-10-16",525.074,NA,""
"1998-10-17",516.902,NA,""
"1998-10-18",457.159,NA,""
"1998-10-19",418.877,NA,""
"1998-10-20",403.918,NA,""
"1998-10-21",385.508,NA,""
"1998-10-22",367.421,218.96,"TM/Landsat-5"
"1998-10-23",346.151,NA,""
"1998-10-24",342.652,NA,""
"1998-10-25",332.237,NA,""
"1998-10-26",332.237,NA,""
"1998-10-27",353.188,NA,""
"1998-10-28",367.421,NA,""
"1998-10-29",385.508,NA,""
"1998-10-30",403.918,NA,""
"1998-10-31",453.274,NA,""
"1998-11-01",445.542,NA,""
"1998-11-02",476.767,NA,""
"1998-11-03",520.982,NA,""
"1998-11-04",583.613,NA,""
"1998-11-05",955.345,NA,""
"1998-11-06",1038.73,NA,""
"1998-11-07",970.78,NA,""
"1998-11-08",849.927,NA,""
"1998-11-09",758.588,NA,""
"1998-11-10",653.315,NA,""
"1998-11-11",609.405,NA,""
"1998-11-12",671.198,NA,""
"1998-11-13",675.697,NA,""
"1998-11-14",763.297,NA,""
"1998-11-15",825.514,NA,""
"1998-11-16",945.107,NA,""
"1998-11-17",1001.93,NA,""
"1998-11-18",1059.98,NA,""
"1998-11-19",970.78,NA,""
"1998-11-20",884.552,NA,""
"1998-11-21",806.176,NA,""
"1998-11-22",874.607,NA,""
"1998-11-23",975.945,NA,""
"1998-11-24",1007.15,NA,""
"1998-11-25",869.65,NA,""
"1998-11-26",763.297,NA,""
"1998-11-27",791.786,NA,""
"1998-11-28",801.369,NA,""
"1998-11-29",777.493,NA,""
"1998-11-30",698.361,NA,""
"1998-12-01",689.262,NA,""
"1998-12-02",777.493,NA,""
"1998-12-03",945.107,NA,""
"1998-12-04",1811.3,NA,""
"1998-12-05",2125.65,NA,""
"1998-12-06",1978.33,NA,""
"1998-12-07",1741.35,NA,""
"1998-12-08",1930.06,NA,""
"1998-12-09",1938.08,161.5,"TM/Landsat-5"
"1998-12-10",1811.3,NA,""
"1998-12-11",1725.94,NA,""
"1998-12-12",1687.63,NA,""
"1998-12-13",1666.92,NA,""
"1998-12-14",1702.91,NA,""
"1998-12-15",1660.6,NA,""
"1998-12-16",1566.95,NA,""
"1998-12-17",1505.66,NA,""
"1998-12-18",1687.63,NA,""
"1998-12-19",1882.23,NA,""
"1998-12-20",1819.13,NA,""
"1998-12-21",1702.91,NA,""
"1998-12-22",1616.65,NA,""
"1998-12-23",1579.32,NA,""
"1998-12-24",1898.13,NA,""
"1998-12-25",2251.3,NA,""
"1998-12-26",2396.81,NA,""
"1998-12-27",2336.5,NA,""
"1998-12-28",2150.58,NA,""
"1998-12-29",2059.71,NA,""
"1998-12-30",2362.28,NA,""
"1998-12-31",2706.53,NA,""
"1999-01-01",2917.32,NA,""
"1999-01-02",3029.54,NA,""
"1999-01-03",2852.57,NA,""
"1999-01-04",2806.64,NA,""
"1999-01-05",2935.92,NA,""
"1999-01-06",3229.55,NA,""
"1999-01-07",3734.06,NA,""
"1999-01-08",4232.45,NA,""
"1999-01-09",4468.28,NA,""
"1999-01-10",4468.28,253.027,"TM/Landsat-5"
"1999-01-11",4221.84,NA,""
"1999-01-12",3877.1,NA,""
"1999-01-13",3784.93,NA,""
"1999-01-14",4053.38,NA,""
"1999-01-15",4457.47,NA,""
"1999-01-16",4317.68,NA,""
"1999-01-17",3613,NA,""
"1999-01-18",3114.69,NA,""
"1999-01-19",2724.64,NA,""
"1999-01-20",2466.41,NA,""
"1999-01-21",2150.58,NA,""
"1999-01-22",1803.48,NA,""
"1999-01-23",1749.07,NA,""
"1999-01-24",1850.59,NA,""
"1999-01-25",1890.18,NA,""
"1999-01-26",1834.83,NA,""
"1999-01-27",1772.31,NA,""
"1999-01-28",1725.94,NA,""
"1999-01-29",1803.48,NA,""
"1999-01-30",2027.01,NA,""
"1999-01-31",2133.95,NA,""
"1999-02-01",2150.58,NA,""
"1999-02-02",2276.74,NA,""
"1999-02-03",2581.02,NA,""
"1999-02-04",2536.72,NA,""
"1999-02-05",2010.74,NA,""
"1999-02-06",1780.09,NA,""
"1999-02-07",1733.64,NA,""
"1999-02-08",1666.92,NA,""
"1999-02-09",1573.13,NA,""
"1999-02-10",1635.43,NA,""
"1999-02-11",1679.58,171.834,"TM/Landsat-5"
"1999-02-12",1654.3,NA,""
"1999-02-13",1930.06,NA,""
"1999-02-14",1922.06,NA,""
"1999-02-15",1702.91,NA,""
"1999-02-16",1475.36,NA,""
"1999-02-17",1269.8,NA,""
"1999-02-18",1124.7,NA,""
"1999-02-19",1017.64,NA,""
"1999-02-20",934.91,NA,""
"1999-02-21",874.607,NA,""
"1999-02-22",965.624,NA,""
"1999-02-23",1135.63,NA,""
"1999-02-24",1350.63,NA,""
"1999-02-25",1874.3,NA,""
"1999-02-26",2076.12,NA,""
"1999-02-27",2327.93,NA,""
"1999-02-28",2625.6,NA,""
"1999-03-01",2926.62,NA,""
"1999-03-02",3268.16,NA,""
"1999-03-03",4253.7,NA,""
"1999-03-04",5306.11,NA,""
"1999-03-05",4998.55,NA,""
"1999-03-06",4631.7,NA,""
"1999-03-07",4620.74,NA,""
"1999-03-08",5111.69,NA,""
"1999-03-09",5352.23,NA,""
"1999-03-10",5433.29,NA,""
"1999-03-11",4664.63,NA,""
"1999-03-12",3653.19,NA,""
"1999-03-13",2935.92,NA,""
"1999-03-14",2742.78,NA,""
"1999-03-15",2760.97,NA,""
"1999-03-16",3200.69,NA,""
"1999-03-17",2926.62,NA,""
"1999-03-18",2715.58,NA,""
"1999-03-19",2963.9,NA,""
"1999-03-20",3162.37,NA,""
"1999-03-21",3133.73,NA,""
"1999-03-22",2861.79,NA,""
"1999-03-23",2706.53,NA,""
"1999-03-24",2457.67,NA,""
"1999-03-25",2225.97,NA,""
"1999-03-26",2388.16,NA,""
"1999-03-27",2396.81,NA,""
"1999-03-28",2158.91,NA,""
"1999-03-29",1890.18,NA,""
"1999-03-30",1687.63,NA,""
"1999-03-31",1604.17,NA,""
"1999-04-01",1554.62,NA,""
"1999-04-02",1499.58,NA,""
"1999-04-03",1445.29,NA,""
"1999-04-04",1397.66,NA,""
"1999-04-05",1338.97,NA,""
"1999-04-06",1264.09,NA,""
"1999-04-07",1179.72,NA,""
"1999-04-08",1152.09,NA,""
"1999-04-09",1141.1,NA,""
"1999-04-10",1124.7,NA,""
"1999-04-11",1113.81,NA,""
"1999-04-12",1102.97,NA,""
"1999-04-13",1076.02,NA,""
"1999-04-14",1028.16,NA,""
"1999-04-15",991.503,NA,""
"1999-04-16",1033.44,124.498,"TM/Landsat-5"
"1999-04-17",1130.16,NA,""
"1999-04-18",1281.23,NA,""
"1999-04-19",1292.7,NA,""
"1999-04-20",1174.18,NA,""
"1999-04-21",1070.67,NA,""
"1999-04-22",1007.15,NA,""
"1999-04-23",975.945,NA,""
"1999-04-24",934.91,NA,""
"1999-04-25",899.55,NA,""
"1999-04-26",859.767,NA,""
"1999-04-27",840.13,NA,""
"1999-04-28",830.375,NA,""
"1999-04-29",820.664,NA,""
"1999-04-30",815.824,NA,""
"1999-05-01",815.824,NA,""
"1999-05-02",815.824,NA,""
"1999-05-03",801.369,NA,""
"1999-05-04",772.75,NA,""
"1999-05-05",744.524,NA,""
"1999-05-06",721.304,NA,""
"1999-05-07",698.361,NA,""
"1999-05-08",689.262,NA,""
"1999-05-09",712.093,NA,""
"1999-05-10",739.858,NA,""
"1999-05-11",753.889,NA,""
"1999-05-12",758.588,NA,""
"1999-05-13",744.524,NA,""
"1999-05-14",716.693,NA,""
"1999-05-15",693.806,NA,""
"1999-05-16",671.198,NA,""
"1999-05-17",653.315,NA,""
"1999-05-18",640.022,65.798,"TM/Landsat-5"
"1999-05-19",631.217,NA,""
"1999-05-20",631.217,NA,""
"1999-05-21",626.832,NA,""
"1999-05-22",613.745,NA,""
"1999-05-23",605.078,NA,""
"1999-05-24",596.457,NA,""
"1999-05-25",592.164,NA,""
"1999-05-26",587.883,NA,""
"1999-05-27",587.883,NA,""
"1999-05-28",592.164,NA,""
"1999-05-29",583.613,NA,""
"1999-05-30",579.355,NA,""
"1999-05-31",579.355,NA,""
"1999-06-01",575.109,NA,""
"1999-06-02",570.874,NA,""
"1999-06-03",558.241,NA,""
"1999-06-04",549.878,NA,""
"1999-06-05",545.714,NA,""
"1999-06-06",533.294,NA,""
"1999-06-07",533.294,NA,""
"1999-06-08",525.074,NA,""
"1999-06-09",525.074,NA,""
"1999-06-10",520.982,NA,""
"1999-06-11",512.833,NA,""
"1999-06-12",508.777,NA,""
"1999-06-13",504.734,NA,""
"1999-06-14",500.702,NA,""
"1999-06-15",496.682,NA,""
"1999-06-16",492.675,NA,""
"1999-06-17",488.679,NA,""
"1999-06-18",488.679,NA,""
"1999-06-19",488.679,62.637,"TM/Landsat-5"
"1999-06-20",484.696,NA,""
"1999-06-21",480.725,NA,""
"1999-06-22",476.767,NA,""
"1999-06-23",472.82,NA,""
"1999-06-24",476.767,NA,""
"1999-06-25",476.767,NA,""
"1999-06-26",476.767,NA,""
"1999-06-27",472.82,NA,""
"1999-06-28",461.055,NA,""
"1999-06-29",449.402,NA,""
"1999-06-30",441.695,NA,""
"1999-07-01",437.861,NA,""
"1999-07-02",434.039,NA,""
"1999-07-03",441.695,NA,""
"1999-07-04",449.402,NA,""
"1999-07-05",445.542,6.596,"TM/Landsat-5"
"1999-07-06",441.695,NA,""
"1999-07-07",434.039,NA,""
"1999-07-08",426.432,NA,""
"1999-07-09",426.432,NA,""
"1999-07-10",426.432,NA,""
"1999-07-11",418.877,NA,""
"1999-07-12",415.118,NA,""
"1999-07-13",411.372,NA,""
"1999-07-14",411.372,NA,""
"1999-07-15",407.638,NA,""
"1999-07-16",403.918,NA,""
"1999-07-17",400.21,NA,""
"1999-07-18",396.515,NA,""
"1999-07-19",392.833,NA,""
"1999-07-20",392.833,NA,""
"1999-07-21",389.164,NA,""
"1999-07-22",389.164,NA,""
"1999-07-23",389.164,NA,""
"1999-07-24",385.508,NA,""
"1999-07-25",385.508,NA,""
"1999-07-26",381.864,NA,""
"1999-07-27",381.864,NA,""
"1999-07-28",378.234,NA,""
"1999-07-29",371.013,NA,""
"1999-07-30",367.421,NA,""
"1999-07-31",363.843,NA,""
"1999-08-01",360.278,NA,""
"1999-08-02",360.278,NA,""
"1999-08-03",360.278,NA,""
"1999-08-04",353.188,NA,""
"1999-08-05",349.663,NA,""
"1999-08-06",346.151,55.413,"TM/Landsat-5"
"1999-08-07",346.151,NA,""
"1999-08-08",342.652,NA,""
"1999-08-09",342.652,NA,""
"1999-08-10",342.652,NA,""
"1999-08-11",342.652,NA,""
"1999-08-12",339.167,NA,""
"1999-08-13",335.695,NA,""
"1999-08-14",335.695,NA,""
"1999-08-15",335.695,NA,""
"1999-08-16",332.237,NA,""
"1999-08-17",328.792,NA,""
"1999-08-18",328.792,NA,""
"1999-08-19",328.792,NA,""
"1999-08-20",328.792,NA,""
"1999-08-21",328.792,NA,""
"1999-08-22",332.237,53.501,"TM/Landsat-5"
"1999-08-23",332.237,NA,""
"1999-08-24",328.792,NA,""
"1999-08-25",325.36,NA,""
"1999-08-26",325.36,NA,""
"1999-08-27",321.942,NA,""
"1999-08-28",321.942,NA,""
"1999-08-29",321.942,NA,""
"1999-08-30",318.537,NA,""
"1999-08-31",315.146,NA,""
"1999-09-01",311.769,NA,""
"1999-09-02",308.405,NA,""
"1999-09-03",305.056,NA,""
"1999-09-04",301.719,NA,""
"1999-09-05",298.397,NA,""
"1999-09-06",295.088,NA,""
"1999-09-07",295.088,104.669,"TM/Landsat-5"
"1999-09-08",295.088,NA,""
"1999-09-09",291.793,NA,""
"1999-09-10",288.513,NA,""
"1999-09-11",288.513,NA,""
"1999-09-12",288.513,NA,""
"1999-09-13",285.246,NA,""
"1999-09-14",285.246,NA,""
"1999-09-15",288.513,NA,""
"1999-09-16",301.719,NA,""
"1999-09-17",315.146,NA,""
"1999-09-18",339.167,NA,""
"1999-09-19",360.278,NA,""
"1999-09-20",360.278,NA,""
"1999-09-21",363.843,NA,""
"1999-09-22",371.013,NA,""
"1999-09-23",392.833,60.732,"TM/Landsat-5"
"1999-09-24",434.039,NA,""
"1999-09-25",464.965,NA,""
"1999-09-26",516.902,NA,""
"1999-09-27",529.178,NA,""
"1999-09-28",476.767,NA,""
"1999-09-29",422.648,NA,""
"1999-09-30",363.843,NA,""
"1999-10-01",332.237,NA,""
"1999-10-02",311.769,NA,""
"1999-10-03",301.719,NA,""
"1999-10-04",295.088,NA,""
"1999-10-05",295.088,NA,""
"1999-10-06",288.513,NA,""
"1999-10-07",285.246,NA,""
"1999-10-08",278.754,NA,""
"1999-10-09",288.513,NA,""
"1999-10-10",308.405,NA,""
"1999-10-11",332.237,NA,""
"1999-10-12",335.695,NA,""
"1999-10-13",328.792,NA,""
"1999-10-14",321.942,NA,""
"1999-10-15",305.056,NA,""
"1999-10-16",298.397,NA,""
"1999-10-17",298.397,NA,""
"1999-10-18",301.719,NA,""
"1999-10-19",308.405,NA,""
"1999-10-20",301.719,NA,""
"1999-10-21",298.397,NA,""
"1999-10-22",318.537,NA,""
"1999-10-23",353.188,NA,""
"1999-10-24",374.617,NA,""
"1999-10-25",367.421,NA,""
"1999-10-26",353.188,NA,""
"1999-10-27",346.151,NA,""
"1999-10-28",389.164,NA,""
"1999-10-29",484.696,NA,""
"1999-10-30",587.883,NA,""
"1999-10-31",653.315,NA,""
"1999-11-01",820.664,NA,""
"1999-11-02",849.927,NA,""
"1999-11-03",648.873,NA,""
"1999-11-04",500.702,NA,""
"1999-11-05",558.241,NA,""
"1999-11-06",1044.03,NA,""
"1999-11-07",1457.29,NA,""
"1999-11-08",1070.67,NA,""
"1999-11-09",950.221,NA,""
"1999-11-10",1049.33,NA,""
"1999-11-11",991.503,NA,""
"1999-11-12",739.858,NA,""
"1999-11-13",583.613,NA,""
"1999-11-14",516.902,NA,""
"1999-11-15",554.053,NA,""
"1999-11-16",716.693,NA,""
"1999-11-17",796.572,NA,""
"1999-11-18",721.304,NA,""
"1999-11-19",583.613,NA,""
"1999-11-20",512.833,NA,""
"1999-11-21",496.682,NA,""
"1999-11-22",744.524,NA,""
"1999-11-23",945.107,NA,""
"1999-11-24",914.642,NA,""
"1999-11-25",830.375,NA,""
"1999-11-26",787.01,NA,""
"1999-11-27",879.574,NA,""
"1999-11-28",782.246,NA,""
"1999-11-29",919.693,NA,""
"1999-11-30",934.91,NA,""
"1999-12-01",849.927,NA,""
"1999-12-02",777.493,NA,""
"1999-12-03",716.693,NA,""
"1999-12-04",635.614,NA,""
"1999-12-05",545.714,NA,""
"1999-12-06",684.729,NA,""
"1999-12-07",854.842,NA,""
"1999-12-08",830.375,NA,""
"1999-12-09",758.588,NA,""
"1999-12-10",721.304,NA,""
"1999-12-11",929.828,NA,""
"1999-12-12",1258.4,NA,""
"1999-12-13",1368.2,NA,""
"1999-12-14",1258.4,NA,""
"1999-12-15",1065.32,NA,""
"1999-12-16",1028.16,NA,""
"1999-12-17",1135.63,NA,""
"1999-12-18",1065.32,NA,""
"1999-12-19",1007.15,NA,""
"1999-12-20",940.003,NA,""
"1999-12-21",874.607,NA,""
"1999-12-22",899.55,NA,""
"1999-12-23",904.57,NA,""
"1999-12-24",859.767,NA,""
"1999-12-25",884.552,NA,""
"1999-12-26",889.541,NA,""
"1999-12-27",991.503,NA,""
"1999-12-28",1179.72,NA,""
"1999-12-29",1076.02,NA,""
"1999-12-30",1033.44,NA,""
"1999-12-31",1092.16,NA,""
"2000-01-01",1059.98,NA,""
"2000-01-02",1218.83,NA,""
"2000-01-03",1481.4,NA,""
"2000-01-04",2035.17,NA,""
"2000-01-05",2572.14,NA,""
"2000-01-06",2742.78,NA,""
"2000-01-07",2770.08,NA,""
"2000-01-08",2563.27,NA,""
"2000-01-09",2457.67,NA,""
"2000-01-10",2379.52,NA,""
"2000-01-11",2259.77,NA,""
"2000-01-12",2175.6,NA,""
"2000-01-13",2043.34,NA,""
"2000-01-14",1787.87,NA,""
"2000-01-15",1635.43,NA,""
"2000-01-16",1487.45,NA,""
"2000-01-17",1415.45,NA,""
"2000-01-18",1344.8,NA,""
"2000-01-19",1224.45,NA,""
"2000-01-20",1168.64,NA,""
"2000-01-21",1146.59,NA,""
"2000-01-22",1174.18,NA,""
"2000-01-23",1196.42,NA,""
"2000-01-24",1344.8,NA,""
"2000-01-25",1648,NA,""
"2000-01-26",1795.67,NA,""
"2000-01-27",1756.81,NA,""
"2000-01-28",1597.94,NA,""
"2000-01-29",1787.87,241.085,"TM/Landsat-5"
"2000-01-30",2422.83,NA,""
"2000-01-31",2336.5,NA,""
"2000-02-01",2175.6,NA,""
"2000-02-02",2018.87,NA,""
"2000-02-03",1890.18,NA,""
"2000-02-04",1826.98,NA,""
"2000-02-05",1882.23,NA,""
"2000-02-06",2225.97,NA,""
"2000-02-07",2285.24,NA,""
"2000-02-08",2379.52,NA,""
"2000-02-09",2634.55,NA,""
"2000-02-10",2824.98,NA,""
"2000-02-11",2973.24,NA,""
"2000-02-12",3076.74,NA,""
"2000-02-13",3355.64,NA,""
"2000-02-14",3683.44,NA,""
"2000-02-15",4063.84,NA,""
"2000-02-16",4435.86,NA,""
"2000-02-17",4587.91,NA,""
"2000-02-18",4479.11,NA,""
"2000-02-19",4414.28,NA,""
"2000-02-20",4392.75,NA,""
"2000-02-21",4371.25,NA,""
"2000-02-22",4296.31,NA,""
"2000-02-23",4190.07,NA,""
"2000-02-24",4095.26,NA,""
"2000-02-25",4032.5,NA,""
"2000-02-26",3897.7,NA,""
"2000-02-27",3784.93,NA,""
"2000-02-28",3723.92,NA,""
"2000-02-29",3633.07,NA,""
"2000-03-01",3424.26,NA,""
"2000-03-02",3306.94,NA,""
"2000-03-03",3181.51,NA,""
"2000-03-04",2963.9,NA,""
"2000-03-05",3038.96,NA,""
"2000-03-06",3076.74,NA,""
"2000-03-07",3143.27,NA,""
"2000-03-08",3229.55,NA,""
"2000-03-09",3248.83,NA,""
"2000-03-10",3086.22,NA,""
"2000-03-11",3067.28,NA,""
"2000-03-12",3086.22,NA,""
"2000-03-13",3162.37,NA,""
"2000-03-14",3258.49,NA,""
"2000-03-15",3414.43,NA,""
"2000-03-16",3582.95,NA,""
"2000-03-17",3633.07,NA,""
"2000-03-18",3613,NA,""
"2000-03-19",3543.04,NA,""
"2000-03-20",3493.37,NA,""
"2000-03-21",3493.37,NA,""
"2000-03-22",3523.14,NA,""
"2000-03-23",3543.04,NA,""
"2000-03-24",3523.14,NA,""
"2000-03-25",3513.21,NA,""
"2000-03-26",3443.95,NA,""
"2000-03-27",3384.99,NA,""
"2000-03-28",3297.23,NA,""
"2000-03-29",3152.81,NA,""
"2000-03-30",3048.39,NA,""
"2000-03-31",2935.92,NA,""
"2000-04-01",2852.57,NA,""
"2000-04-02",2751.87,NA,""
"2000-04-03",2598.82,NA,""
"2000-04-04",2563.27,NA,""
"2000-04-05",2440.23,NA,""
"2000-04-06",2234.4,NA,""
"2000-04-07",1986.41,NA,""
"2000-04-08",1819.13,NA,""
"2000-04-09",1673.24,NA,""
"2000-04-10",1604.17,NA,""
"2000-04-11",1530.07,NA,""
"2000-04-12",1481.4,NA,""
"2000-04-13",1439.3,NA,""
"2000-04-14",1391.75,NA,""
"2000-04-15",1374.07,NA,""
"2000-04-16",1368.2,NA,""
"2000-04-17",1385.85,NA,""
"2000-04-18",1362.33,NA,""
"2000-04-19",1374.07,NA,""
"2000-04-20",1445.29,NA,""
"2000-04-21",1648,NA,""
"2000-04-22",1858.48,NA,""
"2000-04-23",1772.31,NA,""
"2000-04-24",1548.47,NA,""
"2000-04-25",1391.75,NA,""
"2000-04-26",1298.45,NA,""
"2000-04-27",1230.08,NA,""
"2000-04-28",1190.85,NA,""
"2000-04-29",1179.72,NA,""
"2000-04-30",1224.45,NA,""
"2000-05-01",1304.21,NA,""
"2000-05-02",1230.08,NA,""
"2000-05-03",1152.09,NA,""
"2000-05-04",1119.25,146.322,"TM/Landsat-5"
"2000-05-05",1081.39,NA,""
"2000-05-06",1054.65,NA,""
"2000-05-07",1022.89,NA,""
"2000-05-08",981.121,NA,""
"2000-05-09",950.221,NA,""
"2000-05-10",914.642,NA,""
"2000-05-11",894.54,NA,""
"2000-05-12",864.703,NA,""
"2000-05-13",835.247,NA,""
"2000-05-14",830.375,NA,""
"2000-05-15",820.664,NA,""
"2000-05-16",815.824,NA,""
"2000-05-17",810.995,NA,""
"2000-05-18",796.572,NA,""
"2000-05-19",796.572,NA,""
"2000-05-20",791.786,62.222,"TM/Landsat-5"
"2000-05-21",787.01,NA,""
"2000-05-22",782.246,NA,""
"2000-05-23",777.493,NA,""
"2000-05-24",772.75,NA,""
"2000-05-25",763.297,NA,""
"2000-05-26",758.588,NA,""
"2000-05-27",749.201,NA,""
"2000-05-28",739.858,NA,""
"2000-05-29",730.559,NA,""
"2000-05-30",745.051,NA,""
"2000-05-31",740.311,NA,""
"2000-06-01",735.582,NA,""
"2000-06-02",730.865,NA,""
"2000-06-03",721.466,NA,""
"2000-06-04",707.454,NA,""
"2000-06-05",707.454,65.769,"TM/Landsat-5"
"2000-06-06",698.171,NA,""
"2000-06-07",688.935,NA,""
"2000-06-08",679.746,NA,""
"2000-06-09",670.605,NA,""
"2000-06-10",661.51,NA,""
"2000-06-11",661.51,NA,""
"2000-06-12",652.464,NA,""
"2000-06-13",643.465,NA,""
"2000-06-14",638.983,NA,""
"2000-06-15",634.513,NA,""
"2000-06-16",625.61,NA,""
"2000-06-17",625.61,NA,""
"2000-06-18",616.755,NA,""
"2000-06-19",616.755,NA,""
"2000-06-20",607.948,NA,""
"2000-06-21",603.563,NA,""
"2000-06-22",599.19,NA,""
"2000-06-23",590.48,NA,""
"2000-06-24",586.143,NA,""
"2000-06-25",590.48,NA,""
"2000-06-26",590.48,NA,""
"2000-06-27",581.819,NA,""
"2000-06-28",581.819,NA,""
"2000-06-29",573.207,NA,""
"2000-06-30",564.644,NA,""
"2000-07-01",556.13,NA,""
"2000-07-02",551.892,NA,""
"2000-07-03",539.252,NA,""
"2000-07-04",539.252,NA,""
"2000-07-05",535.063,NA,""
"2000-07-06",535.063,NA,""
"2000-07-07",530.887,62.263,"TM/Landsat-5"
"2000-07-08",530.887,NA,""
"2000-07-09",522.573,NA,""
"2000-07-10",514.308,NA,""
"2000-07-11",510.195,NA,""
"2000-07-12",506.095,NA,""
"2000-07-13",497.931,NA,""
"2000-07-14",489.819,NA,""
"2000-07-15",489.819,NA,""
"2000-07-16",481.757,NA,""
"2000-07-17",481.757,NA,""
"2000-07-18",481.757,NA,""
"2000-07-19",481.757,NA,""
"2000-07-20",481.757,NA,""
"2000-07-21",473.747,NA,""
"2000-07-22",473.747,NA,""
"2000-07-23",473.747,NA,""
"2000-07-24",465.788,NA,""
"2000-07-25",465.788,NA,""
"2000-07-26",477.746,NA,""
"2000-07-27",493.869,223.34,"ANA"
"2000-07-28",502.007,NA,""
"2000-07-29",497.931,NA,""
"2000-07-30",489.819,NA,""
"2000-07-31",477.746,NA,""
"2000-08-01",465.788,NA,""
"2000-08-02",457.881,NA,""
"2000-08-03",450.025,NA,""
"2000-08-04",442.222,NA,""
"2000-08-05",434.471,NA,""
"2000-08-06",426.772,NA,""
"2000-08-07",426.772,NA,""
"2000-08-08",419.126,43.75,"TM/Landsat-5"
"2000-08-09",419.126,NA,""
"2000-08-10",411.533,NA,""
"2000-08-11",411.533,NA,""
"2000-08-12",403.993,NA,""
"2000-08-13",396.506,NA,""
"2000-08-14",392.783,NA,""
"2000-08-15",389.073,NA,""
"2000-08-16",385.377,NA,""
"2000-08-17",378.025,NA,""
"2000-08-18",381.694,NA,""
"2000-08-19",378.025,NA,""
"2000-08-20",381.694,NA,""
"2000-08-21",381.694,NA,""
"2000-08-22",381.694,NA,""
"2000-08-23",378.025,NA,""
"2000-08-24",374.369,57.763,"TM/Landsat-5"
"2000-08-25",370.727,NA,""
"2000-08-26",363.483,NA,""
"2000-08-27",359.882,NA,""
"2000-08-28",345.615,NA,""
"2000-08-29",342.082,NA,""
"2000-08-30",352.721,NA,""
"2000-08-31",359.882,NA,""
"2000-09-01",363.483,NA,""
"2000-09-02",374.369,NA,""
"2000-09-03",438.34,NA,""
"2000-09-04",481.757,NA,""
"2000-09-05",481.757,NA,""
"2000-09-06",461.828,NA,""
"2000-09-07",450.025,NA,""
"2000-09-08",446.117,NA,""
"2000-09-09",442.222,NA,""
"2000-09-10",446.117,NA,""
"2000-09-11",473.747,NA,""
"2000-09-12",526.724,NA,""
"2000-09-13",698.171,NA,""
"2000-09-14",745.051,NA,""
"2000-09-15",661.51,NA,""
"2000-09-16",581.819,NA,""
"2000-09-17",560.381,NA,""
"2000-09-18",698.171,NA,""
"2000-09-19",735.582,NA,""
"2000-09-20",675.17,NA,""
"2000-09-21",702.807,NA,""
"2000-09-22",693.547,NA,""
"2000-09-23",607.948,NA,""
"2000-09-24",522.573,NA,""
"2000-09-25",465.788,77.845,"TM/Landsat-5"
"2000-09-26",426.772,NA,""
"2000-09-27",403.993,NA,""
"2000-09-28",385.377,NA,""
"2000-09-29",374.369,NA,""
"2000-09-30",389.073,NA,""
"2000-10-01",419.126,NA,""
"2000-10-02",434.471,NA,""
"2000-10-03",442.222,NA,""
"2000-10-04",461.828,NA,""
"2000-10-05",489.819,NA,""
"2000-10-06",481.757,NA,""
"2000-10-07",457.881,NA,""
"2000-10-08",481.757,NA,""
"2000-10-09",530.887,NA,""
"2000-10-10",514.308,NA,""
"2000-10-11",497.931,93.332,"TM/Landsat-5"
"2000-10-12",481.757,NA,""
"2000-10-13",446.117,NA,""
"2000-10-14",422.943,NA,""
"2000-10-15",407.756,NA,""
"2000-10-16",426.772,NA,""
"2000-10-17",419.126,NA,""
"2000-10-18",381.694,NA,""
"2000-10-19",356.295,NA,""
"2000-10-20",335.059,NA,""
"2000-10-21",321.181,NA,""
"2000-10-22",310.92,NA,""
"2000-10-23",317.746,NA,""
"2000-10-24",314.326,NA,""
"2000-10-25",297.437,NA,""
"2000-10-26",297.437,43.13,"ANA"
"2000-10-27",300.787,NA,""
"2000-10-28",314.326,NA,""
"2000-10-29",342.082,NA,""
"2000-10-30",385.377,NA,""
"2000-10-31",489.819,NA,""
"2000-11-01",556.13,NA,""
"2000-11-02",573.207,NA,""
"2000-11-03",612.345,NA,""
"2000-11-04",625.61,NA,""
"2000-11-05",670.605,NA,""
"2000-11-06",661.51,NA,""
"2000-11-07",735.582,NA,""
"2000-11-08",827.388,NA,""
"2000-11-09",902.745,NA,""
"2000-11-10",817.531,NA,""
"2000-11-11",822.454,NA,""
"2000-11-12",793.086,NA,""
"2000-11-13",716.783,NA,""
"2000-11-14",675.17,NA,""
"2000-11-15",643.465,NA,""
"2000-11-16",675.17,NA,""
"2000-11-17",827.388,NA,""
"2000-11-18",1060.86,NA,""
"2000-11-19",1055.44,NA,""
"2000-11-20",1001.76,NA,""
"2000-11-21",975.32,NA,""
"2000-11-22",1012.41,NA,""
"2000-11-23",1028.46,NA,""
"2000-11-24",1001.76,NA,""
"2000-11-25",933.586,NA,""
"2000-11-26",923.262,NA,""
"2000-11-27",985.862,NA,""
"2000-11-28",1001.76,NA,""
"2000-11-29",1039.22,NA,""
"2000-11-30",1149.12,NA,""
"2000-12-01",1149.12,NA,""
"2000-12-02",1121.25,NA,""
"2000-12-03",1115.71,NA,""
"2000-12-04",1104.66,NA,""
"2000-12-05",1104.66,NA,""
"2000-12-06",1104.66,NA,""
"2000-12-07",1137.94,NA,""
"2000-12-08",1245.82,NA,""
"2000-12-09",1245.82,NA,""
"2000-12-10",1110.18,NA,""
"2000-12-11",1071.75,NA,""
"2000-12-12",1071.75,NA,""
"2000-12-13",1228.54,NA,""
"2000-12-14",1381.35,NA,""
"2000-12-15",1566.04,NA,""
"2000-12-16",2150.58,NA,""
"2000-12-17",2634.55,NA,""
"2000-12-18",2797.48,NA,""
"2000-12-19",2935.92,NA,""
"2000-12-20",3057.83,NA,""
"2000-12-21",3306.94,NA,""
"2000-12-22",3463.69,NA,""
"2000-12-23",3424.26,NA,""
"2000-12-24",3229.55,NA,""
"2000-12-25",2908.04,NA,""
"2000-12-26",2554.41,NA,""
"2000-12-27",2414.14,NA,""
"2000-12-28",2466.41,NA,""
"2000-12-29",2200.73,NA,""
"2000-12-30",1947.63,NA,""
"2000-12-31",1766.05,NA,""
"2001-01-01",1616.77,NA,""
"2001-01-02",1559.74,NA,""
"2001-01-03",1553.45,NA,""
"2001-01-04",1726.62,NA,""
"2001-01-05",1866.09,NA,""
"2001-01-06",1812.47,NA,""
"2001-01-07",1720.08,NA,""
"2001-01-08",1681.06,NA,""
"2001-01-09",1604.03,NA,""
"2001-01-10",1509.71,NA,""
"2001-01-11",1566.04,NA,""
"2001-01-12",1707.04,NA,""
"2001-01-13",1681.06,NA,""
"2001-01-14",1553.45,NA,""
"2001-01-15",1515.93,197.367,"TM/Landsat-5"
"2001-01-16",1466.44,NA,""
"2001-01-17",1375.35,NA,""
"2001-01-18",1309.97,NA,""
"2001-01-19",1274.83,NA,""
"2001-01-20",1217.07,NA,""
"2001-01-21",1126.81,NA,""
"2001-01-22",1071.75,NA,""
"2001-01-23",1023.1,NA,""
"2001-01-24",991.15,NA,""
"2001-01-25",1023.1,NA,""
"2001-01-26",1228.54,NA,""
"2001-01-27",1315.87,NA,""
"2001-01-28",1333.6,NA,""
"2001-01-29",1286.5,NA,""
"2001-01-30",1257.4,157.49,"ANA"
"2001-01-31",1137.94,206.743,"TM/Landsat-5"
"2001-02-01",1104.66,NA,""
"2001-02-02",1137.94,NA,""
"2001-02-03",1251.6,NA,""
"2001-02-04",1160.34,NA,""
"2001-02-05",1171.61,NA,""
"2001-02-06",1182.91,NA,""
"2001-02-07",1071.75,NA,""
"2001-02-08",1007.08,NA,""
"2001-02-09",954.366,NA,""
"2001-02-10",912.982,NA,""
"2001-02-11",912.982,NA,""
"2001-02-12",964.822,NA,""
"2001-02-13",996.448,NA,""
"2001-02-14",964.822,NA,""
"2001-02-15",954.366,NA,""
"2001-02-16",943.955,128.217,"TM/Landsat-5"
"2001-02-17",975.32,NA,""
"2001-02-18",1023.1,NA,""
"2001-02-19",1126.81,NA,""
"2001-02-20",1240.05,NA,""
"2001-02-21",1298.22,NA,""
"2001-02-22",1269.01,NA,""
"2001-02-23",1160.34,NA,""
"2001-02-24",1093.64,NA,""
"2001-02-25",1082.67,NA,""
"2001-02-26",1007.08,NA,""
"2001-02-27",959.589,NA,""
"2001-02-28",959.589,NA,""
"2001-03-01",954.366,NA,""
"2001-03-02",964.822,NA,""
"2001-03-03",975.32,NA,""
"2001-03-04",1007.08,134.468,"TM/Landsat-5"
"2001-03-05",991.15,NA,""
"2001-03-06",1093.64,NA,""
"2001-03-07",1182.91,NA,""
"2001-03-08",1381.35,NA,""
"2001-03-09",1466.44,NA,""
"2001-03-10",1417.58,NA,""
"2001-03-11",1369.35,NA,""
"2001-03-12",1387.36,NA,""
"2001-03-13",1799.16,NA,""
"2001-03-14",2142.26,NA,""
"2001-03-15",2336.5,NA,""
"2001-03-16",2388.16,NA,""
"2001-03-17",2276.74,NA,""
"2001-03-18",2150.58,NA,""
"2001-03-19",2016.6,NA,""
"2001-03-20",1886.35,NA,""
"2001-03-21",1799.16,NA,""
"2001-03-22",1927.12,NA,""
"2001-03-23",2037.47,NA,""
"2001-03-24",1893.12,NA,""
"2001-03-25",1661.67,NA,""
"2001-03-26",1478.75,NA,""
"2001-03-27",1345.48,NA,""
"2001-03-28",1251.6,NA,""
"2001-03-29",1222.8,NA,""
"2001-03-30",1240.05,NA,""
"2001-03-31",1240.05,NA,""
"2001-04-01",1327.68,NA,""
"2001-04-02",1405.46,NA,""
"2001-04-03",1333.6,NA,""
"2001-04-04",1309.97,NA,""
"2001-04-05",1720.08,NA,""
"2001-04-06",1733.17,NA,""
"2001-04-07",1566.04,NA,""
"2001-04-08",1441.93,NA,""
"2001-04-09",1333.6,NA,""
"2001-04-10",1251.6,NA,""
"2001-04-11",1171.61,NA,""
"2001-04-12",1082.67,NA,""
"2001-04-13",1023.1,NA,""
"2001-04-14",975.32,NA,""
"2001-04-15",943.955,NA,""
"2001-04-16",912.982,NA,""
"2001-04-17",882.405,NA,""
"2001-04-18",857.23,NA,""
"2001-04-19",857.23,NA,""
"2001-04-20",877.348,NA,""
"2001-04-21",852.228,71.017,"TM/Landsat-5"
"2001-04-22",812.619,NA,""
"2001-04-23",778.555,NA,""
"2001-04-24",764.127,NA,""
"2001-04-25",745.051,NA,""
"2001-04-26",735.582,NA,""
"2001-04-27",764.127,NA,""
"2001-04-28",768.925,NA,""
"2001-04-29",778.555,NA,""
"2001-04-30",759.341,NA,""
"2001-05-01",716.783,NA,""
"2001-05-02",688.935,NA,""
"2001-05-03",670.605,NA,""
"2001-05-04",652.464,NA,""
"2001-05-05",634.513,NA,""
"2001-05-06",625.61,NA,""
"2001-05-07",612.345,NA,""
"2001-05-08",599.19,NA,""
"2001-05-09",594.828,NA,""
"2001-05-10",590.48,NA,""
"2001-05-11",590.48,NA,""
"2001-05-12",581.819,NA,""
"2001-05-13",573.207,NA,""
"2001-05-14",564.644,NA,""
"2001-05-15",564.644,NA,""
"2001-05-16",560.381,NA,""
"2001-05-17",560.381,NA,""
"2001-05-18",560.381,NA,""
"2001-05-19",564.644,NA,""
"2001-05-20",573.207,NA,""
"2001-05-21",621.176,NA,""
"2001-05-22",643.465,NA,""
"2001-05-23",594.828,NA,""
"2001-05-24",560.381,NA,""
"2001-05-25",539.252,NA,""
"2001-05-26",530.887,NA,""
"2001-05-27",530.887,NA,""
"2001-05-28",577.507,NA,""
"2001-05-29",698.171,NA,""
"2001-05-30",802.83,61.15,"Aquino"
"2001-05-31",975.32,61.1,"Bayer"
"2001-06-01",954.366,NA,""
"2001-06-02",842.259,NA,""
"2001-06-03",745.051,NA,""
"2001-06-04",675.17,NA,""
"2001-06-05",625.61,NA,""
"2001-06-06",590.48,NA,""
"2001-06-07",568.919,NA,""
"2001-06-08",547.666,NA,""
"2001-06-09",539.252,NA,""
"2001-06-10",535.063,NA,""
"2001-06-11",526.724,NA,""
"2001-06-12",510.195,NA,""
"2001-06-13",497.931,NA,""
"2001-06-14",489.819,NA,""
"2001-06-15",481.757,NA,""
"2001-06-16",477.746,NA,""
"2001-06-17",473.747,NA,""
"2001-06-18",473.747,NA,""
"2001-06-19",465.788,NA,""
"2001-06-20",457.881,NA,""
"2001-06-21",450.025,NA,""
"2001-06-22",446.117,NA,""
"2001-06-23",442.222,NA,""
"2001-06-24",442.222,43.254,"TM/Landsat-5"
"2001-06-25",446.117,NA,""
"2001-06-26",442.222,NA,""
"2001-06-27",442.222,NA,""
"2001-06-28",434.471,NA,""
"2001-06-29",430.615,NA,""
"2001-06-30",426.772,NA,""
"2001-07-01",422.943,NA,""
"2001-07-02",419.126,NA,""
"2001-07-03",411.533,NA,""
"2001-07-04",407.756,NA,""
"2001-07-05",403.993,NA,""
"2001-07-06",400.243,NA,""
"2001-07-07",396.506,NA,""
"2001-07-08",389.073,NA,""
"2001-07-09",389.073,NA,""
"2001-07-10",381.694,49.482,"TM/Landsat-5"
"2001-07-11",374.369,NA,""
"2001-07-12",374.369,NA,""
"2001-07-13",367.098,NA,""
"2001-07-14",367.098,NA,""
"2001-07-15",363.483,NA,""
"2001-07-16",359.882,NA,""
"2001-07-17",359.882,NA,""
"2001-07-18",356.295,NA,""
"2001-07-19",356.295,NA,""
"2001-07-20",352.721,NA,""
"2001-07-21",352.721,NA,""
"2001-07-22",345.615,NA,""
"2001-07-23",342.082,NA,""
"2001-07-24",338.564,NA,""
"2001-07-25",338.564,NA,""
"2001-07-26",335.059,54.262,"TM/Landsat-5"
"2001-07-27",331.569,NA,""
"2001-07-28",328.092,NA,""
"2001-07-29",324.629,NA,""
"2001-07-30",321.181,NA,""
"2001-07-31",321.181,NA,""
"2001-08-01",321.181,NA,""
"2001-08-02",317.746,NA,""
"2001-08-03",317.746,NA,""
"2001-08-04",310.92,NA,""
"2001-08-05",307.528,NA,""
"2001-08-06",300.787,NA,""
"2001-08-07",297.437,NA,""
"2001-08-08",290.782,NA,""
"2001-08-09",290.782,NA,""
"2001-08-10",284.184,NA,""
"2001-08-11",280.907,50.381,"TM/Landsat-5"
"2001-08-12",277.645,NA,""
"2001-08-13",277.645,NA,""
"2001-08-14",274.397,NA,""
"2001-08-15",271.163,NA,""
"2001-08-16",267.945,NA,""
"2001-08-17",264.741,NA,""
"2001-08-18",264.741,NA,""
"2001-08-19",264.741,NA,""
"2001-08-20",261.551,NA,""
"2001-08-21",258.377,NA,""
"2001-08-22",258.377,NA,""
"2001-08-23",255.217,NA,""
"2001-08-24",252.072,NA,""
"2001-08-25",252.072,NA,""
"2001-08-26",248.943,NA,""
"2001-08-27",248.943,42.763,"TM/Landsat-5"
"2001-08-28",245.828,NA,""
"2001-08-29",245.828,NA,""
"2001-08-30",258.377,NA,""
"2001-08-31",290.782,NA,""
"2001-09-01",314.326,NA,""
"2001-09-02",335.059,NA,""
"2001-09-03",321.181,NA,""
"2001-09-04",314.326,NA,""
"2001-09-05",290.782,NA,""
"2001-09-06",274.397,NA,""
"2001-09-07",261.551,NA,""
"2001-09-08",252.072,NA,""
"2001-09-09",245.828,NA,""
"2001-09-10",239.643,NA,""
"2001-09-11",233.518,NA,""
"2001-09-12",230.479,41.602,"TM/Landsat-5"
"2001-09-13",227.455,NA,""
"2001-09-14",227.455,NA,""
"2001-09-15",221.452,NA,""
"2001-09-16",227.455,NA,""
"2001-09-17",230.479,NA,""
"2001-09-18",233.518,NA,""
"2001-09-19",239.643,NA,""
"2001-09-20",264.741,NA,""
"2001-09-21",294.103,NA,""
"2001-09-22",321.181,NA,""
"2001-09-23",338.564,NA,""
"2001-09-24",317.746,NA,""
"2001-09-25",297.437,NA,""
"2001-09-26",290.782,NA,""
"2001-09-27",304.15,NA,""
"2001-09-28",321.181,NA,""
"2001-09-29",307.528,NA,""
"2001-09-30",321.181,NA,""
"2001-10-01",453.947,NA,""
"2001-10-02",530.887,NA,""
"2001-10-03",469.761,NA,""
"2001-10-04",396.506,NA,""
"2001-10-05",345.615,NA,""
"2001-10-06",314.326,NA,""
"2001-10-07",314.326,NA,""
"2001-10-08",328.092,NA,""
"2001-10-09",342.082,NA,""
"2001-10-10",374.369,NA,""
"2001-10-11",389.073,NA,""
"2001-10-12",352.721,NA,""
"2001-10-13",363.483,NA,""
"2001-10-14",411.533,NA,""
"2001-10-15",419.126,NA,""
"2001-10-16",400.243,NA,""
"2001-10-17",426.772,NA,""
"2001-10-18",502.007,NA,""
"2001-10-19",502.007,NA,""
"2001-10-20",693.547,NA,""
"2001-10-21",812.619,NA,""
"2001-10-22",1033.84,NA,""
"2001-10-23",1007.08,NA,""
"2001-10-24",933.586,NA,""
"2001-10-25",852.228,NA,""
"2001-10-26",802.83,NA,""
"2001-10-27",726.159,NA,""
"2001-10-28",634.513,NA,""
"2001-10-29",564.644,NA,""
"2001-10-30",514.308,NA,""
"2001-10-31",473.747,NA,""
"2001-11-01",434.471,61.54,"ANA"
"2001-11-02",407.756,NA,""
"2001-11-03",396.506,NA,""
"2001-11-04",407.756,NA,""
"2001-11-05",442.222,NA,""
"2001-11-06",518.434,NA,""
"2001-11-07",768.925,NA,""
"2001-11-08",892.553,NA,""
"2001-11-09",832.334,NA,""
"2001-11-10",768.925,NA,""
"2001-11-11",716.783,75.9,"Bayer"
"2001-11-12",745.051,NA,""
"2001-11-13",788.231,NA,""
"2001-11-14",887.474,NA,""
"2001-11-15",882.405,NA,""
"2001-11-16",842.259,NA,""
"2001-11-17",842.259,NA,""
"2001-11-18",912.982,NA,""
"2001-11-19",1121.25,NA,""
"2001-11-20",1280.66,NA,""
"2001-11-21",1269.01,NA,""
"2001-11-22",1286.5,NA,""
"2001-11-23",1217.07,NA,""
"2001-11-24",1171.61,NA,""
"2001-11-25",1126.81,NA,""
"2001-11-26",1017.75,NA,""
"2001-11-27",1423.65,NA,""
"2001-11-28",1528.4,NA,""
"2001-11-29",1429.73,NA,""
"2001-11-30",1274.83,NA,""
"2001-12-01",1263.2,NA,""
"2001-12-02",1345.48,NA,""
"2001-12-03",1866.09,NA,""
"2001-12-04",2009.66,NA,""
"2001-12-05",1906.7,NA,""
"2001-12-06",1879.59,NA,""
"2001-12-07",2058.42,NA,""
"2001-12-08",2200.73,NA,""
"2001-12-09",2379.52,NA,""
"2001-12-10",2572.14,NA,""
"2001-12-11",2616.67,NA,""
"2001-12-12",2466.41,NA,""
"2001-12-13",2167.25,NA,""
"2001-12-14",1988.9,NA,""
"2001-12-15",1975.11,NA,""
"2001-12-16",2457.67,NA,""
"2001-12-17",2760.97,NA,""
"2001-12-18",2889.51,NA,""
"2001-12-19",2945.24,NA,""
"2001-12-20",2982.6,NA,""
"2001-12-21",2963.9,NA,""
"2001-12-22",2973.24,NA,""
"2001-12-23",2973.24,NA,""
"2001-12-24",2982.6,NA,""
"2001-12-25",3076.74,NA,""
"2001-12-26",3171.93,NA,""
"2001-12-27",3287.53,NA,""
"2001-12-28",3248.83,NA,""
"2001-12-29",3191.1,NA,""
"2001-12-30",3171.93,NA,""
"2001-12-31",3210.3,NA,""
"2002-01-01",3258.49,NA,""
"2002-01-02",3345.88,NA,""
"2002-01-03",3424.26,NA,""
"2002-01-04",3503.28,NA,""
"2002-01-05",3643.13,NA,""
"2002-01-06",3734.06,NA,""
"2002-01-07",3643.13,NA,""
"2002-01-08",3414.43,NA,""
"2002-01-09",3152.81,NA,""
"2002-01-10",3076.74,NA,""
"2002-01-11",3143.27,NA,""
"2002-01-12",3191.1,NA,""
"2002-01-13",3287.53,NA,""
"2002-01-14",3453.82,NA,""
"2002-01-15",3939,NA,""
"2002-01-16",4566.08,NA,""
"2002-01-17",4819.43,NA,""
"2002-01-18",4808.31,NA,""
"2002-01-19",4697.65,NA,""
"2002-01-20",4587.91,NA,""
"2002-01-21",4414.28,NA,""
"2002-01-22",4168.93,NA,""
"2002-01-23",3887.4,NA,""
"2002-01-24",3623.03,NA,""
"2002-01-25",3384.99,NA,""
"2002-01-26",3162.37,NA,""
"2002-01-27",2926.62,NA,""
"2002-01-28",2652.48,NA,""
"2002-01-29",2414.14,NA,""
"2002-01-30",2293.76,NA,""
"2002-01-31",2285.24,NA,""
"2002-02-01",2234.4,NA,""
"2002-02-02",2117.37,194.29,"ANA"
"2002-02-03",2051.42,67.709,"TM/Landsat-5"
"2002-02-04",2100.56,NA,""
"2002-02-05",2475.16,NA,""
"2002-02-06",2652.48,NA,""
"2002-02-07",2788.34,NA,""
"2002-02-08",2824.98,NA,""
"2002-02-09",2908.04,NA,""
"2002-02-10",3020.13,NA,""
"2002-02-11",3114.69,NA,""
"2002-02-12",3229.55,NA,""
"2002-02-13",3336.13,NA,""
"2002-02-14",3424.26,NA,""
"2002-02-15",3453.82,NA,""
"2002-02-16",3384.99,NA,""
"2002-02-17",3258.49,NA,""
"2002-02-18",3181.51,NA,""
"2002-02-19",3038.96,NA,""
"2002-02-20",2908.04,NA,""
"2002-02-21",2843.36,NA,""
"2002-02-22",2779.21,NA,""
"2002-02-23",2815.8,NA,""
"2002-02-24",2908.04,NA,""
"2002-02-25",2982.6,NA,""
"2002-02-26",3038.96,NA,""
"2002-02-27",3057.83,NA,""
"2002-02-28",3057.83,NA,""
"2002-03-01",3076.74,NA,""
"2002-03-02",3038.96,NA,""
"2002-03-03",2908.04,NA,""
"2002-03-04",2760.97,NA,""
"2002-03-05",2510.27,NA,""
"2002-03-06",2251.3,NA,""
"2002-03-07",2242.85,NA,""
"2002-03-08",2234.4,NA,""
"2002-03-09",2065.42,NA,""
"2002-03-10",1975.11,NA,""
"2002-03-11",1839.21,NA,""
"2002-03-12",1739.73,NA,""
"2002-03-13",1655.23,NA,""
"2002-03-14",1694.03,NA,""
"2002-03-15",1687.54,NA,""
"2002-03-16",1616.77,NA,""
"2002-03-17",1578.67,NA,""
"2002-03-18",1534.65,NA,""
"2002-03-19",1648.8,NA,""
"2002-03-20",1727.76,NA,""
"2002-03-21",1951.62,NA,""
"2002-03-22",2142.8,NA,""
"2002-03-23",2349.13,NA,""
"2002-03-24",2544.24,NA,""
"2002-03-25",2735.69,NA,""
"2002-03-26",2828.62,NA,""
"2002-03-27",2941.62,NA,""
"2002-03-28",3008.27,NA,""
"2002-03-29",3037.01,NA,""
"2002-03-30",3027.42,NA,""
"2002-03-31",2922.68,NA,""
"2002-04-01",2662.16,NA,""
"2002-04-02",2349.13,NA,""
"2002-04-03",2075.57,NA,""
"2002-04-04",1870.54,NA,""
"2002-04-05",1735.58,NA,""
"2002-04-06",1617.66,NA,""
"2002-04-07",1524.4,NA,""
"2002-04-08",1433.03,105.869,"TM/Landsat-5"
"2002-04-09",1361.32,NA,""
"2002-04-10",1314.21,NA,""
"2002-04-11",1267.66,NA,""
"2002-04-12",1256.11,NA,""
"2002-04-13",1261.88,NA,""
"2002-04-14",1238.86,NA,""
"2002-04-15",1349.49,NA,""
"2002-04-16",1469.35,NA,""
"2002-04-17",1397.02,NA,""
"2002-04-18",1314.21,NA,""
"2002-04-19",1296.69,NA,""
"2002-04-20",1302.52,NA,""
"2002-04-21",1256.11,NA,""
"2002-04-22",1187.58,NA,""
"2002-04-23",1120.36,NA,""
"2002-04-24",1065.36,NA,""
"2002-04-25",1043.62,NA,""
"2002-04-26",1011.3,NA,""
"2002-04-27",974.027,NA,""
"2002-04-28",947.696,NA,""
"2002-04-29",926.807,NA,""
"2002-04-30",906.076,NA,""
"2002-05-01",895.77,NA,""
"2002-05-02",875.278,NA,""
"2002-05-03",865.092,NA,""
"2002-05-04",860.014,NA,""
"2002-05-05",860.014,NA,""
"2002-05-06",844.842,NA,""
"2002-05-07",824.754,NA,""
"2002-05-08",824.754,NA,""
"2002-05-09",834.777,NA,""
"2002-05-10",814.771,46.2,"Bayer"
"2002-05-11",789.995,NA,""
"2002-05-12",775.254,NA,""
"2002-05-13",785.071,NA,""
"2002-05-14",785.071,NA,""
"2002-05-15",760.607,NA,""
"2002-05-16",741.225,NA,""
"2002-05-17",722.013,NA,""
"2002-05-18",707.716,NA,""
"2002-05-19",693.516,NA,""
"2002-05-20",684.103,NA,""
"2002-05-21",670.066,NA,""
"2002-05-22",660.763,180.9,"ANA"
"2002-05-23",651.503,NA,""
"2002-05-24",647.081,NA,""
"2002-05-25",684.103,NA,""
"2002-05-26",736.406,NA,""
"2002-05-27",726.8,NA,""
"2002-05-28",679.413,NA,""
"2002-05-29",647.081,NA,""
"2002-05-30",631.674,NA,""
"2002-05-31",620.2,NA,""
"2002-06-01",608.794,NA,""
"2002-06-02",597.458,NA,""
"2002-06-03",593.695,NA,""
"2002-06-04",589.939,NA,""
"2002-06-05",582.452,NA,""
"2002-06-06",574.997,NA,""
"2002-06-07",567.572,NA,""
"2002-06-08",567.572,NA,""
"2002-06-09",560.18,NA,""
"2002-06-10",552.819,NA,""
"2002-06-11",549.151,NA,""
"2002-06-12",545.491,NA,""
"2002-06-13",538.194,NA,""
"2002-06-14",534.558,NA,""
"2002-06-15",530.93,NA,""
"2002-06-16",523.699,NA,""
"2002-06-17",523.699,NA,""
"2002-06-18",516.5,NA,""
"2002-06-19",509.333,NA,""
"2002-06-20",502.2,NA,""
"2002-06-21",502.2,NA,""
"2002-06-22",495.099,NA,""
"2002-06-23",491.562,NA,""
"2002-06-24",488.032,NA,""
"2002-06-25",484.511,NA,""
"2002-06-26",480.999,NA,""
"2002-06-27",477.495,NA,""
"2002-06-28",473.999,NA,""
"2002-06-29",473.999,NA,""
"2002-06-30",470.511,NA,""
"2002-07-01",467.032,NA,""
"2002-07-02",463.562,NA,""
"2002-07-03",463.562,NA,""
"2002-07-04",460.1,NA,""
"2002-07-05",453.201,NA,""
"2002-07-06",446.337,NA,""
"2002-07-07",442.918,NA,""
"2002-07-08",436.106,NA,""
"2002-07-09",432.713,NA,""
"2002-07-10",429.328,NA,""
"2002-07-11",425.952,NA,""
"2002-07-12",419.227,NA,""
"2002-07-13",429.328,38.305,"TM/Landsat-5"
"2002-07-14",425.952,NA,""
"2002-07-15",425.952,NA,""
"2002-07-16",425.952,NA,""
"2002-07-17",422.586,NA,""
"2002-07-18",415.878,NA,""
"2002-07-19",412.537,NA,""
"2002-07-20",405.883,NA,""
"2002-07-21",405.883,NA,""
"2002-07-22",399.264,NA,""
"2002-07-23",399.264,NA,""
"2002-07-24",399.264,NA,""
"2002-07-25",399.264,NA,""
"2002-07-26",419.227,NA,""
"2002-07-27",512.912,NA,""
"2002-07-28",552.819,NA,""
"2002-07-29",502.2,NA,""
"2002-07-30",456.646,NA,""
"2002-07-31",425.952,NA,""
"2002-08-01",399.264,NA,""
"2002-08-02",395.967,NA,""
"2002-08-03",389.402,NA,""
"2002-08-04",386.133,NA,""
"2002-08-05",379.622,NA,""
"2002-08-06",382.873,NA,""
"2002-08-07",395.967,NA,""
"2002-08-08",399.264,NA,""
"2002-08-09",392.68,NA,""
"2002-08-10",379.622,NA,""
"2002-08-11",369.924,NA,""
"2002-08-12",360.309,NA,""
"2002-08-13",353.944,NA,""
"2002-08-14",347.618,NA,""
"2002-08-15",341.328,NA,""
"2002-08-16",335.077,NA,""
"2002-08-17",331.966,NA,""
"2002-08-18",328.864,NA,""
"2002-08-19",325.771,NA,""
"2002-08-20",319.616,NA,""
"2002-08-21",316.552,NA,""
"2002-08-22",313.498,NA,""
"2002-08-23",310.454,NA,""
"2002-08-24",307.42,NA,""
"2002-08-25",304.395,NA,""
"2002-08-26",304.395,NA,""
"2002-08-27",301.381,NA,""
"2002-08-28",301.381,NA,""
"2002-08-29",298.376,NA,""
"2002-08-30",295.381,44.882,"TM/Landsat-5"
"2002-08-31",292.396,NA,""
"2002-09-01",289.421,NA,""
"2002-09-02",289.421,NA,""
"2002-09-03",298.376,NA,""
"2002-09-04",313.498,NA,""
"2002-09-05",322.689,NA,""
"2002-09-06",319.616,NA,""
"2002-09-07",316.552,NA,""
"2002-09-08",304.395,NA,""
"2002-09-09",304.395,NA,""
"2002-09-10",301.381,NA,""
"2002-09-11",298.376,NA,""
"2002-09-12",307.42,NA,""
"2002-09-13",316.552,NA,""
"2002-09-14",304.395,NA,""
"2002-09-15",295.381,NA,""
"2002-09-16",289.421,NA,""
"2002-09-17",280.556,NA,""
"2002-09-18",274.696,NA,""
"2002-09-19",271.782,NA,""
"2002-09-20",268.877,NA,""
"2002-09-21",268.877,NA,""
"2002-09-22",268.877,NA,""
"2002-09-23",268.877,NA,""
"2002-09-24",280.556,NA,""
"2002-09-25",289.421,NA,""
"2002-09-26",292.396,NA,""
"2002-09-27",292.396,37.83,"ANA"
"2002-09-28",301.381,NA,""
"2002-09-29",310.454,NA,""
"2002-09-30",307.42,NA,""
"2002-10-01",301.381,NA,""
"2002-10-02",289.421,NA,""
"2002-10-03",274.696,NA,""
"2002-10-04",263.1,NA,""
"2002-10-05",268.877,NA,""
"2002-10-06",268.877,NA,""
"2002-10-07",283.501,NA,""
"2002-10-08",292.396,NA,""
"2002-10-09",289.421,NA,""
"2002-10-10",286.456,NA,""
"2002-10-11",286.456,NA,""
"2002-10-12",283.501,NA,""
"2002-10-13",286.456,NA,""
"2002-10-14",283.501,NA,""
"2002-10-15",271.782,NA,""
"2002-10-16",263.1,NA,""
"2002-10-17",257.363,NA,""
"2002-10-18",260.226,NA,""
"2002-10-19",283.501,NA,""
"2002-10-20",304.395,NA,""
"2002-10-21",328.864,NA,""
"2002-10-22",353.944,NA,""
"2002-10-23",341.328,NA,""
"2002-10-24",316.552,NA,""
"2002-10-25",316.552,NA,""
"2002-10-26",316.552,NA,""
"2002-10-27",335.077,NA,""
"2002-10-28",341.328,NA,""
"2002-10-29",325.771,NA,""
"2002-10-30",310.454,NA,""
"2002-10-31",338.198,NA,""
"2002-11-01",363.504,NA,""
"2002-11-02",366.71,NA,""
"2002-11-03",439.508,NA,""
"2002-11-04",586.192,NA,""
"2002-11-05",627.842,NA,""
"2002-11-06",616.39,NA,""
"2002-11-07",593.695,NA,""
"2002-11-08",670.066,NA,""
"2002-11-09",693.516,NA,""
"2002-11-10",674.734,NA,""
"2002-11-11",620.2,NA,""
"2002-11-12",530.93,NA,""
"2002-11-13",456.646,NA,""
"2002-11-14",412.537,NA,""
"2002-11-15",425.952,NA,""
"2002-11-16",456.646,NA,""
"2002-11-17",516.5,NA,""
"2002-11-18",534.558,NA,""
"2002-11-19",495.099,NA,""
"2002-11-20",460.1,NA,""
"2002-11-21",463.562,NA,""
"2002-11-22",460.1,NA,""
"2002-11-23",456.646,NA,""
"2002-11-24",453.201,NA,""
"2002-11-25",446.337,NA,""
"2002-11-26",422.586,NA,""
"2002-11-27",409.206,NA,""
"2002-11-28",425.952,NA,""
"2002-11-29",412.537,NA,""
"2002-11-30",405.883,NA,""
"2002-12-01",392.68,NA,""
"2002-12-02",376.38,NA,""
"2002-12-03",379.622,NA,""
"2002-12-04",419.227,NA,""
"2002-12-05",429.328,NA,""
"2002-12-06",456.646,NA,""
"2002-12-07",480.999,NA,""
"2002-12-08",480.999,NA,""
"2002-12-09",456.646,NA,""
"2002-12-10",412.537,NA,""
"2002-12-11",379.622,NA,""
"2002-12-12",409.206,NA,""
"2002-12-13",574.997,NA,""
"2002-12-14",854.947,NA,""
"2002-12-15",1027.42,NA,""
"2002-12-16",1087.24,NA,""
"2002-12-17",1120.36,NA,""
"2002-12-18",1221.68,NA,""
"2002-12-19",1320.07,NA,""
"2002-12-20",1187.58,NA,""
"2002-12-21",1000.6,NA,""
"2002-12-22",895.77,NA,""
"2002-12-23",870.18,NA,""
"2002-12-24",809.795,NA,""
"2002-12-25",755.746,NA,""
"2002-12-26",707.716,NA,""
"2002-12-27",665.409,NA,""
"2002-12-28",660.763,NA,""
"2002-12-29",731.598,NA,""
"2002-12-30",895.77,NA,""
"2002-12-31",1081.76,NA,""
"2003-01-01",1043.62,NA,""
"2003-01-02",968.741,NA,""
"2003-01-03",984.628,NA,""
"2003-01-04",984.628,NA,""
"2003-01-05",979.322,NA,""
"2003-01-06",1092.74,NA,""
"2003-01-07",1273.45,NA,""
"2003-01-08",1302.52,NA,""
"2003-01-09",1233.13,NA,""
"2003-01-10",1227.4,NA,""
"2003-01-11",1481.53,NA,""
"2003-01-12",1512.11,NA,""
"2003-01-13",1408.99,NA,""
"2003-01-14",1250.35,NA,""
"2003-01-15",1098.24,NA,""
"2003-01-16",1142.62,NA,""
"2003-01-17",1267.66,NA,""
"2003-01-18",1320.07,NA,""
"2003-01-19",1518.25,NA,""
"2003-01-20",1649.16,NA,""
"2003-01-21",1623.94,NA,""
"2003-01-22",1790.71,NA,""
"2003-01-23",2499.4,NA,""
"2003-01-24",2726.46,NA,""
"2003-01-25",2847.34,NA,""
"2003-01-26",2941.62,NA,""
"2003-01-27",3008.27,NA,""
"2003-01-28",2998.72,NA,""
"2003-01-29",2970.12,NA,""
"2003-01-30",2970.12,NA,""
"2003-01-31",3017.84,NA,""
"2003-02-01",3094.77,NA,""
"2003-02-02",3172.39,NA,""
"2003-02-03",3250.71,NA,""
"2003-02-04",3270.4,NA,""
"2003-02-05",3191.91,NA,""
"2003-02-06",2998.72,NA,""
"2003-02-07",2782.02,NA,""
"2003-02-08",2643.89,NA,""
"2003-02-09",2726.46,NA,""
"2003-02-10",2847.34,NA,""
"2003-02-11",2866.11,NA,""
"2003-02-12",2680.48,NA,""
"2003-02-13",2375.4,NA,""
"2003-02-14",2100.69,NA,""
"2003-02-15",1927.16,NA,""
"2003-02-16",1862.5,NA,""
"2003-02-17",2227.94,NA,""
"2003-02-18",2562.25,NA,""
"2003-02-19",2671.31,NA,""
"2003-02-20",2772.73,NA,""
"2003-02-21",2875.51,NA,""
"2003-02-22",2913.22,NA,""
"2003-02-23",2828.62,NA,""
"2003-02-24",2782.02,NA,""
"2003-02-25",2791.32,NA,""
"2003-02-26",2717.24,NA,""
"2003-02-27",2598.42,NA,""
"2003-02-28",2401.78,NA,""
"2003-03-01",2134.36,NA,""
"2003-03-02",1927.16,NA,""
"2003-03-03",1854.47,NA,""
"2003-03-04",1759.13,NA,""
"2003-03-05",1790.71,NA,""
"2003-03-06",1886.65,NA,""
"2003-03-07",1814.52,104,"Aquino"
"2003-03-08",1743.42,NA,""
"2003-03-09",1605.12,NA,""
"2003-03-10",1518.25,NA,""
"2003-03-11",1499.85,NA,""
"2003-03-12",1630.24,NA,""
"2003-03-13",1870.54,NA,""
"2003-03-14",2202.27,NA,""
"2003-03-15",2366.63,NA,""
"2003-03-16",2288.24,NA,""
"2003-03-17",2236.51,NA,""
"2003-03-18",2092.31,NA,""
"2003-03-19",2142.8,NA,""
"2003-03-20",2526.27,NA,""
"2003-03-21",2754.19,NA,""
"2003-03-22",2791.32,NA,""
"2003-03-23",2671.31,NA,""
"2003-03-24",2680.48,NA,""
"2003-03-25",2726.46,NA,""
"2003-03-26",2772.73,NA,""
"2003-03-27",2828.62,NA,""
"2003-03-28",2847.34,NA,""
"2003-03-29",2941.62,NA,""
"2003-03-30",3017.84,NA,""
"2003-03-31",2989.17,NA,""
"2003-04-01",2828.62,NA,""
"2003-04-02",2662.16,NA,""
"2003-04-03",2508.34,NA,""
"2003-04-04",2445.98,NA,""
"2003-04-05",2410.59,NA,""
"2003-04-06",2340.39,NA,""
"2003-04-07",2331.67,NA,""
"2003-04-08",2445.98,NA,""
"2003-04-09",2375.4,NA,""
"2003-04-10",2151.26,NA,""
"2003-04-11",2083.93,NA,""
"2003-04-12",2202.27,NA,""
"2003-04-13",2580.31,NA,""
"2003-04-14",2662.16,NA,""
"2003-04-15",2535.25,NA,""
"2003-04-16",2236.51,NA,""
"2003-04-17",1976.19,NA,""
"2003-04-18",1830.46,NA,""
"2003-04-19",1806.57,NA,""
"2003-04-20",1759.13,NA,""
"2003-04-21",1735.58,NA,""
"2003-04-22",1790.71,NA,""
"2003-04-23",1951.62,NA,""
"2003-04-24",1886.65,NA,""
"2003-04-25",1668.16,NA,""
"2003-04-26",1518.25,NA,""
"2003-04-27",1408.99,NA,""
"2003-04-28",1325.94,NA,""
"2003-04-29",1267.66,NA,""
"2003-04-30",1210.28,NA,""
"2003-05-01",1165.03,NA,""
"2003-05-02",1131.47,NA,""
"2003-05-03",1087.24,NA,""
"2003-05-04",1059.91,NA,""
"2003-05-05",1027.42,NA,""
"2003-05-06",1000.6,NA,""
"2003-05-07",989.942,NA,""
"2003-05-08",995.267,NA,""
"2003-05-09",1000.6,NA,""
"2003-05-10",968.741,NA,""
"2003-05-11",937.232,NA,""
"2003-05-12",906.076,NA,""
"2003-05-13",890.632,NA,""
"2003-05-14",875.278,NA,""
"2003-05-15",865.092,NA,""
"2003-05-16",854.947,NA,""
"2003-05-17",844.842,NA,""
"2003-05-18",834.777,NA,""
"2003-05-19",814.771,NA,""
"2003-05-20",804.83,NA,""
"2003-05-21",789.995,NA,""
"2003-05-22",775.254,NA,""
"2003-05-23",760.607,NA,""
"2003-05-24",746.055,NA,""
"2003-05-25",741.225,NA,""
"2003-05-26",760.607,NA,""
"2003-05-27",834.777,NA,""
"2003-05-28",895.77,NA,""
"2003-05-29",937.232,NA,""
"2003-05-30",849.889,NA,""
"2003-05-31",789.995,NA,""
"2003-06-01",755.746,NA,""
"2003-06-02",731.598,NA,""
"2003-06-03",717.237,NA,""
"2003-06-04",698.238,NA,""
"2003-06-05",698.238,NA,""
"2003-06-06",688.804,NA,""
"2003-06-07",679.413,NA,""
"2003-06-08",670.066,NA,""
"2003-06-09",660.763,NA,""
"2003-06-10",656.127,NA,""
"2003-06-11",643.218,NA,""
"2003-06-12",635.515,NA,""
"2003-06-13",627.842,NA,""
"2003-06-14",612.588,NA,""
"2003-06-15",605.008,NA,""
"2003-06-16",597.458,NA,""
"2003-06-17",593.695,NA,""
"2003-06-18",586.192,NA,""
"2003-06-19",582.452,NA,""
"2003-06-20",574.997,NA,""
"2003-06-21",567.572,NA,""
"2003-06-22",560.18,NA,""
"2003-06-23",560.18,NA,""
"2003-06-24",552.819,NA,""
"2003-06-25",545.491,NA,""
"2003-06-26",545.491,NA,""
"2003-06-27",538.194,NA,""
"2003-06-28",534.558,NA,""
"2003-06-29",530.93,NA,""
"2003-06-30",523.699,NA,""
"2003-07-01",523.699,NA,""
"2003-07-02",516.5,NA,""
"2003-07-03",516.5,NA,""
"2003-07-04",509.333,NA,""
"2003-07-05",502.2,NA,""
"2003-07-06",498.646,NA,""
"2003-07-07",495.099,NA,""
"2003-07-08",491.562,NA,""
"2003-07-09",488.032,NA,""
"2003-07-10",488.032,NA,""
"2003-07-11",484.511,NA,""
"2003-07-12",480.999,NA,""
"2003-07-13",477.495,NA,""
"2003-07-14",473.999,NA,""
"2003-07-15",467.032,NA,""
"2003-07-16",467.032,54.591,"TM/Landsat-5"
"2003-07-17",467.032,NA,""
"2003-07-18",463.562,NA,""
"2003-07-19",460.1,NA,""
"2003-07-20",453.201,NA,""
"2003-07-21",449.765,NA,""
"2003-07-22",446.337,NA,""
"2003-07-23",439.508,NA,""
"2003-07-24",436.106,NA,""
"2003-07-25",432.713,NA,""
"2003-07-26",425.952,NA,""
"2003-07-27",422.586,NA,""
"2003-07-28",419.227,NA,""
"2003-07-29",415.878,NA,""
"2003-07-30",412.537,NA,""
"2003-07-31",409.206,NA,""
"2003-08-01",405.883,53.57,"TM/Landsat-5"
"2003-08-02",399.264,NA,""
"2003-08-03",399.264,NA,""
"2003-08-04",392.68,NA,""
"2003-08-05",392.68,NA,""
"2003-08-06",389.402,NA,""
"2003-08-07",386.133,NA,""
"2003-08-08",382.873,NA,""
"2003-08-09",379.622,NA,""
"2003-08-10",376.38,NA,""
"2003-08-11",373.147,NA,""
"2003-08-12",369.924,NA,""
"2003-08-13",366.71,NA,""
"2003-08-14",366.71,NA,""
"2003-08-15",366.71,NA,""
"2003-08-16",360.309,NA,""
"2003-08-17",353.944,58.559,"TM/Landsat-5"
"2003-08-18",353.944,NA,""
"2003-08-19",347.618,NA,""
"2003-08-20",347.618,NA,""
"2003-08-21",347.618,NA,""
"2003-08-22",347.618,NA,""
"2003-08-23",347.618,NA,""
"2003-08-24",341.328,NA,""
"2003-08-25",338.198,NA,""
"2003-08-26",335.077,NA,""
"2003-08-27",331.966,NA,""
"2003-08-28",328.864,NA,""
"2003-08-29",322.689,NA,""
"2003-08-30",322.689,NA,""
"2003-08-31",322.689,NA,""
"2003-09-01",328.864,21.7,"Bayer"
"2003-09-02",328.864,NA,""
"2003-09-03",322.689,NA,""
"2003-09-04",322.689,NA,""
"2003-09-05",325.771,NA,""
"2003-09-06",328.864,NA,""
"2003-09-07",328.864,NA,""
"2003-09-08",322.689,NA,""
"2003-09-09",322.689,NA,""
"2003-09-10",316.552,27.57,"ANA"
"2003-09-11",310.454,NA,""
"2003-09-12",304.395,NA,""
"2003-09-13",298.376,NA,""
"2003-09-14",298.376,NA,""
"2003-09-15",304.395,NA,""
"2003-09-16",304.395,NA,""
"2003-09-17",304.395,NA,""
"2003-09-18",304.395,NA,""
"2003-09-19",298.376,NA,""
"2003-09-20",298.376,NA,""
"2003-09-21",301.381,NA,""
"2003-09-22",304.395,NA,""
"2003-09-23",310.454,NA,""
"2003-09-24",304.395,NA,""
"2003-09-25",295.381,NA,""
"2003-09-26",286.456,NA,""
"2003-09-27",280.556,NA,""
"2003-09-28",274.696,NA,""
"2003-09-29",268.877,NA,""
"2003-09-30",265.983,NA,""
"2003-10-01",271.782,NA,""
"2003-10-02",286.456,NA,""
"2003-10-03",301.381,NA,""
"2003-10-04",316.552,40.005,"TM/Landsat-5"
"2003-10-05",338.198,NA,""
"2003-10-06",335.077,NA,""
"2003-10-07",316.552,NA,""
"2003-10-08",304.395,NA,""
"2003-10-09",307.42,NA,""
"2003-10-10",328.864,NA,""
"2003-10-11",353.944,NA,""
"2003-10-12",353.944,NA,""
"2003-10-13",341.328,NA,""
"2003-10-14",353.944,NA,""
"2003-10-15",412.537,NA,""
"2003-10-16",453.201,NA,""
"2003-10-17",432.713,NA,""
"2003-10-18",382.873,NA,""
"2003-10-19",347.618,NA,""
"2003-10-20",325.771,51.713,"TM/Landsat-5"
"2003-10-21",307.42,NA,""
"2003-10-22",298.376,NA,""
"2003-10-23",286.456,NA,""
"2003-10-24",277.621,NA,""
"2003-10-25",277.621,NA,""
"2003-10-26",298.376,NA,""
"2003-10-27",341.328,NA,""
"2003-10-28",366.71,NA,""
"2003-10-29",353.944,NA,""
"2003-10-30",353.944,NA,""
"2003-10-31",353.944,NA,""
"2003-11-01",405.883,NA,""
"2003-11-02",467.032,NA,""
"2003-11-03",530.93,NA,""
"2003-11-04",593.695,NA,""
"2003-11-05",679.413,NA,""
"2003-11-06",736.406,NA,""
"2003-11-07",674.734,NA,""
"2003-11-08",608.794,NA,""
"2003-11-09",620.2,NA,""
"2003-11-10",582.452,NA,""
"2003-11-11",530.93,NA,""
"2003-11-12",480.999,NA,""
"2003-11-13",432.713,NA,""
"2003-11-14",405.883,NA,""
"2003-11-15",402.569,NA,""
"2003-11-16",425.952,NA,""
"2003-11-17",439.508,NA,""
"2003-11-18",467.032,NA,""
"2003-11-19",502.2,NA,""
"2003-11-20",502.2,NA,""
"2003-11-21",516.5,NA,""
"2003-11-22",516.5,NA,""
"2003-11-23",593.695,NA,""
"2003-11-24",688.804,NA,""
"2003-11-25",651.503,NA,""
"2003-11-26",571.281,NA,""
"2003-11-27",512.912,NA,""
"2003-11-28",502.2,NA,""
"2003-11-29",502.2,NA,""
"2003-11-30",502.2,NA,""
"2003-12-01",509.333,NA,""
"2003-12-02",512.912,NA,""
"2003-12-03",620.2,NA,""
"2003-12-04",875.278,NA,""
"2003-12-05",1109.28,NA,""
"2003-12-06",1109.28,NA,""
"2003-12-07",1011.3,NA,""
"2003-12-08",1076.28,NA,""
"2003-12-09",1221.68,NA,""
"2003-12-10",1256.11,NA,""
"2003-12-11",1331.81,NA,""
"2003-12-12",1712.15,NA,""
"2003-12-13",1630.24,NA,""
"2003-12-14",1349.49,NA,""
"2003-12-15",942.459,NA,""
"2003-12-16",693.516,NA,""
"2003-12-17",593.695,NA,""
"2003-12-18",612.588,NA,""
"2003-12-19",702.972,NA,""
"2003-12-20",870.18,NA,""
"2003-12-21",989.942,NA,""
"2003-12-22",1159.41,NA,""
"2003-12-23",1227.4,NA,""
"2003-12-24",1092.74,NA,""
"2003-12-25",1011.3,NA,""
"2003-12-26",984.628,NA,""
"2003-12-27",854.947,NA,""
"2003-12-28",712.471,NA,""
"2003-12-29",608.794,NA,""
"2003-12-30",567.572,NA,""
"2003-12-31",534.558,NA,""
"2004-01-01",505.762,NA,""
"2004-01-02",523.699,NA,""
"2004-01-03",605.008,NA,""
"2004-01-04",870.18,NA,""
"2004-01-05",1159.41,NA,""
"2004-01-06",1308.36,NA,""
"2004-01-07",1499.85,NA,""
"2004-01-08",1636.54,NA,""
"2004-01-09",1561.48,NA,""
"2004-01-10",1704.37,NA,""
"2004-01-11",1894.73,NA,""
"2004-01-12",1935.3,NA,""
"2004-01-13",2109.09,NA,""
"2004-01-14",2314.26,NA,""
"2004-01-15",2535.25,NA,""
"2004-01-16",2847.34,NA,""
"2004-01-17",2754.19,NA,""
"2004-01-18",2349.13,NA,""
"2004-01-19",2050.56,NA,""
"2004-01-20",1910.92,NA,""
"2004-01-21",2134.36,NA,""
"2004-01-22",2526.27,NA,""
"2004-01-23",3017.84,NA,""
"2004-01-24",3300.02,NA,""
"2004-01-25",3807.66,NA,""
"2004-01-26",4167.68,NA,""
"2004-01-27",4450.88,NA,""
"2004-01-28",4808.62,NA,""
"2004-01-29",4539.38,NA,""
"2004-01-30",3965.04,NA,""
"2004-01-31",3570.87,NA,""
"2004-02-01",3530.26,NA,""
"2004-02-02",3591.24,NA,""
"2004-02-03",3704.03,NA,""
"2004-02-04",3880.81,NA,""
"2004-02-05",4461.91,NA,""
"2004-02-06",4617.32,NA,""
"2004-02-07",4060.57,NA,""
"2004-02-08",3735.01,NA,""
"2004-02-09",4156.93,NA,""
"2004-02-10",5269.74,NA,""
"2004-02-11",6137.68,NA,""
"2004-02-12",6551.32,NA,""
"2004-02-13",6602.12,NA,""
"2004-02-14",6112.92,NA,""
"2004-02-15",6224.6,NA,""
"2004-02-16",6224.6,NA,""
"2004-02-17",5855.21,NA,""
"2004-02-18",5060.34,NA,""
"2004-02-19",3859.86,NA,""
"2004-02-20",3065.84,NA,""
"2004-02-21",3319.81,NA,""
"2004-02-22",3933.38,NA,""
"2004-02-23",4650.88,NA,""
"2004-02-24",6437.54,NA,""
"2004-02-25",7328.15,NA,""
"2004-02-26",7661.07,NA,""
"2004-02-27",7782.24,NA,""
"2004-02-28",7931.26,NA,""
"2004-02-29",6249.52,NA,""
"2004-03-01",4528.28,NA,""
"2004-03-02",5234.63,NA,""
"2004-03-03",4797.29,NA,""
"2004-03-04",4352.09,NA,""
"2004-03-05",3943.92,NA,""
"2004-03-06",3611.65,NA,""
"2004-03-07",3389.44,NA,""
"2004-03-08",3270.4,NA,""
"2004-03-09",3250.71,NA,""
"2004-03-10",3260.55,NA,""
"2004-03-11",3231.07,NA,""
"2004-03-12",3085.11,191.497,"TM/Landsat-5"
"2004-03-13",2866.11,NA,""
"2004-03-14",2643.89,NA,""
"2004-03-15",2499.4,NA,""
"2004-03-16",2517.3,NA,""
"2004-03-17",2580.31,NA,""
"2004-03-18",2680.48,NA,""
"2004-03-19",2735.69,NA,""
"2004-03-20",2772.73,NA,""
"2004-03-21",2837.98,NA,""
"2004-03-22",3037.01,NA,""
"2004-03-23",3191.91,NA,""
"2004-03-24",3250.71,NA,""
"2004-03-25",3290.14,NA,""
"2004-03-26",3359.54,NA,""
"2004-03-27",3250.71,NA,""
"2004-03-28",3065.84,197.299,"TM/Landsat-5"
"2004-03-29",2772.73,NA,""
"2004-03-30",2472.63,NA,""
"2004-03-31",2262.32,NA,""
"2004-04-01",2168.22,NA,""
"2004-04-02",2050.56,NA,""
"2004-04-03",1838.45,NA,""
"2004-04-04",1822.49,NA,""
"2004-04-05",1919.04,NA,""
"2004-04-06",1774.89,NA,""
"2004-04-07",1649.16,NA,""
"2004-04-08",1680.86,NA,""
"2004-04-09",1806.57,NA,""
"2004-04-10",1846.45,NA,""
"2004-04-11",1806.57,NA,""
"2004-04-12",1774.89,NA,""
"2004-04-13",1814.52,NA,""
"2004-04-14",1743.42,NA,""
"2004-04-15",1886.65,NA,""
"2004-04-16",2083.93,NA,""
"2004-04-17",2050.56,NA,""
"2004-04-18",1902.82,NA,""
"2004-04-19",1759.13,NA,""
"2004-04-20",1611.38,NA,""
"2004-04-21",1493.73,NA,""
"2004-04-22",1420.99,NA,""
"2004-04-23",1373.19,NA,""
"2004-04-24",1337.7,NA,""
"2004-04-25",1302.52,NA,""
"2004-04-26",1256.11,NA,""
"2004-04-27",1233.13,NA,""
"2004-04-28",1233.13,NA,""
"2004-04-29",1204.59,121.896,"TM/Landsat-5"
"2004-04-30",1210.28,NA,""
"2004-05-01",1215.98,NA,""
"2004-05-02",1221.68,NA,""
"2004-05-03",1187.58,NA,""
"2004-05-04",1170.65,NA,""
"2004-05-05",1165.03,NA,""
"2004-05-06",1098.24,NA,""
"2004-05-07",1049.04,NA,""
"2004-05-08",1027.42,NA,""
"2004-05-09",1027.42,NA,""
"2004-05-10",1043.62,NA,""
"2004-05-11",1016.66,NA,""
"2004-05-12",984.628,NA,""
"2004-05-13",968.741,NA,""
"2004-05-14",947.696,NA,""
"2004-05-15",937.232,NA,""
"2004-05-16",984.628,NA,""
"2004-05-17",1043.62,NA,""
"2004-05-18",1065.36,NA,""
"2004-05-19",989.942,NA,""
"2004-05-20",937.232,NA,""
"2004-05-21",906.076,NA,""
"2004-05-22",880.386,NA,""
"2004-05-23",865.092,NA,""
"2004-05-24",854.947,NA,""
"2004-05-25",854.947,NA,""
"2004-05-26",844.842,NA,""
"2004-05-27",824.754,NA,""
"2004-05-28",804.83,NA,""
"2004-05-29",785.071,NA,""
"2004-05-30",770.361,NA,""
"2004-05-31",755.746,68.571,"TM/Landsat-5"
"2004-06-01",746.055,NA,""
"2004-06-02",736.406,NA,""
"2004-06-03",736.406,NA,""
"2004-06-04",726.8,NA,""
"2004-06-05",726.8,NA,""
"2004-06-06",717.237,NA,""
"2004-06-07",717.237,NA,""
"2004-06-08",717.237,NA,""
"2004-06-09",707.716,NA,""
"2004-06-10",688.804,NA,""
"2004-06-11",674.734,NA,""
"2004-06-12",665.409,NA,""
"2004-06-13",656.127,NA,""
"2004-06-14",643.218,NA,""
"2004-06-15",639.363,NA,""
"2004-06-16",635.515,61.294,"TM/Landsat-5"
"2004-06-17",631.674,NA,""
"2004-06-18",627.842,NA,""
"2004-06-19",620.2,NA,""
"2004-06-20",620.2,NA,""
"2004-06-21",608.794,NA,""
"2004-06-22",601.229,NA,""
"2004-06-23",593.695,NA,""
"2004-06-24",589.939,NA,""
"2004-06-25",582.452,NA,""
"2004-06-26",582.452,NA,""
"2004-06-27",574.997,NA,""
"2004-06-28",574.997,NA,""
"2004-06-29",567.572,NA,""
"2004-06-30",560.18,NA,""
"2004-07-01",552.819,NA,""
"2004-07-02",545.491,51.68,"TM/Landsat-5"
"2004-07-03",545.491,NA,""
"2004-07-04",545.491,NA,""
"2004-07-05",538.194,NA,""
"2004-07-06",530.93,NA,""
"2004-07-07",530.93,NA,""
"2004-07-08",523.699,NA,""
"2004-07-09",516.5,NA,""
"2004-07-10",512.912,NA,""
"2004-07-11",512.912,NA,""
"2004-07-12",523.699,NA,""
"2004-07-13",549.151,NA,""
"2004-07-14",574.997,44.5,"Bayer"
"2004-07-15",574.997,NA,""
"2004-07-16",556.496,NA,""
"2004-07-17",541.839,NA,""
"2004-07-18",530.93,56.248,"TM/Landsat-5"
"2004-07-19",527.31,NA,""
"2004-07-20",516.5,NA,""
"2004-07-21",502.2,NA,""
"2004-07-22",495.099,NA,""
"2004-07-23",491.562,NA,""
"2004-07-24",480.999,NA,""
"2004-07-25",473.999,NA,""
"2004-07-26",470.511,NA,""
"2004-07-27",460.1,NA,""
"2004-07-28",453.201,NA,""
"2004-07-29",453.201,NA,""
"2004-07-30",446.337,NA,""
"2004-07-31",439.508,NA,""
"2004-08-01",439.508,NA,""
"2004-08-02",436.106,NA,""
"2004-08-03",432.713,46.798,"TM/Landsat-5"
"2004-08-04",432.713,NA,""
"2004-08-05",432.713,NA,""
"2004-08-06",429.328,NA,""
"2004-08-07",425.952,NA,""
"2004-08-08",419.227,NA,""
"2004-08-09",412.537,NA,""
"2004-08-10",405.883,NA,""
"2004-08-11",399.264,NA,""
"2004-08-12",399.264,NA,""
"2004-08-13",392.68,NA,""
"2004-08-14",392.68,NA,""
"2004-08-15",389.402,NA,""
"2004-08-16",386.133,NA,""
"2004-08-17",382.873,NA,""
"2004-08-18",379.622,NA,""
"2004-08-19",373.147,46.768,"TM/Landsat-5"
"2004-08-20",369.924,NA,""
"2004-08-21",366.71,NA,""
"2004-08-22",366.71,NA,""
"2004-08-23",363.504,NA,""
"2004-08-24",360.309,NA,""
"2004-08-25",353.944,NA,""
"2004-08-26",353.944,NA,""
"2004-08-27",350.776,NA,""
"2004-08-28",347.618,NA,""
"2004-08-29",344.468,NA,""
"2004-08-30",341.328,NA,""
"2004-08-31",335.077,NA,""
"2004-09-01",335.077,NA,""
"2004-09-02",328.864,NA,""
"2004-09-03",328.864,NA,""
"2004-09-04",322.689,47.732,"TM/Landsat-5"
"2004-09-05",319.616,NA,""
"2004-09-06",316.552,NA,""
"2004-09-07",310.454,NA,""
"2004-09-08",307.42,NA,""
"2004-09-09",304.395,NA,""
"2004-09-10",298.376,NA,""
"2004-09-11",295.381,NA,""
"2004-09-12",292.396,NA,""
"2004-09-13",289.421,NA,""
"2004-09-14",286.456,NA,""
"2004-09-15",283.501,NA,""
"2004-09-16",280.556,NA,""
"2004-09-17",280.556,NA,""
"2004-09-18",280.556,NA,""
"2004-09-19",283.501,NA,""
"2004-09-20",289.421,NA,""
"2004-09-21",292.396,NA,""
"2004-09-22",298.376,NA,""
"2004-09-23",292.396,NA,""
"2004-09-24",289.421,NA,""
"2004-09-25",283.501,NA,""
"2004-09-26",280.556,NA,""
"2004-09-27",274.696,NA,""
"2004-09-28",283.501,NA,""
"2004-09-29",280.556,NA,""
"2004-09-30",274.696,NA,""
"2004-10-01",274.696,NA,""
"2004-10-02",268.877,NA,""
"2004-10-03",263.1,NA,""
"2004-10-04",263.1,NA,""
"2004-10-05",263.1,20.7,"ANA"
"2004-10-06",265.983,43.71,"TM/Landsat-5"
"2004-10-07",268.877,NA,""
"2004-10-08",271.782,NA,""
"2004-10-09",274.696,NA,""
"2004-10-10",274.696,NA,""
"2004-10-11",268.877,NA,""
"2004-10-12",265.983,NA,""
"2004-10-13",257.363,NA,""
"2004-10-14",263.1,NA,""
"2004-10-15",289.421,NA,""
"2004-10-16",307.42,NA,""
"2004-10-17",322.689,NA,""
"2004-10-18",335.077,NA,""
"2004-10-19",360.309,NA,""
"2004-10-20",382.873,NA,""
"2004-10-21",373.147,NA,""
"2004-10-22",366.71,NA,""
"2004-10-23",373.147,NA,""
"2004-10-24",347.618,NA,""
"2004-10-25",353.944,NA,""
"2004-10-26",366.71,NA,""
"2004-10-27",392.68,NA,""
"2004-10-28",402.569,NA,""
"2004-10-29",429.328,NA,""
"2004-10-30",484.511,NA,""
"2004-10-31",509.333,NA,""
"2004-11-01",495.099,NA,""
"2004-11-02",446.337,NA,""
"2004-11-03",419.227,NA,""
"2004-11-04",412.537,NA,""
"2004-11-05",432.713,NA,""
"2004-11-06",446.337,NA,""
"2004-11-07",415.878,NA,""
"2004-11-08",412.537,NA,""
"2004-11-09",453.201,NA,""
"2004-11-10",495.099,NA,""
"2004-11-11",502.2,NA,""
"2004-11-12",549.151,NA,""
"2004-11-13",509.333,NA,""
"2004-11-14",480.999,NA,""
"2004-11-15",586.192,NA,""
"2004-11-16",631.674,NA,""
"2004-11-17",601.229,NA,""
"2004-11-18",635.515,NA,""
"2004-11-19",670.066,NA,""
"2004-11-20",814.771,NA,""
"2004-11-21",875.278,NA,""
"2004-11-22",804.83,NA,""
"2004-11-23",707.716,NA,""
"2004-11-24",605.008,NA,""
"2004-11-25",530.93,NA,""
"2004-11-26",470.511,NA,""
"2004-11-27",425.952,NA,""
"2004-11-28",392.68,NA,""
"2004-11-29",373.147,NA,""
"2004-11-30",386.133,NA,""
"2004-12-01",415.878,NA,""
"2004-12-02",578.721,NA,""
"2004-12-03",684.103,NA,""
"2004-12-04",679.413,NA,""
"2004-12-05",693.516,NA,""
"2004-12-06",870.18,NA,""
"2004-12-07",794.93,NA,""
"2004-12-08",670.066,NA,""
"2004-12-09",574.997,164.87,"TM/Landsat-5"
"2004-12-10",545.491,NA,""
"2004-12-11",495.099,NA,""
"2004-12-12",488.032,NA,""
"2004-12-13",520.095,NA,""
"2004-12-14",620.2,NA,""
"2004-12-15",717.237,NA,""
"2004-12-16",688.804,NA,""
"2004-12-17",627.842,NA,""
"2004-12-18",560.18,NA,""
"2004-12-19",509.333,NA,""
"2004-12-20",530.93,NA,""
"2004-12-21",616.39,NA,""
"2004-12-22",906.076,NA,""
"2004-12-23",974.027,NA,""
"2004-12-24",1087.24,NA,""
"2004-12-25",1233.13,NA,""
"2004-12-26",1397.02,NA,""
"2004-12-27",1567.69,NA,""
"2004-12-28",1727.76,NA,""
"2004-12-29",1798.63,NA,""
"2004-12-30",1984.4,NA,""
"2004-12-31",2202.27,NA,""
"2005-01-01",2419.42,NA,""
"2005-01-02",2349.13,NA,""
"2005-01-03",2134.36,NA,""
"2005-01-04",1854.47,NA,""
"2005-01-05",1822.49,NA,""
"2005-01-06",2437.11,NA,""
"2005-01-07",2828.62,NA,""
"2005-01-08",2553.24,NA,""
"2005-01-09",2168.22,NA,""
"2005-01-10",1727.76,NA,""
"2005-01-11",1433.03,NA,""
"2005-01-12",1505.98,NA,""
"2005-01-13",1530.56,NA,""
"2005-01-14",1580.13,NA,""
"2005-01-15",1668.16,NA,""
"2005-01-16",1704.37,NA,""
"2005-01-17",1751.27,NA,""
"2005-01-18",1806.57,NA,""
"2005-01-19",1951.62,NA,""
"2005-01-20",2168.22,NA,""
"2005-01-21",2375.4,NA,""
"2005-01-22",2607.49,NA,""
"2005-01-23",2735.69,NA,""
"2005-01-24",2791.32,NA,""
"2005-01-25",2735.69,NA,""
"2005-01-26",2653.02,226.767,"TM/Landsat-5"
"2005-01-27",2671.31,NA,""
"2005-01-28",2744.93,NA,""
"2005-01-29",2809.95,NA,""
"2005-01-30",2847.34,NA,""
"2005-01-31",2894.34,NA,""
"2005-02-01",2847.34,NA,""
"2005-02-02",2698.84,NA,""
"2005-02-03",2744.93,NA,""
"2005-02-04",2828.62,NA,""
"2005-02-05",2903.78,NA,""
"2005-02-06",2866.11,NA,""
"2005-02-07",2680.48,NA,""
"2005-02-08",2401.78,NA,""
"2005-02-09",2185.22,NA,""
"2005-02-10",2042.25,NA,""
"2005-02-11",1967.99,NA,""
"2005-02-12",2033.95,NA,""
"2005-02-13",2083.93,NA,""
"2005-02-14",2092.31,NA,""
"2005-02-15",1959.8,NA,""
"2005-02-16",1688.83,NA,""
"2005-02-17",1481.53,NA,""
"2005-02-18",1325.94,NA,""
"2005-02-19",1408.99,NA,""
"2005-02-20",1403,NA,""
"2005-02-21",1414.99,NA,""
"2005-02-22",1499.85,NA,""
"2005-02-23",1592.61,NA,""
"2005-02-24",1567.69,NA,""
"2005-02-25",1481.53,NA,""
"2005-02-26",1385.09,NA,""
"2005-02-27",1314.21,NA,""
"2005-02-28",1142.62,NA,""
"2005-03-01",1131.47,NA,""
"2005-03-02",1524.4,NA,""
"2005-03-03",1830.46,NA,""
"2005-03-04",1984.4,NA,""
"2005-03-05",2322.96,NA,""
"2005-03-06",4286.67,NA,""
"2005-03-07",3807.66,NA,""
"2005-03-08",3123.79,NA,""
"2005-03-09",2800.63,NA,""
"2005-03-10",2653.02,NA,""
"2005-03-11",2253.71,NA,""
"2005-03-12",1878.59,NA,""
"2005-03-13",1636.54,NA,""
"2005-03-14",1487.63,NA,""
"2005-03-15",1649.16,NA,""
"2005-03-16",2151.26,NA,""
"2005-03-17",2580.31,NA,""
"2005-03-18",2960.61,NA,""
"2005-03-19",3479.73,NA,""
"2005-03-20",4081.91,NA,""
"2005-03-21",4876.81,NA,""
"2005-03-22",5176.3,NA,""
"2005-03-23",5060.34,NA,""
"2005-03-24",5037.27,NA,""
"2005-03-25",4888.21,NA,""
"2005-03-26",5129.8,NA,""
"2005-03-27",4528.28,NA,""
"2005-03-28",4018.01,NA,""
"2005-03-29",4406.88,NA,""
"2005-03-30",4650.88,NA,""
"2005-03-31",4363.03,NA,""
"2005-04-01",3954.47,NA,""
"2005-04-02",3550.54,NA,""
"2005-04-03",3065.84,NA,""
"2005-04-04",2607.49,NA,""
"2005-04-05",2392.97,NA,""
"2005-04-06",2384.18,NA,""
"2005-04-07",2375.4,NA,""
"2005-04-08",2322.96,NA,""
"2005-04-09",2168.22,NA,""
"2005-04-10",2042.25,NA,""
"2005-04-11",1910.92,NA,""
"2005-04-12",1790.71,NA,""
"2005-04-13",1688.83,NA,""
"2005-04-14",1617.66,NA,""
"2005-04-15",1555.28,NA,""
"2005-04-16",1499.85,108.556,"TM/Landsat-5"
"2005-04-17",1457.21,NA,""
"2005-04-18",1408.99,NA,""
"2005-04-19",1373.19,NA,""
"2005-04-20",1349.49,NA,""
"2005-04-21",1314.21,NA,""
"2005-04-22",1279.25,NA,""
"2005-04-23",1267.66,NA,""
"2005-04-24",1256.11,NA,""
"2005-04-25",1256.11,NA,""
"2005-04-26",1250.35,NA,""
"2005-04-27",1267.66,NA,""
"2005-04-28",1397.02,NA,""
"2005-04-29",1420.99,NA,""
"2005-04-30",1361.32,NA,""
"2005-05-01",1314.21,NA,""
"2005-05-02",1279.25,NA,""
"2005-05-03",1267.66,NA,""
"2005-05-04",1233.13,NA,""
"2005-05-05",1210.28,NA,""
"2005-05-06",1142.62,NA,""
"2005-05-07",1109.28,NA,""
"2005-05-08",1076.28,NA,""
"2005-05-09",1065.36,NA,""
"2005-05-10",1038.21,NA,""
"2005-05-11",1022.03,NA,""
"2005-05-12",1016.66,NA,""
"2005-05-13",1011.3,NA,""
"2005-05-14",1000.6,NA,""
"2005-05-15",984.628,NA,""
"2005-05-16",963.465,NA,""
"2005-05-17",947.696,NA,""
"2005-05-18",926.807,53.801,"TM/Landsat-5"
"2005-05-19",916.422,NA,""
"2005-05-20",900.918,NA,""
"2005-05-21",890.632,NA,""
"2005-05-22",885.504,NA,""
"2005-05-23",875.278,NA,""
"2005-05-24",854.947,NA,""
"2005-05-25",834.777,NA,""
"2005-05-26",814.771,NA,""
"2005-05-27",799.875,NA,""
"2005-05-28",780.157,NA,""
"2005-05-29",760.607,NA,""
"2005-05-30",746.055,NA,""
"2005-05-31",736.406,NA,""
"2005-06-01",707.716,NA,""
"2005-06-02",688.804,NA,""
"2005-06-03",656.127,93.625,"TM/Landsat-5"
"2005-06-04",631.674,NA,""
"2005-06-05",627.842,NA,""
"2005-06-06",635.515,NA,""
"2005-06-07",631.674,NA,""
"2005-06-08",620.2,NA,""
"2005-06-09",608.794,NA,""
"2005-06-10",605.008,NA,""
"2005-06-11",601.229,NA,""
"2005-06-12",597.458,NA,""
"2005-06-13",586.192,NA,""
"2005-06-14",582.452,NA,""
"2005-06-15",574.997,NA,""
"2005-06-16",560.18,NA,""
"2005-06-17",552.819,NA,""
"2005-06-18",545.491,NA,""
"2005-06-19",545.491,13.528,"TM/Landsat-5"
"2005-06-20",538.194,NA,""
"2005-06-21",530.93,NA,""
"2005-06-22",523.699,NA,""
"2005-06-23",523.699,NA,""
"2005-06-24",516.5,NA,""
"2005-06-25",509.333,NA,""
"2005-06-26",502.2,NA,""
"2005-06-27",495.099,NA,""
"2005-06-28",488.032,NA,""
"2005-06-29",480.999,NA,""
"2005-06-30",473.999,NA,""
"2005-07-01",473.999,NA,""
"2005-07-02",502.2,NA,""
"2005-07-03",495.099,NA,""
"2005-07-04",488.032,NA,""
"2005-07-05",484.511,55.531,"TM/Landsat-5"
"2005-07-06",480.999,NA,""
"2005-07-07",473.999,NA,""
"2005-07-08",473.999,NA,""
"2005-07-09",473.999,NA,""
"2005-07-10",467.032,NA,""
"2005-07-11",467.032,NA,""
"2005-07-12",460.1,NA,""
"2005-07-13",460.1,NA,""
"2005-07-14",453.201,NA,""
"2005-07-15",446.337,NA,""
"2005-07-16",439.508,NA,""
"2005-07-17",439.508,NA,""
"2005-07-18",432.713,NA,""
"2005-07-19",425.952,NA,""
"2005-07-20",419.227,NA,""
"2005-07-21",419.227,52.193,"TM/Landsat-5"
"2005-07-22",412.537,NA,""
"2005-07-23",405.883,NA,""
"2005-07-24",405.883,NA,""
"2005-07-25",399.264,NA,""
"2005-07-26",392.68,NA,""
"2005-07-27",392.68,NA,""
"2005-07-28",386.133,NA,""
"2005-07-29",379.622,NA,""
"2005-07-30",376.38,NA,""
"2005-07-31",373.147,NA,""
"2005-08-01",369.924,NA,""
"2005-08-02",366.71,NA,""
"2005-08-03",366.71,NA,""
"2005-08-04",366.71,NA,""
"2005-08-05",360.309,NA,""
"2005-08-06",357.122,52.748,"TM/Landsat-5"
"2005-08-07",353.944,NA,""
"2005-08-08",353.944,NA,""
"2005-08-09",353.944,NA,""
"2005-08-10",350.776,NA,""
"2005-08-11",350.776,NA,""
"2005-08-12",350.776,NA,""
"2005-08-13",347.618,NA,""
"2005-08-14",347.618,NA,""
"2005-08-15",341.328,NA,""
"2005-08-16",338.198,NA,""
"2005-08-17",338.198,NA,""
"2005-08-18",335.077,NA,""
"2005-08-19",335.077,NA,""
"2005-08-20",335.077,NA,""
"2005-08-21",335.077,NA,""
"2005-08-22",331.966,51.438,"TM/Landsat-5"
"2005-08-23",331.966,NA,""
"2005-08-24",331.966,NA,""
"2005-08-25",331.966,NA,""
"2005-08-26",328.864,NA,""
"2005-08-27",328.864,NA,""
"2005-08-28",328.864,NA,""
"2005-08-29",325.771,NA,""
"2005-08-30",322.689,NA,""
"2005-08-31",310.454,NA,""
"2005-09-01",310.454,NA,""
"2005-09-02",310.454,NA,""
"2005-09-03",307.42,NA,""
"2005-09-04",307.42,NA,""
"2005-09-05",304.395,NA,""
"2005-09-06",316.552,NA,""
"2005-09-07",319.616,NA,""
"2005-09-08",319.616,NA,""
"2005-09-09",313.498,NA,""
"2005-09-10",310.454,NA,""
"2005-09-11",310.454,NA,""
"2005-09-12",313.498,NA,""
"2005-09-13",316.552,NA,""
"2005-09-14",316.552,NA,""
"2005-09-15",310.454,NA,""
"2005-09-16",304.395,NA,""
"2005-09-17",292.396,NA,""
"2005-09-18",292.396,NA,""
"2005-09-19",289.421,NA,""
"2005-09-20",289.421,NA,""
"2005-09-21",286.456,NA,""
"2005-09-22",283.501,NA,""
"2005-09-23",283.501,48.565,"TM/Landsat-5"
"2005-09-24",280.556,NA,""
"2005-09-25",280.556,NA,""
"2005-09-26",277.621,NA,""
"2005-09-27",286.456,NA,""
"2005-09-28",304.395,NA,""
"2005-09-29",319.616,NA,""
"2005-09-30",319.616,NA,""
"2005-10-01",316.552,NA,""
"2005-10-02",319.616,NA,""
"2005-10-03",331.966,NA,""
"2005-10-04",376.38,NA,""
"2005-10-05",399.264,NA,""
"2005-10-06",399.264,NA,""
"2005-10-07",376.38,NA,""
"2005-10-08",353.944,NA,""
"2005-10-09",360.309,27.644,"TM/Landsat-5"
"2005-10-10",399.264,NA,""
"2005-10-11",392.68,NA,""
"2005-10-12",373.147,NA,""
"2005-10-13",353.944,NA,""
"2005-10-14",328.864,NA,""
"2005-10-15",313.498,NA,""
"2005-10-16",310.454,NA,""
"2005-10-17",319.616,NA,""
"2005-10-18",310.454,NA,""
"2005-10-19",310.454,NA,""
"2005-10-20",307.42,NA,""
"2005-10-21",310.454,NA,""
"2005-10-22",304.395,NA,""
"2005-10-23",298.376,NA,""
"2005-10-24",313.498,NA,""
"2005-10-25",328.864,35.417,"TM/Landsat-5"
"2005-10-26",335.077,NA,""
"2005-10-27",328.864,NA,""
"2005-10-28",331.966,NA,""
"2005-10-29",350.776,NA,""
"2005-10-30",382.873,NA,""
"2005-10-31",412.537,NA,""
"2005-11-01",405.883,NA,""
"2005-11-02",432.713,NA,""
"2005-11-03",530.93,NA,""
"2005-11-04",534.558,NA,""
"2005-11-05",488.032,NA,""
"2005-11-06",480.999,NA,""
"2005-11-07",453.201,NA,""
"2005-11-08",432.713,NA,""
"2005-11-09",480.999,NA,""
"2005-11-10",477.495,NA,""
"2005-11-11",432.713,NA,""
"2005-11-12",425.952,NA,""
"2005-11-13",439.508,NA,""
"2005-11-14",502.2,NA,""
"2005-11-15",545.491,NA,""
"2005-11-16",560.18,NA,""
"2005-11-17",534.558,NA,""
"2005-11-18",505.762,NA,""
"2005-11-19",480.999,NA,""
"2005-11-20",463.562,NA,""
"2005-11-21",446.337,NA,""
"2005-11-22",541.839,NA,""
"2005-11-23",746.055,NA,""
"2005-11-24",746.055,NA,""
"2005-11-25",656.127,NA,""
"2005-11-26",731.598,NA,""
"2005-11-27",911.244,NA,""
"2005-11-28",1005.94,NA,""
"2005-11-29",1159.41,NA,""
"2005-11-30",1244.6,NA,""
"2005-12-01",1854.47,NA,""
"2005-12-02",1935.3,NA,""
"2005-12-03",1668.16,NA,""
"2005-12-04",1391.05,NA,""
"2005-12-05",1433.03,NA,""
"2005-12-06",1782.79,NA,""
"2005-12-07",2017.38,NA,""
"2005-12-08",2340.39,NA,""
"2005-12-09",2884.92,NA,""
"2005-12-10",3152.92,NA,""
"2005-12-11",2791.32,NA,""
"2005-12-12",2517.3,NA,""
"2005-12-13",2314.26,NA,""
"2005-12-14",2508.34,NA,""
"2005-12-15",2662.16,NA,""
"2005-12-16",2653.02,NA,""
"2005-12-17",2535.25,NA,""
"2005-12-18",2401.78,NA,""
"2005-12-19",2331.67,NA,""
"2005-12-20",2219.37,NA,""
"2005-12-21",2176.71,NA,""
"2005-12-22",2009.12,NA,""
"2005-12-23",1838.45,NA,""
"2005-12-24",1743.42,NA,""
"2005-12-25",1661.82,NA,""
"2005-12-26",1680.86,NA,""
"2005-12-27",1580.13,NA,""
"2005-12-28",1469.35,NA,""
"2005-12-29",1445.1,NA,""
"2005-12-30",1451.15,NA,""
"2005-12-31",1493.73,NA,""
"2006-01-01",1469.35,NA,""
"2006-01-02",1420.99,NA,""
"2006-01-03",1427.01,NA,""
"2006-01-04",1433.03,NA,""
"2006-01-05",1427.01,NA,""
"2006-01-06",1463.28,NA,""
"2006-01-07",1719.95,NA,""
"2006-01-08",2117.5,NA,""
"2006-01-09",2517.3,NA,""
"2006-01-10",2689.65,NA,""
"2006-01-11",2782.02,NA,""
"2006-01-12",2828.62,NA,""
"2006-01-13",2866.11,NA,""
"2006-01-14",2828.62,NA,""
"2006-01-15",2643.89,NA,""
"2006-01-16",2366.63,NA,""
"2006-01-17",2067.22,NA,""
"2006-01-18",1806.57,NA,""
"2006-01-19",1605.12,NA,""
"2006-01-20",1451.15,NA,""
"2006-01-21",1337.7,NA,""
"2006-01-22",1256.11,NA,""
"2006-01-23",1087.24,NA,""
"2006-01-24",1120.36,NA,""
"2006-01-25",1065.36,NA,""
"2006-01-26",1098.24,NA,""
"2006-01-27",1032.81,NA,""
"2006-01-28",947.696,NA,""
"2006-01-29",1022.03,53.811,"TM/Landsat-5"
"2006-01-30",1427.01,NA,""
"2006-01-31",1487.63,NA,""
"2006-02-01",1481.53,NA,""
"2006-02-02",1493.73,NA,""
"2006-02-03",1598.86,NA,""
"2006-02-04",1680.86,NA,""
"2006-02-05",1790.71,NA,""
"2006-02-06",1798.63,NA,""
"2006-02-07",1696.59,NA,""
"2006-02-08",1617.66,NA,""
"2006-02-09",1567.69,NA,""
"2006-02-10",1493.73,NA,""
"2006-02-11",1668.16,NA,""
"2006-02-12",1751.27,NA,""
"2006-02-13",1759.13,NA,""
"2006-02-14",1790.71,NA,""
"2006-02-15",1767.01,NA,""
"2006-02-16",1680.86,NA,""
"2006-02-17",1674.51,NA,""
"2006-02-18",1767.01,NA,""
"2006-02-19",1751.27,NA,""
"2006-02-20",1630.24,NA,""
"2006-02-21",1605.12,NA,""
"2006-02-22",1751.27,NA,""
"2006-02-23",1814.52,NA,""
"2006-02-24",2017.38,NA,""
"2006-02-25",2100.69,NA,""
"2006-02-26",2058.88,NA,""
"2006-02-27",2009.12,NA,""
"2006-02-28",1790.71,NA,""
"2006-03-01",1623.94,NA,""
"2006-03-02",1524.4,NA,""
"2006-03-03",1439.06,NA,""
"2006-03-04",1420.99,NA,""
"2006-03-05",1894.73,NA,""
"2006-03-06",2000.87,NA,""
"2006-03-07",1878.59,NA,""
"2006-03-08",2000.87,NA,""
"2006-03-09",2270.95,NA,""
"2006-03-10",2903.78,NA,""
"2006-03-11",3240.89,NA,""
"2006-03-12",3280.26,NA,""
"2006-03-13",3359.54,NA,""
"2006-03-14",3329.73,NA,""
"2006-03-15",3191.91,NA,""
"2006-03-16",3182.14,NA,""
"2006-03-17",3339.65,NA,""
"2006-03-18",3632.11,NA,""
"2006-03-19",4060.57,NA,""
"2006-03-20",4583.86,NA,""
"2006-03-21",4606.16,NA,""
"2006-03-22",3776.46,NA,""
"2006-03-23",3221.26,NA,""
"2006-03-24",2970.12,NA,""
"2006-03-25",2680.48,NA,""
"2006-03-26",2847.34,NA,""
"2006-03-27",2932.14,NA,""
"2006-03-28",2726.46,NA,""
"2006-03-29",2437.11,NA,""
"2006-03-30",2589.36,NA,""
"2006-03-31",2384.18,NA,""
"2006-04-01",2253.71,NA,""
"2006-04-02",2159.73,NA,""
"2006-04-03",2000.87,NA,""
"2006-04-04",1886.65,NA,""
"2006-04-05",1943.45,NA,""
"2006-04-06",2562.25,NA,""
"2006-04-07",2922.68,NA,""
"2006-04-08",3250.71,NA,""
"2006-04-09",3922.84,NA,""
"2006-04-10",4628.5,NA,""
"2006-04-11",4417.86,NA,""
"2006-04-12",4049.91,NA,""
"2006-04-13",3369.49,NA,""
"2006-04-14",2866.11,NA,""
"2006-04-15",2472.63,NA,""
"2006-04-16",2159.73,NA,""
"2006-04-17",2535.25,NA,""
"2006-04-18",2717.24,NA,""
"2006-04-19",2671.31,NA,""
"2006-04-20",2643.89,NA,""
"2006-04-21",2463.74,NA,""
"2006-04-22",2288.24,NA,""
"2006-04-23",2075.57,NA,""
"2006-04-24",1806.57,NA,""
"2006-04-25",1605.12,NA,""
"2006-04-26",1475.43,NA,""
"2006-04-27",1414.99,NA,""
"2006-04-28",1349.49,NA,""
"2006-04-29",1285.05,NA,""
"2006-04-30",1244.6,NA,""
"2006-05-01",1215.98,NA,""
"2006-05-02",1142.62,NA,""
"2006-05-03",1054.47,NA,""
"2006-05-04",1032.81,NA,""
"2006-05-05",1022.03,NA,""
"2006-05-06",1011.3,NA,""
"2006-05-07",995.267,NA,""
"2006-05-08",979.322,NA,""
"2006-05-09",963.465,NA,""
"2006-05-10",947.696,NA,""
"2006-05-11",932.014,NA,""
"2006-05-12",921.609,NA,""
"2006-05-13",906.076,NA,""
"2006-05-14",895.77,NA,""
"2006-05-15",880.386,NA,""
"2006-05-16",865.092,NA,""
"2006-05-17",854.947,NA,""
"2006-05-18",839.804,NA,""
"2006-05-19",829.76,NA,""
"2006-05-20",819.758,NA,""
"2006-05-21",814.771,NA,""
"2006-05-22",804.83,NA,""
"2006-05-23",789.995,NA,""
"2006-05-24",770.361,NA,""
"2006-05-25",770.361,NA,""
"2006-05-26",804.83,NA,""
"2006-05-27",890.632,NA,""
"2006-05-28",880.386,NA,""
"2006-05-29",829.76,NA,""
"2006-05-30",799.875,NA,""
"2006-05-31",785.071,NA,""
"2006-06-01",775.254,NA,""
"2006-06-02",760.607,NA,""
"2006-06-03",736.406,NA,""
"2006-06-04",722.013,NA,""
"2006-06-05",717.237,NA,""
"2006-06-06",707.716,49.259,"TM/Landsat-5"
"2006-06-07",702.972,NA,""
"2006-06-08",693.516,NA,""
"2006-06-09",679.413,NA,""
"2006-06-10",670.066,NA,""
"2006-06-11",665.409,NA,""
"2006-06-12",656.127,NA,""
"2006-06-13",647.081,NA,""
"2006-06-14",643.218,NA,""
"2006-06-15",639.363,NA,""
"2006-06-16",631.674,NA,""
"2006-06-17",627.842,NA,""
"2006-06-18",620.2,NA,""
"2006-06-19",612.588,NA,""
"2006-06-20",608.794,NA,""
"2006-06-21",601.229,NA,""
"2006-06-22",593.695,54.985,"TM/Landsat-5"
"2006-06-23",586.192,NA,""
"2006-06-24",582.452,NA,""
"2006-06-25",578.721,NA,""
"2006-06-26",578.721,NA,""
"2006-06-27",571.281,NA,""
"2006-06-28",567.572,NA,""
"2006-06-29",563.872,NA,""
"2006-06-30",560.18,NA,""
"2006-07-01",560.18,NA,""
"2006-07-02",556.496,NA,""
"2006-07-03",552.819,NA,""
"2006-07-04",560.18,NA,""
"2006-07-05",556.496,NA,""
"2006-07-06",556.496,NA,""
"2006-07-07",552.819,NA,""
"2006-07-08",552.819,61.515,"TM/Landsat-5"
"2006-07-09",549.151,NA,""
"2006-07-10",541.839,NA,""
"2006-07-11",534.558,NA,""
"2006-07-12",527.31,NA,""
"2006-07-13",520.095,NA,""
"2006-07-14",512.912,NA,""
"2006-07-15",509.333,NA,""
"2006-07-16",502.2,NA,""
"2006-07-17",495.099,NA,""
"2006-07-18",491.562,NA,""
"2006-07-19",488.032,NA,""
"2006-07-20",484.511,NA,""
"2006-07-21",484.511,NA,""
"2006-07-22",480.999,NA,""
"2006-07-23",477.495,NA,""
"2006-07-24",477.495,53.03,"TM/Landsat-5"
"2006-07-25",470.511,NA,""
"2006-07-26",467.032,NA,""
"2006-07-27",467.032,NA,""
"2006-07-28",460.1,NA,""
"2006-07-29",460.1,NA,""
"2006-07-30",453.201,NA,""
"2006-07-31",449.765,NA,""
"2006-08-01",446.337,NA,""
"2006-08-02",439.508,NA,""
"2006-08-03",436.106,NA,""
"2006-08-04",436.106,NA,""
"2006-08-05",432.713,NA,""
"2006-08-06",429.328,NA,""
"2006-08-07",425.952,NA,""
"2006-08-08",422.586,NA,""
"2006-08-09",419.227,52.632,"TM/Landsat-5"
"2006-08-10",415.878,NA,""
"2006-08-11",415.878,NA,""
"2006-08-12",412.537,NA,""
"2006-08-13",412.537,NA,""
"2006-08-14",405.883,NA,""
"2006-08-15",402.569,NA,""
"2006-08-16",399.264,NA,""
"2006-08-17",395.967,NA,""
"2006-08-18",392.68,NA,""
"2006-08-19",392.68,NA,""
"2006-08-20",389.402,NA,""
"2006-08-21",386.133,NA,""
"2006-08-22",382.873,NA,""
"2006-08-23",382.873,NA,""
"2006-08-24",392.68,NA,""
"2006-08-25",386.133,41.254,"TM/Landsat-5"
"2006-08-26",379.622,NA,""
"2006-08-27",373.147,NA,""
"2006-08-28",373.147,NA,""
"2006-08-29",366.71,NA,""
"2006-08-30",360.309,NA,""
"2006-08-31",360.309,NA,""
"2006-09-01",360.309,NA,""
"2006-09-02",357.122,NA,""
"2006-09-03",353.944,NA,""
"2006-09-04",350.776,NA,""
"2006-09-05",347.618,NA,""
"2006-09-06",347.618,NA,""
"2006-09-07",344.468,NA,""
"2006-09-08",341.328,NA,""
"2006-09-09",341.328,NA,""
"2006-09-10",341.328,NA,""
"2006-09-11",341.328,NA,""
"2006-09-12",338.198,NA,""
"2006-09-13",335.077,NA,""
"2006-09-14",335.077,NA,""
"2006-09-15",331.966,NA,""
"2006-09-16",328.864,NA,""
"2006-09-17",322.689,NA,""
"2006-09-18",322.689,NA,""
"2006-09-19",319.616,NA,""
"2006-09-20",328.864,NA,""
"2006-09-21",331.966,NA,""
"2006-09-22",335.077,NA,""
"2006-09-23",341.328,NA,""
"2006-09-24",369.924,NA,""
"2006-09-25",379.622,NA,""
"2006-09-26",392.68,47.759,"TM/Landsat-5"
"2006-09-27",392.68,NA,""
"2006-09-28",392.68,NA,""
"2006-09-29",405.883,NA,""
"2006-09-30",419.227,NA,""
"2006-10-01",432.713,NA,""
"2006-10-02",439.508,NA,""
"2006-10-03",449.765,NA,""
"2006-10-04",467.032,NA,""
"2006-10-05",480.999,NA,""
"2006-10-06",498.646,NA,""
"2006-10-07",509.333,NA,""
"2006-10-08",495.099,NA,""
"2006-10-09",473.999,NA,""
"2006-10-10",467.032,NA,""
"2006-10-11",467.032,NA,""
"2006-10-12",446.337,59.315,"TM/Landsat-5"
"2006-10-13",436.106,NA,""
"2006-10-14",432.713,NA,""
"2006-10-15",432.713,NA,""
"2006-10-16",439.508,NA,""
"2006-10-17",470.511,NA,""
"2006-10-18",509.333,NA,""
"2006-10-19",502.2,NA,""
"2006-10-20",495.099,NA,""
"2006-10-21",567.572,NA,""
"2006-10-22",736.406,NA,""
"2006-10-23",824.754,NA,""
"2006-10-24",854.947,NA,""
"2006-10-25",785.071,NA,""
"2006-10-26",741.225,NA,""
"2006-10-27",698.238,NA,""
"2006-10-28",702.972,228.989,"TM/Landsat-5"
"2006-10-29",736.406,NA,""
"2006-10-30",693.516,NA,""
"2006-10-31",631.674,NA,""
"2006-11-01",567.572,NA,""
"2006-11-02",530.93,NA,""
"2006-11-03",516.5,NA,""
"2006-11-04",530.93,NA,""
"2006-11-05",571.281,NA,""
"2006-11-06",578.721,NA,""
"2006-11-07",578.721,NA,""
"2006-11-08",612.588,NA,""
"2006-11-09",722.013,NA,""
"2006-11-10",1043.62,NA,""
"2006-11-11",1296.69,NA,""
"2006-11-12",1325.94,NA,""
"2006-11-13",1320.07,NA,""
"2006-11-14",1221.68,NA,""
"2006-11-15",989.942,NA,""
"2006-11-16",814.771,NA,""
"2006-11-17",698.238,NA,""
"2006-11-18",627.842,NA,""
"2006-11-19",589.939,NA,""
"2006-11-20",552.819,NA,""
"2006-11-21",523.699,NA,""
"2006-11-22",509.333,NA,""
"2006-11-23",495.099,NA,""
"2006-11-24",477.495,NA,""
"2006-11-25",509.333,NA,""
"2006-11-26",520.095,NA,""
"2006-11-27",567.572,NA,""
"2006-11-28",567.572,116.8,"Bayer"
"2006-11-29",597.458,82.3,"Bayer"
"2006-11-30",717.237,96.7,"Bayer"
"2006-12-01",906.076,89.4,"Bayer"
"2006-12-02",1000.6,104.5,"Bayer"
"2006-12-03",1049.04,164.6,"Bayer"
"2006-12-04",1087.24,128.9,"Bayer"
"2006-12-05",1221.68,158.4,"Bayer"
"2006-12-06",1325.94,181.4,"Bayer"
"2006-12-07",1244.6,146.7,"Bayer"
"2006-12-08",1165.03,NA,""
"2006-12-09",1148.21,NA,""
"2006-12-10",1109.28,NA,""
"2006-12-11",1170.65,NA,""
"2006-12-12",1244.6,NA,""
"2006-12-13",1198.91,NA,""
"2006-12-14",1221.68,NA,""
"2006-12-15",1536.73,NA,""
"2006-12-16",1743.42,NA,""
"2006-12-17",1774.89,NA,""
"2006-12-18",1696.59,NA,""
"2006-12-19",1680.86,NA,""
"2006-12-20",1719.95,NA,""
"2006-12-21",1774.89,NA,""
"2006-12-22",1814.52,NA,""
"2006-12-23",1680.86,NA,""
"2006-12-24",1586.37,NA,""
"2006-12-25",1457.21,NA,""
"2006-12-26",1385.09,NA,""
"2006-12-27",1296.69,NA,""
"2006-12-28",1210.28,NA,""
"2006-12-29",1109.28,NA,""
"2006-12-30",1043.62,NA,""
"2006-12-31",1038.21,NA,""
"2007-01-01",1098.24,NA,""
"2007-01-02",1349.49,NA,""
"2007-01-03",1617.66,NA,""
"2007-01-04",1704.37,NA,""
"2007-01-05",1846.45,NA,""
"2007-01-06",1984.4,NA,""
"2007-01-07",2375.4,NA,""
"2007-01-08",2589.36,NA,""
"2007-01-09",2553.24,NA,""
"2007-01-10",2375.4,NA,""
"2007-01-11",2193.74,NA,""
"2007-01-12",1919.04,NA,""
"2007-01-13",1696.59,NA,""
"2007-01-14",1617.66,NA,""
"2007-01-15",1655.48,NA,""
"2007-01-16",1767.01,NA,""
"2007-01-17",2033.95,NA,""
"2007-01-18",2270.95,NA,""
"2007-01-19",2270.95,NA,""
"2007-01-20",2067.22,NA,""
"2007-01-21",1822.49,NA,""
"2007-01-22",1655.48,NA,""
"2007-01-23",1530.56,NA,""
"2007-01-24",1512.11,NA,""
"2007-01-25",1542.9,NA,""
"2007-01-26",1976.19,NA,""
"2007-01-27",2245.11,NA,""
"2007-01-28",2472.63,NA,""
"2007-01-29",2589.36,NA,""
"2007-01-30",2782.02,NA,""
"2007-01-31",3152.92,NA,""
"2007-02-01",3429.46,NA,""
"2007-02-02",3662.87,NA,""
"2007-02-03",3776.46,NA,""
"2007-02-04",3755.71,NA,""
"2007-02-05",4049.91,NA,""
"2007-02-06",5269.74,NA,""
"2007-02-07",7117.92,NA,""
"2007-02-08",7527.26,NA,""
"2007-02-09",6362.09,NA,""
"2007-02-10",5375.6,NA,""
"2007-02-11",4363.03,NA,""
"2007-02-12",3349.59,NA,""
"2007-02-13",2772.73,NA,""
"2007-02-14",3379.46,NA,""
"2007-02-15",5721.84,NA,""
"2007-02-16",7647.65,NA,""
"2007-02-17",7183.38,NA,""
"2007-02-18",6286.96,NA,""
"2007-02-19",6088.21,NA,""
"2007-02-20",5411.05,NA,""
"2007-02-21",4718.25,NA,""
"2007-02-22",4842.67,NA,""
"2007-02-23",4673.29,NA,""
"2007-02-24",4135.44,NA,""
"2007-02-25",3540.39,NA,""
"2007-02-26",3735.01,NA,""
"2007-02-27",3540.39,NA,""
"2007-02-28",3309.91,NA,""
"2007-03-01",3152.92,NA,""
"2007-03-02",3037.01,NA,""
"2007-03-03",2791.32,NA,""
"2007-03-04",2634.78,NA,""
"2007-03-05",2481.54,142.307,"TM/Landsat-5"
"2007-03-06",2296.9,NA,""
"2007-03-07",2100.69,NA,""
"2007-03-08",1919.04,NA,""
"2007-03-09",1790.71,NA,""
"2007-03-10",1668.16,NA,""
"2007-03-11",1598.86,162.6,"Bayer"
"2007-03-12",1561.48,132.4,"Bayer"
"2007-03-13",1549.09,NA,""
"2007-03-14",1580.13,NA,""
"2007-03-15",1617.66,NA,""
"2007-03-16",1580.13,NA,""
"2007-03-17",1493.73,NA,""
"2007-03-18",1493.73,NA,""
"2007-03-19",1605.12,NA,""
"2007-03-20",1774.89,NA,""
"2007-03-21",2168.22,52.31,"TM/Landsat-5"
"2007-03-22",2279.59,NA,""
"2007-03-23",2331.67,NA,""
"2007-03-24",2331.67,NA,""
"2007-03-25",2151.26,NA,""
"2007-03-26",1951.62,NA,""
"2007-03-27",1735.58,NA,""
"2007-03-28",1592.61,NA,""
"2007-03-29",1487.63,NA,""
"2007-03-30",1408.99,NA,""
"2007-03-31",1349.49,NA,""
"2007-04-01",1302.52,NA,""
"2007-04-02",1261.88,NA,""
"2007-04-03",1221.68,NA,""
"2007-04-04",1181.93,NA,""
"2007-04-05",1142.62,NA,""
"2007-04-06",1098.24,17.819,"TM/Landsat-5"
"2007-04-07",1081.76,NA,""
"2007-04-08",1076.28,NA,""
"2007-04-09",1043.62,NA,""
"2007-04-10",1032.81,NA,""
"2007-04-11",1043.62,NA,""
"2007-04-12",1065.36,NA,""
"2007-04-13",1114.81,NA,""
"2007-04-14",1098.24,NA,""
"2007-04-15",1043.62,NA,""
"2007-04-16",1000.6,NA,""
"2007-04-17",958.199,NA,""
"2007-04-18",932.014,NA,""
"2007-04-19",900.918,NA,""
"2007-04-20",880.386,NA,""
"2007-04-21",865.092,NA,""
"2007-04-22",854.947,NA,""
"2007-04-23",854.947,NA,""
"2007-04-24",865.092,NA,""
"2007-04-25",860.014,NA,""
"2007-04-26",854.947,NA,""
"2007-04-27",854.947,NA,""
"2007-04-28",875.278,NA,""
"2007-04-29",895.77,NA,""
"2007-04-30",1038.21,NA,""
"2007-05-01",1103.76,NA,""
"2007-05-02",1059.91,NA,""
"2007-05-03",1022.03,NA,""
"2007-05-04",937.232,NA,""
"2007-05-05",885.504,NA,""
"2007-05-06",834.777,NA,""
"2007-05-07",794.93,NA,""
"2007-05-08",755.746,93.407,"TM/Landsat-5"
"2007-05-09",746.055,NA,""
"2007-05-10",726.8,NA,""
"2007-05-11",707.716,NA,""
"2007-05-12",698.238,NA,""
"2007-05-13",688.804,NA,""
"2007-05-14",679.413,NA,""
"2007-05-15",679.413,NA,""
"2007-05-16",674.734,NA,""
"2007-05-17",674.734,NA,""
"2007-05-18",674.734,NA,""
"2007-05-19",660.763,NA,""
"2007-05-20",643.218,NA,""
"2007-05-21",635.515,NA,""
"2007-05-22",627.842,NA,""
"2007-05-23",620.2,NA,""
"2007-05-24",612.588,NA,""
"2007-05-25",608.794,NA,""
"2007-05-26",612.588,NA,""
"2007-05-27",651.503,NA,""
"2007-05-28",750.895,NA,""
"2007-05-29",755.746,NA,""
"2007-05-30",693.516,NA,""
"2007-05-31",656.127,NA,""
"2007-06-01",631.674,NA,""
"2007-06-02",620.2,NA,""
"2007-06-03",605.008,NA,""
"2007-06-04",597.458,NA,""
"2007-06-05",589.939,NA,""
"2007-06-06",586.192,NA,""
"2007-06-07",586.192,NA,""
"2007-06-08",582.452,NA,""
"2007-06-09",578.721,44.126,"TM/Landsat-5"
"2007-06-10",567.572,NA,""
"2007-06-11",560.18,NA,""
"2007-06-12",552.819,NA,""
"2007-06-13",545.491,NA,""
"2007-06-14",538.194,NA,""
"2007-06-15",534.558,NA,""
"2007-06-16",530.93,NA,""
"2007-06-17",527.31,NA,""
"2007-06-18",523.699,NA,""
"2007-06-19",516.5,NA,""
"2007-06-20",516.5,NA,""
"2007-06-21",512.912,NA,""
"2007-06-22",509.333,NA,""
"2007-06-23",509.333,NA,""
"2007-06-24",498.646,NA,""
"2007-06-25",495.099,16.709,"TM/Landsat-5"
"2007-06-26",488.032,NA,""
"2007-06-27",488.032,NA,""
"2007-06-28",480.999,NA,""
"2007-06-29",473.999,NA,""
"2007-06-30",473.999,NA,""
"2007-07-01",473.999,NA,""
"2007-07-02",473.999,NA,""
"2007-07-03",473.999,NA,""
"2007-07-04",470.511,NA,""
"2007-07-05",467.032,NA,""
"2007-07-06",463.562,22.53,"ANA"
"2007-07-07",460.1,NA,""
"2007-07-08",456.646,NA,""
"2007-07-09",453.201,NA,""
"2007-07-10",449.765,NA,""
"2007-07-11",446.337,39.699,"TM/Landsat-5"
"2007-07-12",446.337,NA,""
"2007-07-13",442.918,NA,""
"2007-07-14",439.508,NA,""
"2007-07-15",436.106,NA,""
"2007-07-16",436.106,NA,""
"2007-07-17",432.713,NA,""
"2007-07-18",432.713,NA,""
"2007-07-19",432.713,NA,""
"2007-07-20",429.328,NA,""
"2007-07-21",425.952,38.8,"Bayer"
"2007-07-22",429.328,56.3,"Bayer"
"2007-07-23",432.713,44.7,"Bayer"
"2007-07-24",432.713,NA,""
"2007-07-25",432.713,NA,""
"2007-07-26",425.952,NA,""
"2007-07-27",419.227,41.169,"TM/Landsat-5"
"2007-07-28",415.878,NA,""
"2007-07-29",412.537,NA,""
"2007-07-30",446.337,NA,""
"2007-07-31",470.511,NA,""
"2007-08-01",453.201,NA,""
"2007-08-02",436.106,NA,""
"2007-08-03",422.586,NA,""
"2007-08-04",412.537,NA,""
"2007-08-05",405.883,NA,""
"2007-08-06",399.264,NA,""
"2007-08-07",399.264,NA,""
"2007-08-08",392.68,NA,""
"2007-08-09",386.133,NA,""
"2007-08-10",382.873,NA,""
"2007-08-11",379.622,NA,""
"2007-08-12",373.147,43.065,"TM/Landsat-5"
"2007-08-13",373.147,NA,""
"2007-08-14",366.71,NA,""
"2007-08-15",363.504,NA,""
"2007-08-16",360.309,NA,""
"2007-08-17",353.944,NA,""
"2007-08-18",350.776,NA,""
"2007-08-19",347.618,NA,""
"2007-08-20",347.618,NA,""
"2007-08-21",347.618,NA,""
"2007-08-22",344.468,NA,""
"2007-08-23",341.328,NA,""
"2007-08-24",341.328,NA,""
"2007-08-25",341.328,NA,""
"2007-08-26",335.077,NA,""
"2007-08-27",335.077,NA,""
"2007-08-28",331.966,34.857,"TM/Landsat-5"
"2007-08-29",328.864,NA,""
"2007-08-30",328.864,NA,""
"2007-08-31",325.771,NA,""
"2007-09-01",322.689,NA,""
"2007-09-02",322.689,NA,""
"2007-09-03",322.689,NA,""
"2007-09-04",316.552,NA,""
"2007-09-05",313.498,NA,""
"2007-09-06",310.454,NA,""
"2007-09-07",310.454,NA,""
"2007-09-08",307.42,NA,""
"2007-09-09",304.395,NA,""
"2007-09-10",301.381,NA,""
"2007-09-11",298.376,NA,""
"2007-09-12",298.376,NA,""
"2007-09-13",295.381,35.786,"TM/Landsat-5"
"2007-09-14",292.396,NA,""
"2007-09-15",292.396,NA,""
"2007-09-16",289.421,NA,""
"2007-09-17",289.421,NA,""
"2007-09-18",286.456,NA,""
"2007-09-19",286.456,NA,""
"2007-09-20",286.456,NA,""
"2007-09-21",286.456,NA,""
"2007-09-22",286.456,NA,""
"2007-09-23",283.501,NA,""
"2007-09-24",283.501,NA,""
"2007-09-25",283.501,NA,""
"2007-09-26",280.556,NA,""
"2007-09-27",280.556,NA,""
"2007-09-28",280.556,NA,""
"2007-09-29",277.621,31.238,"TM/Landsat-5"
"2007-09-30",283.501,NA,""
"2007-10-01",286.456,NA,""
"2007-10-02",283.501,NA,""
"2007-10-03",283.501,NA,""
"2007-10-04",280.556,NA,""
"2007-10-05",274.696,NA,""
"2007-10-06",268.877,NA,""
"2007-10-07",268.877,NA,""
"2007-10-08",274.696,NA,""
"2007-10-09",274.696,NA,""
"2007-10-10",286.456,NA,""
"2007-10-11",298.376,NA,""
"2007-10-12",338.198,NA,""
"2007-10-13",341.328,NA,""
"2007-10-14",322.689,NA,""
"2007-10-15",298.376,NA,""
"2007-10-16",289.421,NA,""
"2007-10-17",286.456,NA,""
"2007-10-18",292.396,NA,""
"2007-10-19",298.376,NA,""
"2007-10-20",310.454,NA,""
"2007-10-21",328.864,NA,""
"2007-10-22",344.468,NA,""
"2007-10-23",386.133,NA,""
"2007-10-24",442.918,NA,""
"2007-10-25",415.878,NA,""
"2007-10-26",369.924,NA,""
"2007-10-27",344.468,NA,""
"2007-10-28",335.077,NA,""
"2007-10-29",335.077,NA,""
"2007-10-30",347.618,NA,""
"2007-10-31",386.133,60.37,"ANA"
"2007-11-01",382.873,NA,""
"2007-11-02",360.309,NA,""
"2007-11-03",341.328,NA,""
"2007-11-04",335.077,NA,""
"2007-11-05",353.944,NA,""
"2007-11-06",379.622,NA,""
"2007-11-07",402.569,NA,""
"2007-11-08",442.918,NA,""
"2007-11-09",488.032,NA,""
"2007-11-10",516.5,NA,""
"2007-11-11",545.491,NA,""
"2007-11-12",560.18,NA,""
"2007-11-13",549.151,NA,""
"2007-11-14",545.491,NA,""
"2007-11-15",498.646,NA,""
"2007-11-16",488.032,NA,""
"2007-11-17",516.5,NA,""
"2007-11-18",516.5,NA,""
"2007-11-19",470.511,NA,""
"2007-11-20",480.999,NA,""
"2007-11-21",498.646,NA,""
"2007-11-22",446.337,NA,""
"2007-11-23",425.952,NA,""
"2007-11-24",399.264,NA,""
"2007-11-25",382.873,NA,""
"2007-11-26",392.68,NA,""
"2007-11-27",436.106,NA,""
"2007-11-28",530.93,NA,""
"2007-11-29",616.39,NA,""
"2007-11-30",643.218,NA,""
"2007-12-01",612.588,NA,""
"2007-12-02",639.363,NA,""
"2007-12-03",627.842,NA,""
"2007-12-04",567.572,NA,""
"2007-12-05",516.5,NA,""
"2007-12-06",480.999,NA,""
"2007-12-07",467.032,NA,""
"2007-12-08",467.032,NA,""
"2007-12-09",491.562,NA,""
"2007-12-10",560.18,NA,""
"2007-12-11",651.503,NA,""
"2007-12-12",670.066,NA,""
"2007-12-13",770.361,NA,""
"2007-12-14",1092.74,NA,""
"2007-12-15",1022.03,NA,""
"2007-12-16",885.504,NA,""
"2007-12-17",765.479,NA,""
"2007-12-18",799.875,NA,""
"2007-12-19",860.014,NA,""
"2007-12-20",865.092,NA,""
"2007-12-21",814.771,NA,""
"2007-12-22",979.322,NA,""
"2007-12-23",1296.69,NA,""
"2007-12-24",1505.98,NA,""
"2007-12-25",1542.9,NA,""
"2007-12-26",1457.21,NA,""
"2007-12-27",1285.05,NA,""
"2007-12-28",1314.21,NA,""
"2007-12-29",1267.66,NA,""
"2007-12-30",1103.76,NA,""
"2007-12-31",958.199,NA,""
"2008-01-01",875.278,NA,""
"2008-01-02",804.83,NA,""
"2008-01-03",770.361,NA,""
"2008-01-04",746.055,NA,""
"2008-01-05",726.8,NA,""
"2008-01-06",688.804,NA,""
"2008-01-07",656.127,NA,""
"2008-01-08",651.503,NA,""
"2008-01-09",670.066,NA,""
"2008-01-10",731.598,NA,""
"2008-01-11",765.479,NA,""
"2008-01-12",824.754,NA,""
"2008-01-13",958.199,NA,""
"2008-01-14",968.741,NA,""
"2008-01-15",1187.58,NA,""
"2008-01-16",1210.28,NA,""
"2008-01-17",1361.32,NA,""
"2008-01-18",1674.51,NA,""
"2008-01-19",1592.61,101.0535,"TM/Landsat-5"
"2008-01-20",1373.19,NA,""
"2008-01-21",1210.28,NA,""
"2008-01-22",1181.93,NA,""
"2008-01-23",1331.81,NA,""
"2008-01-24",1798.63,NA,""
"2008-01-25",2279.59,NA,""
"2008-01-26",2454.85,NA,""
"2008-01-27",2726.46,NA,""
"2008-01-28",3008.27,NA,""
"2008-01-29",3182.14,NA,""
"2008-01-30",3922.84,NA,""
"2008-01-31",5025.74,NA,""
"2008-02-01",5685.66,NA,""
"2008-02-02",5340.23,NA,""
"2008-02-03",4363.03,NA,""
"2008-02-04",4039.27,NA,""
"2008-02-05",4018.01,NA,""
"2008-02-06",3611.65,NA,""
"2008-02-07",3489.81,NA,""
"2008-02-08",4092.6,NA,""
"2008-02-09",4254.1,NA,""
"2008-02-10",3652.6,NA,""
"2008-02-11",2922.68,NA,""
"2008-02-12",3439.49,NA,""
"2008-02-13",3319.81,NA,""
"2008-02-14",3162.65,NA,""
"2008-02-15",2894.34,NA,""
"2008-02-16",2625.67,NA,""
"2008-02-17",2419.42,NA,""
"2008-02-18",2445.98,NA,""
"2008-02-19",2553.24,NA,""
"2008-02-20",2517.3,NA,""
"2008-02-21",2322.96,NA,""
"2008-02-22",2151.26,NA,""
"2008-02-23",1984.4,NA,""
"2008-02-24",1878.59,NA,""
"2008-02-25",1680.86,NA,""
"2008-02-26",1649.16,NA,""
"2008-02-27",1759.13,NA,""
"2008-02-28",2151.26,NA,""
"2008-02-29",2375.4,NA,""
"2008-03-01",2340.39,NA,""
"2008-03-02",2401.78,NA,""
"2008-03-03",2553.24,NA,""
"2008-03-04",2580.31,NA,""
"2008-03-05",2419.42,NA,""
"2008-03-06",2176.71,NA,""
"2008-03-07",2033.95,132.843,"TM/Landsat-5"
"2008-03-08",2058.88,NA,""
"2008-03-09",2401.78,NA,""
"2008-03-10",2680.48,NA,""
"2008-03-11",2754.19,NA,""
"2008-03-12",2689.65,NA,""
"2008-03-13",2607.49,NA,""
"2008-03-14",2616.58,NA,""
"2008-03-15",2643.89,NA,""
"2008-03-16",2828.62,NA,""
"2008-03-17",2941.62,NA,""
"2008-03-18",3027.42,NA,""
"2008-03-19",3075.47,NA,""
"2008-03-20",3075.47,NA,""
"2008-03-21",3056.22,NA,""
"2008-03-22",3027.42,NA,""
"2008-03-23",3008.27,151.466,"TM/Landsat-5"
"2008-03-24",2970.12,NA,""
"2008-03-25",2913.22,NA,""
"2008-03-26",2828.62,NA,""
"2008-03-27",2837.98,NA,""
"2008-03-28",2856.72,NA,""
"2008-03-29",2735.69,NA,""
"2008-03-30",2562.25,NA,""
"2008-03-31",2437.11,NA,""
"2008-04-01",2305.58,NA,""
"2008-04-02",2083.93,NA,""
"2008-04-03",1886.65,NA,""
"2008-04-04",1782.79,NA,""
"2008-04-05",1967.99,NA,""
"2008-04-06",2340.39,NA,""
"2008-04-07",2698.84,NA,""
"2008-04-08",2847.34,180.754,"TM/Landsat-5"
"2008-04-09",2894.34,NA,""
"2008-04-10",2894.34,NA,""
"2008-04-11",2772.73,NA,""
"2008-04-12",2553.24,NA,""
"2008-04-13",2270.95,NA,""
"2008-04-14",2042.25,NA,""
"2008-04-15",1870.54,NA,""
"2008-04-16",1790.71,NA,""
"2008-04-17",1806.57,NA,""
"2008-04-18",1798.63,NA,""
"2008-04-19",1774.89,NA,""
"2008-04-20",1790.71,NA,""
"2008-04-21",1822.49,NA,""
"2008-04-22",1798.63,NA,""
"2008-04-23",1927.16,NA,""
"2008-04-24",2050.56,203.169,"TM/Landsat-5"
"2008-04-25",1943.45,NA,""
"2008-04-26",1822.49,NA,""
"2008-04-27",1655.48,NA,""
"2008-04-28",1518.25,NA,""
"2008-04-29",1427.01,NA,""
"2008-04-30",1361.32,NA,""
"2008-05-01",1320.07,NA,""
"2008-05-02",1296.69,NA,""
"2008-05-03",1567.69,NA,""
"2008-05-04",1445.1,NA,""
"2008-05-05",1198.91,NA,""
"2008-05-06",1098.24,NA,""
"2008-05-07",1032.81,NA,""
"2008-05-08",984.628,NA,""
"2008-05-09",947.696,NA,""
"2008-05-10",926.807,111.367,"TM/Landsat-5"
"2008-05-11",900.918,NA,""
"2008-05-12",880.386,NA,""
"2008-05-13",885.504,NA,""
"2008-05-14",870.18,NA,""
"2008-05-15",839.804,NA,""
"2008-05-16",844.842,NA,""
"2008-05-17",860.014,NA,""
"2008-05-18",839.804,NA,""
"2008-05-19",814.771,NA,""
"2008-05-20",785.071,NA,""
"2008-05-21",770.361,NA,""
"2008-05-22",755.746,NA,""
"2008-05-23",731.598,NA,""
"2008-05-24",707.716,NA,""
"2008-05-25",688.804,NA,""
"2008-05-26",674.734,73.237,"TM/Landsat-5"
"2008-05-27",670.066,NA,""
"2008-05-28",656.127,NA,""
"2008-05-29",651.503,NA,""
"2008-05-30",647.081,NA,""
"2008-05-31",656.127,NA,""
"2008-06-01",722.013,NA,""
"2008-06-02",804.83,NA,""
"2008-06-03",780.157,NA,""
"2008-06-04",712.471,NA,""
"2008-06-05",670.066,NA,""
"2008-06-06",647.081,NA,""
"2008-06-07",631.674,NA,""
"2008-06-08",620.2,NA,""
"2008-06-09",608.794,NA,""
"2008-06-10",597.458,NA,""
"2008-06-11",589.939,NA,""
"2008-06-12",582.452,NA,""
"2008-06-13",574.997,NA,""
"2008-06-14",571.281,NA,""
"2008-06-15",567.572,NA,""
"2008-06-16",556.496,NA,""
"2008-06-17",552.819,NA,""
"2008-06-18",549.151,NA,""
"2008-06-19",545.491,NA,""
"2008-06-20",538.194,NA,""
"2008-06-21",538.194,NA,""
"2008-06-22",530.93,NA,""
"2008-06-23",527.31,NA,""
"2008-06-24",520.095,NA,""
"2008-06-25",520.095,NA,""
"2008-06-26",516.5,NA,""
"2008-06-27",512.912,9.787,"TM/Landsat-5"
"2008-06-28",509.333,NA,""
"2008-06-29",505.762,NA,""
"2008-06-30",498.646,NA,""
"2008-07-01",491.562,NA,""
"2008-07-02",488.032,NA,""
"2008-07-03",484.511,NA,""
"2008-07-04",480.999,NA,""
"2008-07-05",477.495,NA,""
"2008-07-06",477.495,NA,""
"2008-07-07",470.511,NA,""
"2008-07-08",463.562,NA,""
"2008-07-09",460.1,NA,""
"2008-07-10",456.646,NA,""
"2008-07-11",456.646,NA,""
"2008-07-12",453.201,NA,""
"2008-07-13",449.765,NA,""
"2008-07-14",446.337,NA,""
"2008-07-15",442.918,NA,""
"2008-07-16",439.508,NA,""
"2008-07-17",439.508,NA,""
"2008-07-18",436.106,NA,""
"2008-07-19",432.713,NA,""
"2008-07-20",429.328,NA,""
"2008-07-21",429.328,NA,""
"2008-07-22",429.328,NA,""
"2008-07-23",425.952,NA,""
"2008-07-24",422.586,NA,""
"2008-07-25",419.227,NA,""
"2008-07-26",415.878,NA,""
"2008-07-27",409.206,NA,""
"2008-07-28",409.206,NA,""
"2008-07-29",405.883,44.842,"TM/Landsat-5"
"2008-07-30",402.569,NA,""
"2008-07-31",402.569,NA,""
"2008-08-01",395.967,NA,""
"2008-08-02",395.967,NA,""
"2008-08-03",392.68,NA,""
"2008-08-04",392.68,NA,""
"2008-08-05",389.402,NA,""
"2008-08-06",386.133,NA,""
"2008-08-07",386.133,NA,""
"2008-08-08",389.402,NA,""
"2008-08-09",392.68,NA,""
"2008-08-10",389.402,NA,""
"2008-08-11",382.873,NA,""
"2008-08-12",376.38,NA,""
"2008-08-13",369.924,NA,""
"2008-08-14",363.504,NA,""
"2008-08-15",360.309,NA,""
"2008-08-16",357.122,NA,""
"2008-08-17",350.776,NA,""
"2008-08-18",350.776,NA,""
"2008-08-19",347.618,NA,""
"2008-08-20",344.468,NA,""
"2008-08-21",341.328,NA,""
"2008-08-22",338.198,NA,""
"2008-08-23",335.077,NA,""
"2008-08-24",331.966,NA,""
"2008-08-25",331.966,NA,""
"2008-08-26",331.966,NA,""
"2008-08-27",328.864,NA,""
"2008-08-28",325.771,NA,""
"2008-08-29",325.771,NA,""
"2008-08-30",325.771,38.391,"TM/Landsat-5"
"2008-08-31",322.689,NA,""
"2008-09-01",319.616,NA,""
"2008-09-02",316.552,NA,""
"2008-09-03",313.498,NA,""
"2008-09-04",313.498,NA,""
"2008-09-05",316.552,NA,""
"2008-09-06",310.454,NA,""
"2008-09-07",310.454,NA,""
"2008-09-08",307.42,NA,""
"2008-09-09",304.395,NA,""
"2008-09-10",304.395,NA,""
"2008-09-11",301.381,26.49,"ANA"
"2008-09-12",298.376,NA,""
"2008-09-13",298.376,NA,""
"2008-09-14",295.381,NA,""
"2008-09-15",295.381,34.466,"TM/Landsat-5"
"2008-09-16",292.396,NA,""
"2008-09-17",289.421,NA,""
"2008-09-18",289.421,NA,""
"2008-09-19",289.421,NA,""
"2008-09-20",292.396,NA,""
"2008-09-21",298.376,NA,""
"2008-09-22",310.454,NA,""
"2008-09-23",310.454,NA,""
"2008-09-24",310.454,NA,""
"2008-09-25",316.552,NA,""
"2008-09-26",325.771,NA,""
"2008-09-27",331.966,NA,""
"2008-09-28",335.077,NA,""
"2008-09-29",325.771,NA,""
"2008-09-30",313.498,NA,""
"2008-10-01",310.454,33.338,"TM/Landsat-5"
"2008-10-02",304.395,NA,""
"2008-10-03",307.42,NA,""
"2008-10-04",307.42,NA,""
"2008-10-05",307.42,NA,""
"2008-10-06",313.498,NA,""
"2008-10-07",357.122,NA,""
"2008-10-08",399.264,NA,""
"2008-10-09",409.206,NA,""
"2008-10-10",425.952,NA,""
"2008-10-11",460.1,NA,""
"2008-10-12",442.918,NA,""
"2008-10-13",386.133,NA,""
"2008-10-14",350.776,NA,""
"2008-10-15",328.864,NA,""
"2008-10-16",316.552,NA,""
"2008-10-17",310.454,35.358,"TM/Landsat-5"
"2008-10-18",304.395,NA,""
"2008-10-19",301.381,NA,""
"2008-10-20",289.421,NA,""
"2008-10-21",280.556,NA,""
"2008-10-22",286.456,NA,""
"2008-10-23",304.395,NA,""
"2008-10-24",373.147,NA,""
"2008-10-25",488.032,NA,""
"2008-10-26",589.939,NA,""
"2008-10-27",560.18,NA,""
"2008-10-28",480.999,NA,""
"2008-10-29",432.713,NA,""
"2008-10-30",399.264,NA,""
"2008-10-31",366.71,NA,""
"2008-11-01",341.328,NA,""
"2008-11-02",341.328,NA,""
"2008-11-03",341.328,NA,""
"2008-11-04",350.776,NA,""
"2008-11-05",347.618,NA,""
"2008-11-06",366.71,NA,""
"2008-11-07",392.68,NA,""
"2008-11-08",419.227,NA,""
"2008-11-09",392.68,NA,""
"2008-11-10",357.122,NA,""
"2008-11-11",350.776,NA,""
"2008-11-12",347.618,NA,""
"2008-11-13",360.309,NA,""
"2008-11-14",373.147,NA,""
"2008-11-15",419.227,NA,""
"2008-11-16",480.999,NA,""
"2008-11-17",586.192,NA,""
"2008-11-18",643.218,NA,""
"2008-11-19",586.192,NA,""
"2008-11-20",516.5,NA,""
"2008-11-21",491.562,NA,""
"2008-11-22",512.912,NA,""
"2008-11-23",589.939,NA,""
"2008-11-24",578.721,NA,""
"2008-11-25",578.721,NA,""
"2008-11-26",597.458,NA,""
"2008-11-27",601.229,NA,""
"2008-11-28",567.572,NA,""
"2008-11-29",498.646,NA,""
"2008-11-30",480.999,NA,""
"2008-12-01",516.5,NA,""
"2008-12-02",605.008,NA,""
"2008-12-03",688.804,179.03,"ANA"
"2008-12-04",693.516,NA,""
"2008-12-05",660.763,NA,""
"2008-12-06",656.127,NA,""
"2008-12-07",635.515,NA,""
"2008-12-08",574.997,NA,""
"2008-12-09",523.699,NA,""
"2008-12-10",612.588,NA,""
"2008-12-11",707.716,NA,""
"2008-12-12",679.413,NA,""
"2008-12-13",601.229,NA,""
"2008-12-14",545.491,NA,""
"2008-12-15",601.229,NA,""
"2008-12-16",726.8,NA,""
"2008-12-17",947.696,NA,""
"2008-12-18",1320.07,NA,""
"2008-12-19",1451.15,NA,""
"2008-12-20",1518.25,NA,""
"2008-12-21",1445.1,NA,""
"2008-12-22",1302.52,NA,""
"2008-12-23",1250.35,NA,""
"2008-12-24",1397.02,NA,""
"2008-12-25",1469.35,NA,""
"2008-12-26",1751.27,NA,""
"2008-12-27",2941.62,NA,""
"2008-12-28",2517.3,NA,""
"2008-12-29",2357.87,NA,""
"2008-12-30",2168.22,NA,""
"2008-12-31",2058.88,NA,""
"2009-01-01",1878.59,NA,""
"2009-01-02",1661.82,NA,""
"2009-01-03",1445.1,NA,""
"2009-01-04",1308.36,NA,""
"2009-01-05",1227.4,NA,""
"2009-01-06",1176.28,NA,""
"2009-01-07",1221.68,NA,""
"2009-01-08",1302.52,NA,""
"2009-01-09",1227.4,NA,""
"2009-01-10",1120.36,NA,""
"2009-01-11",1022.03,NA,""
"2009-01-12",984.628,NA,""
"2009-01-13",1065.36,NA,""
"2009-01-14",1043.62,NA,""
"2009-01-15",968.741,NA,""
"2009-01-16",885.504,NA,""
"2009-01-17",844.842,NA,""
"2009-01-18",834.777,NA,""
"2009-01-19",989.942,NA,""
"2009-01-20",1818.4,NA,""
"2009-01-21",2128.14,NA,""
"2009-01-22",2018.54,NA,""
"2009-01-23",1805.31,NA,""
"2009-01-24",1593.99,NA,""
"2009-01-25",1525.55,NA,""
"2009-01-26",1811.85,NA,""
"2009-01-27",2141.98,NA,""
"2009-01-28",2434.57,NA,""
"2009-01-29",2490.3,NA,""
"2009-01-30",2434.57,NA,""
"2009-01-31",2379.28,NA,""
"2009-02-01",2225.63,NA,""
"2009-02-02",2073.1,NA,""
"2009-02-03",1897.61,NA,""
"2009-02-04",1838.1,NA,""
"2009-02-05",2100.56,NA,""
"2009-02-06",2114.33,207.304,"TM/Landsat-5"
"2009-02-07",2011.76,NA,""
"2009-02-08",1897.61,NA,""
"2009-02-09",1864.47,NA,""
"2009-02-10",1831.52,NA,""
"2009-02-11",1831.52,NA,""
"2009-02-12",1951.05,NA,""
"2009-02-13",2100.56,NA,""
"2009-02-14",2018.54,NA,""
"2009-02-15",2135.05,NA,""
"2009-02-16",2546.45,NA,""
"2009-02-17",2755.98,NA,""
"2009-02-18",2892.24,NA,""
"2009-02-19",3050.7,NA,""
"2009-02-20",3355.5,NA,""
"2009-02-21",3616.98,NA,""
"2009-02-22",3638.19,NA,""
"2009-02-23",3480.17,NA,""
"2009-02-24",3201.86,NA,""
"2009-02-25",2833.57,NA,""
"2009-02-26",2565.26,NA,""
"2009-02-27",2565.26,NA,""
"2009-02-28",2584.13,NA,""
"2009-03-01",2342.66,NA,""
"2009-03-02",2190.64,NA,""
"2009-03-03",2148.91,NA,""
"2009-03-04",2527.69,NA,""
"2009-03-05",2218.62,NA,""
"2009-03-06",2059.41,NA,""
"2009-03-07",1937.64,NA,""
"2009-03-08",1857.86,NA,""
"2009-03-09",1831.52,NA,""
"2009-03-10",1924.27,NA,""
"2009-03-11",2289.08,NA,""
"2009-03-12",2574.69,NA,""
"2009-03-13",2370.11,NA,""
"2009-03-14",2190.64,NA,""
"2009-03-15",2218.62,NA,""
"2009-03-16",2453.1,NA,""
"2009-03-17",2707.86,NA,""
"2009-03-18",2406.87,NA,""
"2009-03-19",2197.63,NA,""
"2009-03-20",2324.58,NA,""
"2009-03-21",2282,NA,""
"2009-03-22",2052.58,NA,""
"2009-03-23",2073.1,NA,""
"2009-03-24",2032.14,NA,""
"2009-03-25",2176.7,NA,""
"2009-03-26",2775.31,NA,""
"2009-03-27",2902.06,NA,""
"2009-03-28",3396.88,NA,""
"2009-03-29",4248.92,NA,""
"2009-03-30",4681.47,NA,""
"2009-03-31",4774.34,NA,""
"2009-04-01",4809.33,NA,""
"2009-04-02",4193.08,NA,""
"2009-04-03",3574.69,NA,""
"2009-04-04",3501.1,NA,""
"2009-04-05",3553.61,NA,""
"2009-04-06",3744.86,NA,""
"2009-04-07",3396.88,NA,""
"2009-04-08",3627.58,NA,""
"2009-04-09",3670.08,NA,""
"2009-04-10",3606.39,NA,""
"2009-04-11",3161.3,189.048,"TM/Landsat-5"
"2009-04-12",2574.69,NA,""
"2009-04-13",2148.91,NA,""
"2009-04-14",1977.95,NA,""
"2009-04-15",2565.26,NA,""
"2009-04-16",3242.58,NA,""
"2009-04-17",2833.57,NA,""
"2009-04-18",2527.69,NA,""
"2009-04-19",2296.16,NA,""
"2009-04-20",2086.81,NA,""
"2009-04-21",1897.61,NA,""
"2009-04-22",1753.27,NA,""
"2009-04-23",1638.07,NA,""
"2009-04-24",1556.54,NA,""
"2009-04-25",1482.53,NA,""
"2009-04-26",1421.79,NA,""
"2009-04-27",1379.79,NA,""
"2009-04-28",1332.31,NA,""
"2009-04-29",1285.4,NA,""
"2009-04-30",1239.05,NA,""
"2009-05-01",1204.68,NA,""
"2009-05-02",1159.35,NA,""
"2009-05-03",1136.91,NA,""
"2009-05-04",1103.52,NA,""
"2009-05-05",1081.46,NA,""
"2009-05-06",1048.64,NA,""
"2009-05-07",1048.64,NA,""
"2009-05-08",1131.32,NA,""
"2009-05-09",1176.28,NA,""
"2009-05-10",1103.52,NA,""
"2009-05-11",1037.77,NA,""
"2009-05-12",994.702,NA,""
"2009-05-13",962.806,64.716,"TM/Landsat-5"
"2009-05-14",952.252,NA,""
"2009-05-15",946.99,NA,""
"2009-05-16",931.263,NA,""
"2009-05-17",910.432,NA,""
"2009-05-18",920.828,NA,""
"2009-05-19",941.738,NA,""
"2009-05-20",920.828,NA,""
"2009-05-21",900.077,NA,""
"2009-05-22",879.486,NA,""
"2009-05-23",859.057,NA,""
"2009-05-24",838.791,NA,""
"2009-05-25",818.688,NA,""
"2009-05-26",798.752,NA,""
"2009-05-27",788.846,NA,""
"2009-05-28",774.065,NA,""
"2009-05-29",759.379,60.38,"TM/Landsat-5"
"2009-05-30",749.642,NA,""
"2009-05-31",749.642,NA,""
"2009-06-01",739.947,NA,""
"2009-06-02",720.685,NA,""
"2009-06-03",711.118,NA,""
"2009-06-04",691.543,NA,""
"2009-06-05",687.463,NA,""
"2009-06-06",683.392,NA,""
"2009-06-07",675.273,NA,""
"2009-06-08",667.185,NA,""
"2009-06-09",659.13,NA,""
"2009-06-10",651.107,NA,""
"2009-06-11",643.116,NA,""
"2009-06-12",635.158,NA,""
"2009-06-13",631.191,NA,""
"2009-06-14",627.232,43.81,"TM/Landsat-5"
"2009-06-15",627.232,NA,""
"2009-06-16",627.232,NA,""
"2009-06-17",627.232,NA,""
"2009-06-18",627.232,NA,""
"2009-06-19",635.158,NA,""
"2009-06-20",675.273,NA,""
"2009-06-21",759.379,NA,""
"2009-06-22",759.379,NA,""
"2009-06-23",691.543,NA,""
"2009-06-24",655.114,NA,""
"2009-06-25",631.191,NA,""
"2009-06-26",611.478,NA,""
"2009-06-27",599.75,NA,""
"2009-06-28",584.228,NA,""
"2009-06-29",576.518,NA,""
"2009-06-30",568.841,47.389,"TM/Landsat-5"
"2009-07-01",565.015,NA,""
"2009-07-02",557.389,NA,""
"2009-07-03",549.797,NA,""
"2009-07-04",542.239,NA,""
"2009-07-05",534.715,NA,""
"2009-07-06",527.227,NA,""
"2009-07-07",519.772,NA,""
"2009-07-08",512.353,NA,""
"2009-07-09",508.657,NA,""
"2009-07-10",501.29,NA,""
"2009-07-11",497.62,NA,""
"2009-07-12",490.306,NA,""
"2009-07-13",486.663,NA,""
"2009-07-14",479.403,NA,""
"2009-07-15",475.786,NA,""
"2009-07-16",472.179,NA,""
"2009-07-17",468.58,NA,""
"2009-07-18",464.991,NA,""
"2009-07-19",461.41,NA,""
"2009-07-20",454.277,NA,""
"2009-07-21",454.277,NA,""
"2009-07-22",450.723,NA,""
"2009-07-23",447.18,NA,""
"2009-07-24",447.18,NA,""
"2009-07-25",440.119,NA,""
"2009-07-26",440.119,NA,""
"2009-07-27",433.096,NA,""
"2009-07-28",426.109,NA,""
"2009-07-29",426.109,NA,""
"2009-07-30",419.161,NA,""
"2009-07-31",419.161,NA,""
"2009-08-01",412.249,49.479,"TM/Landsat-5"
"2009-08-02",412.249,NA,""
"2009-08-03",405.376,NA,""
"2009-08-04",398.54,NA,""
"2009-08-05",391.743,NA,""
"2009-08-06",384.984,NA,""
"2009-08-07",378.264,NA,""
"2009-08-08",374.919,NA,""
"2009-08-09",371.583,NA,""
"2009-08-10",368.257,NA,""
"2009-08-11",364.941,NA,""
"2009-08-12",358.338,NA,""
"2009-08-13",355.052,NA,""
"2009-08-14",351.775,NA,""
"2009-08-15",348.509,NA,""
"2009-08-16",345.252,NA,""
"2009-08-17",342.006,48.857,"TM/Landsat-5"
"2009-08-18",338.77,NA,""
"2009-08-19",338.77,NA,""
"2009-08-20",332.327,NA,""
"2009-08-21",329.121,NA,""
"2009-08-22",325.925,NA,""
"2009-08-23",322.74,NA,""
"2009-08-24",332.327,NA,""
"2009-08-25",332.327,NA,""
"2009-08-26",332.327,NA,""
"2009-08-27",345.252,NA,""
"2009-08-28",358.338,NA,""
"2009-08-29",384.984,NA,""
"2009-08-30",447.18,NA,""
"2009-08-31",479.403,NA,""
"2009-09-01",461.41,NA,""
"2009-09-02",436.603,61.227,"TM/Landsat-5"
"2009-09-03",412.249,NA,""
"2009-09-04",378.264,NA,""
"2009-09-05",378.264,NA,""
"2009-09-06",371.583,NA,""
"2009-09-07",378.264,NA,""
"2009-09-08",405.376,NA,""
"2009-09-09",433.096,NA,""
"2009-09-10",483.029,NA,""
"2009-09-11",468.58,NA,""
"2009-09-12",415.7,NA,""
"2009-09-13",419.161,NA,""
"2009-09-14",486.663,NA,""
"2009-09-15",542.239,NA,""
"2009-09-16",523.495,NA,""
"2009-09-17",450.723,NA,""
"2009-09-18",419.161,93.531,"TM/Landsat-5"
"2009-09-19",381.619,NA,""
"2009-09-20",361.635,NA,""
"2009-09-21",335.543,NA,""
"2009-09-22",325.925,NA,""
"2009-09-23",345.252,NA,""
"2009-09-24",358.338,NA,""
"2009-09-25",395.137,NA,""
"2009-09-26",483.029,NA,""
"2009-09-27",504.969,NA,""
"2009-09-28",464.991,NA,""
"2009-09-29",422.63,NA,""
"2009-09-30",391.743,NA,""
"2009-10-01",368.257,NA,""
"2009-10-02",358.338,NA,""
"2009-10-03",361.635,NA,""
"2009-10-04",371.583,NA,""
"2009-10-05",378.264,NA,""
"2009-10-06",371.583,NA,""
"2009-10-07",371.583,NA,""
"2009-10-08",388.359,NA,""
"2009-10-09",391.743,NA,""
"2009-10-10",381.619,NA,""
"2009-10-11",374.919,NA,""
"2009-10-12",395.137,NA,""
"2009-10-13",429.598,NA,""
"2009-10-14",398.54,NA,""
"2009-10-15",378.264,NA,""
"2009-10-16",374.919,NA,""
"2009-10-17",433.096,NA,""
"2009-10-18",461.41,NA,""
"2009-10-19",504.969,NA,""
"2009-10-20",501.29,NA,""
"2009-10-21",457.839,NA,""
"2009-10-22",422.63,NA,""
"2009-10-23",412.249,NA,""
"2009-10-24",426.109,NA,""
"2009-10-25",538.473,NA,""
"2009-10-26",595.857,NA,""
"2009-10-27",619.339,NA,""
"2009-10-28",730.294,NA,""
"2009-10-29",818.688,NA,""
"2009-10-30",788.846,NA,""
"2009-10-31",803.72,NA,""
"2009-11-01",848.903,NA,""
"2009-11-02",828.719,NA,""
"2009-11-03",788.846,NA,""
"2009-11-04",655.114,NA,""
"2009-11-05",565.015,NA,""
"2009-11-06",512.353,NA,""
"2009-11-07",497.62,NA,""
"2009-11-08",534.715,NA,""
"2009-11-09",769.159,NA,""
"2009-11-10",1086.96,NA,""
"2009-11-11",1070.48,NA,""
"2009-11-12",1070.48,NA,""
"2009-11-13",1391.75,NA,""
"2009-11-14",1851.27,NA,""
"2009-11-15",1792.25,NA,""
"2009-11-16",1507.06,NA,""
"2009-11-17",1227.56,NA,""
"2009-11-18",1048.64,NA,""
"2009-11-19",915.625,NA,""
"2009-11-20",798.752,NA,""
"2009-11-21",711.118,76.212,"TM/Landsat-5"
"2009-11-22",667.185,NA,""
"2009-11-23",659.13,NA,""
"2009-11-24",730.294,NA,""
"2009-11-25",823.699,NA,""
"2009-11-26",1625.44,NA,""
"2009-11-27",2114.33,NA,""
"2009-11-28",2093.68,NA,""
"2009-11-29",1857.86,NA,""
"2009-11-30",1910.92,NA,""
"2009-12-01",1824.96,NA,""
"2009-12-02",1606.55,NA,""
"2009-12-03",1638.07,NA,""
"2009-12-04",1924.27,NA,""
"2009-12-05",2232.65,NA,""
"2009-12-06",2707.86,NA,""
"2009-12-07",2882.43,NA,""
"2009-12-08",3809.37,NA,""
"2009-12-09",6329.72,NA,""
"2009-12-10",7438.14,NA,""
"2009-12-11",6355.4,NA,""
"2009-12-12",5380.9,NA,""
"2009-12-13",4600.71,NA,""
"2009-12-14",4204.23,NA,""
"2009-12-15",4452.02,NA,""
"2009-12-16",5211.93,NA,""
"2009-12-17",5284.12,NA,""
"2009-12-18",4474.79,NA,""
"2009-12-19",3691.39,NA,""
"2009-12-20",3501.1,NA,""
"2009-12-21",3304.01,NA,""
"2009-12-22",2892.24,NA,""
"2009-12-23",2736.7,NA,""
"2009-12-24",2669.58,NA,""
"2009-12-25",2471.68,NA,""
"2009-12-26",2333.54,NA,""
"2009-12-27",2253.75,NA,""
"2009-12-28",2310.36,NA,""
"2009-12-29",2717.46,NA,""
"2009-12-30",3490.63,NA,""
"2009-12-31",3928.6,NA,""
"2010-01-01",4193.08,NA,""
"2010-01-02",3852.58,NA,""
"2010-01-03",3648.81,NA,""
"2010-01-04",3994.17,NA,""
"2010-01-05",4181.95,NA,""
"2010-01-06",3638.19,NA,""
"2010-01-07",2990.94,NA,""
"2010-01-08",2621.99,NA,""
"2010-01-09",2804.39,NA,""
"2010-01-10",3511.58,NA,""
"2010-01-11",3852.58,NA,""
"2010-01-12",3627.58,NA,""
"2010-01-13",3304.01,NA,""
"2010-01-14",3242.58,NA,""
"2010-01-15",3334.87,NA,""
"2010-01-16",3050.7,NA,""
"2010-01-17",3242.58,NA,""
"2010-01-18",3376.17,NA,""
"2010-01-19",3263.02,NA,""
"2010-01-20",3020.77,NA,""
"2010-01-21",2833.57,NA,""
"2010-01-22",2527.69,NA,""
"2010-01-23",2379.28,NA,""
"2010-01-24",2862.85,NA,""
"2010-01-25",3010.81,NA,""
"2010-01-26",2765.64,NA,""
"2010-01-27",2660.04,NA,""
"2010-01-28",3020.77,NA,""
"2010-01-29",3040.71,NA,""
"2010-01-30",2621.99,NA,""
"2010-01-31",2490.3,NA,""
"2010-02-01",2508.97,NA,""
"2010-02-02",1811.85,NA,""
"2010-02-03",1568.99,NA,""
"2010-02-04",1488.65,NA,""
"2010-02-05",1562.76,NA,""
"2010-02-06",1427.83,NA,""
"2010-02-07",1344.13,NA,""
"2010-02-08",1297.07,NA,""
"2010-02-09",1285.4,NA,""
"2010-02-10",1385.76,NA,""
"2010-02-11",1476.42,NA,""
"2010-02-12",1951.05,NA,""
"2010-02-13",3131,NA,""
"2010-02-14",3841.76,NA,""
"2010-02-15",3448.86,NA,""
"2010-02-16",3030.73,NA,""
"2010-02-17",2833.57,NA,""
"2010-02-18",2660.04,NA,""
"2010-02-19",2518.32,NA,""
"2010-02-20",2631.48,NA,""
"2010-02-21",2882.43,NA,""
"2010-02-22",2593.57,NA,""
"2010-02-23",2253.75,NA,""
"2010-02-24",1619.13,NA,""
"2010-02-25",1314.65,NA,""
"2010-02-26",1256.36,NA,""
"2010-02-27",1256.36,NA,""
"2010-02-28",1326.42,NA,""
"2010-03-01",2025.34,NA,""
"2010-03-02",2804.39,NA,""
"2010-03-03",3616.98,NA,""
"2010-03-04",4950.16,NA,""
"2010-03-05",5613.14,NA,""
"2010-03-06",5699.55,NA,""
"2010-03-07",5417.34,NA,""
"2010-03-08",4751.06,NA,""
"2010-03-09",4226.56,NA,""
"2010-03-10",4027.09,NA,""
"2010-03-11",4005.13,NA,""
"2010-03-12",3659.44,NA,""
"2010-03-13",3212.02,NA,""
"2010-03-14",2882.43,NA,""
"2010-03-15",2640.99,NA,""
"2010-03-16",2565.26,NA,""
"2010-03-17",2406.87,NA,""
"2010-03-18",2282,NA,""
"2010-03-19",2162.79,NA,""
"2010-03-20",2100.56,NA,""
"2010-03-21",2141.98,NA,""
"2010-03-22",2162.79,NA,""
"2010-03-23",2183.67,NA,""
"2010-03-24",2342.66,NA,""
"2010-03-25",2416.09,NA,""
"2010-03-26",2736.7,NA,""
"2010-03-27",2707.86,NA,""
"2010-03-28",2593.57,NA,""
"2010-03-29",2480.98,NA,""
"2010-03-30",2862.85,NA,""
"2010-03-31",3293.74,NA,""
"2010-04-01",3110.86,NA,""
"2010-04-02",2902.06,NA,""
"2010-04-03",2892.24,NA,""
"2010-04-04",3252.79,NA,""
"2010-04-05",3438.44,NA,""
"2010-04-06",4383.96,NA,""
"2010-04-07",4903.06,NA,""
"2010-04-08",4316.26,NA,""
"2010-04-09",3501.1,NA,""
"2010-04-10",2941.45,NA,""
"2010-04-11",2621.99,NA,""
"2010-04-12",2416.09,NA,""
"2010-04-13",2274.92,NA,""
"2010-04-14",1805.31,133.293,"TM/Landsat-5"
"2010-04-15",1688.94,NA,""
"2010-04-16",1587.73,NA,""
"2010-04-17",1500.92,NA,""
"2010-04-18",1439.92,NA,""
"2010-04-19",1391.75,NA,""
"2010-04-20",1332.31,NA,""
"2010-04-21",1285.4,NA,""
"2010-04-22",1285.4,NA,""
"2010-04-23",1244.82,NA,""
"2010-04-24",1204.68,NA,""
"2010-04-25",1170.63,NA,""
"2010-04-26",1120.17,NA,""
"2010-04-27",1086.96,NA,""
"2010-04-28",1065,NA,""
"2010-04-29",1043.2,NA,""
"2010-04-30",1016.16,59.77,"TM/Landsat-5"
"2010-05-01",989.361,NA,""
"2010-05-02",968.097,NA,""
"2010-05-03",946.99,NA,""
"2010-05-04",931.263,NA,""
"2010-05-05",920.828,NA,""
"2010-05-06",910.432,NA,""
"2010-05-07",900.077,NA,""
"2010-05-08",889.761,NA,""
"2010-05-09",879.486,NA,""
"2010-05-10",869.251,NA,""
"2010-05-11",853.975,NA,""
"2010-05-12",833.75,NA,""
"2010-05-13",808.699,NA,""
"2010-05-14",808.699,NA,""
"2010-05-15",788.846,NA,""
"2010-05-16",778.982,54.654,"TM/Landsat-5"
"2010-05-17",778.982,NA,""
"2010-05-18",769.159,NA,""
"2010-05-19",759.379,NA,""
"2010-05-20",754.505,NA,""
"2010-05-21",739.947,NA,""
"2010-05-22",730.294,NA,""
"2010-05-23",720.685,NA,""
"2010-05-24",720.685,NA,""
"2010-05-25",711.118,NA,""
"2010-05-26",701.595,NA,""
"2010-05-27",691.543,NA,""
"2010-05-28",683.392,NA,""
"2010-05-29",675.273,NA,""
"2010-05-30",667.185,NA,""
"2010-05-31",659.13,NA,""
"2010-06-01",651.107,NA,""
"2010-06-02",643.116,NA,""
"2010-06-03",635.158,NA,""
"2010-06-04",631.191,NA,""
"2010-06-05",627.232,NA,""
"2010-06-06",619.339,NA,""
"2010-06-07",619.339,NA,""
"2010-06-08",631.191,NA,""
"2010-06-09",643.116,NA,""
"2010-06-10",643.116,NA,""
"2010-06-11",627.232,NA,""
"2010-06-12",615.404,NA,""
"2010-06-13",603.651,NA,""
"2010-06-14",595.857,NA,""
"2010-06-15",584.228,NA,""
"2010-06-16",576.518,NA,""
"2010-06-17",565.015,54.668,"TM/Landsat-5"
"2010-06-18",561.198,NA,""
"2010-06-19",565.015,NA,""
"2010-06-20",557.389,NA,""
"2010-06-21",549.797,NA,""
"2010-06-22",542.239,NA,""
"2010-06-23",542.239,NA,""
"2010-06-24",534.715,NA,""
"2010-06-25",534.715,NA,""
"2010-06-26",527.227,NA,""
"2010-06-27",519.772,NA,""
"2010-06-28",512.353,NA,""
"2010-06-29",508.657,NA,""
"2010-06-30",504.969,NA,""
"2010-07-01",497.62,NA,""
"2010-07-02",497.62,NA,""
"2010-07-03",490.306,52.676,"TM/Landsat-5"
"2010-07-04",490.306,NA,""
"2010-07-05",483.029,NA,""
"2010-07-06",483.029,NA,""
"2010-07-07",475.786,NA,""
"2010-07-08",475.786,NA,""
"2010-07-09",468.58,NA,""
"2010-07-10",468.58,NA,""
"2010-07-11",461.41,NA,""
"2010-07-12",461.41,NA,""
"2010-07-13",454.277,NA,""
"2010-07-14",450.723,NA,""
"2010-07-15",447.18,NA,""
"2010-07-16",443.645,NA,""
"2010-07-17",443.645,NA,""
"2010-07-18",443.645,NA,""
"2010-07-19",443.645,NA,""
"2010-07-20",440.119,NA,""
"2010-07-21",440.119,NA,""
"2010-07-22",436.603,NA,""
"2010-07-23",433.096,NA,""
"2010-07-24",429.598,NA,""
"2010-07-25",426.109,NA,""
"2010-07-26",419.161,NA,""
"2010-07-27",412.249,NA,""
"2010-07-28",408.808,NA,""
"2010-07-29",405.376,NA,""
"2010-07-30",398.54,NA,""
"2010-07-31",395.137,NA,""
"2010-08-01",391.743,NA,""
"2010-08-02",391.743,NA,""
"2010-08-03",388.359,NA,""
"2010-08-04",384.984,NA,""
"2010-08-05",381.619,NA,""
"2010-08-06",378.264,NA,""
"2010-08-07",374.919,NA,""
"2010-08-08",371.583,NA,""
"2010-08-09",371.583,NA,""
"2010-08-10",371.583,NA,""
"2010-08-11",368.257,NA,""
"2010-08-12",364.941,NA,""
"2010-08-13",361.635,NA,""
"2010-08-14",358.338,NA,""
"2010-08-15",355.052,NA,""
"2010-08-16",351.775,NA,""
"2010-08-17",348.509,NA,""
"2010-08-18",345.252,NA,""
"2010-08-19",342.006,NA,""
"2010-08-20",342.006,NA,""
"2010-08-21",342.006,NA,""
"2010-08-22",338.77,NA,""
"2010-08-23",338.77,NA,""
"2010-08-24",332.327,NA,""
"2010-08-25",332.327,NA,""
"2010-08-26",329.121,NA,""
"2010-08-27",325.925,NA,""
"2010-08-28",325.925,NA,""
"2010-08-29",319.565,NA,""
"2010-08-30",319.565,NA,""
"2010-08-31",319.565,NA,""
"2010-09-01",313.245,NA,""
"2010-09-02",313.245,NA,""
"2010-09-03",306.967,NA,""
"2010-09-04",306.967,NA,""
"2010-09-05",303.844,30.698,"TM/Landsat-5"
"2010-09-06",300.731,NA,""
"2010-09-07",297.629,NA,""
"2010-09-08",294.537,NA,""
"2010-09-09",294.537,NA,""
"2010-09-10",291.456,NA,""
"2010-09-11",288.385,NA,""
"2010-09-12",285.326,NA,""
"2010-09-13",282.277,NA,""
"2010-09-14",282.277,NA,""
"2010-09-15",279.238,NA,""
"2010-09-16",276.211,NA,""
"2010-09-17",273.194,NA,""
"2010-09-18",273.194,NA,""
"2010-09-19",270.189,NA,""
"2010-09-20",264.21,NA,""
"2010-09-21",264.21,30.671,"TM/Landsat-5"
"2010-09-22",261.237,NA,""
"2010-09-23",258.275,NA,""
"2010-09-24",258.275,NA,""
"2010-09-25",255.324,NA,""
"2010-09-26",255.324,NA,""
"2010-09-27",255.324,NA,""
"2010-09-28",252.385,NA,""
"2010-09-29",252.385,NA,""
"2010-09-30",255.324,NA,""
"2010-10-01",258.275,NA,""
"2010-10-02",258.275,NA,""
"2010-10-03",264.21,NA,""
"2010-10-04",273.194,NA,""
"2010-10-05",345.252,NA,""
"2010-10-06",557.389,NA,""
"2010-10-07",691.543,103.737,"TM/Landsat-5"
"2010-10-08",643.116,NA,""
"2010-10-09",527.227,NA,""
"2010-10-10",447.18,NA,""
"2010-10-11",398.54,NA,""
"2010-10-12",384.984,NA,""
"2010-10-13",378.264,NA,""
"2010-10-14",351.775,NA,""
"2010-10-15",325.925,NA,""
"2010-10-16",306.967,NA,""
"2010-10-17",294.537,NA,""
"2010-10-18",282.277,NA,""
"2010-10-19",282.277,NA,""
"2010-10-20",282.277,NA,""
"2010-10-21",294.537,NA,""
"2010-10-22",319.565,NA,""
"2010-10-23",335.543,NA,""
"2010-10-24",338.77,NA,""
"2010-10-25",332.327,NA,""
"2010-10-26",351.775,NA,""
"2010-10-27",426.109,NA,""
"2010-10-28",443.645,NA,""
"2010-10-29",433.096,NA,""
"2010-10-30",447.18,NA,""
"2010-10-31",447.18,NA,""
"2010-11-01",412.249,NA,""
"2010-11-02",384.984,NA,""
"2010-11-03",440.119,NA,""
"2010-11-04",701.595,NA,""
"2010-11-05",952.252,NA,""
"2010-11-06",864.149,NA,""
"2010-11-07",739.947,NA,""
"2010-11-08",687.463,NA,""
"2010-11-09",769.159,NA,""
"2010-11-10",818.688,NA,""
"2010-11-11",818.688,NA,""
"2010-11-12",764.264,NA,""
"2010-11-13",659.13,NA,""
"2010-11-14",619.339,NA,""
"2010-11-15",568.841,NA,""
"2010-11-16",553.589,NA,""
"2010-11-17",591.972,NA,""
"2010-11-18",730.294,NA,""
"2010-11-19",936.495,NA,""
"2010-11-20",1136.91,NA,""
"2010-11-21",1059.54,NA,""
"2010-11-22",900.077,NA,""
"2010-11-23",869.251,NA,""
"2010-11-24",962.806,NA,""
"2010-11-25",1164.98,NA,""
"2010-11-26",1239.05,NA,""
"2010-11-27",1239.05,NA,""
"2010-11-28",1262.15,NA,""
"2010-11-29",1204.68,NA,""
"2010-11-30",1136.91,NA,""
"2010-12-01",1114.61,NA,""
"2010-12-02",1048.64,NA,""
"2010-12-03",1037.77,NA,""
"2010-12-04",1097.99,NA,""
"2010-12-05",1256.36,NA,""
"2010-12-06",1193.29,NA,""
"2010-12-07",1059.54,NA,""
"2010-12-08",931.263,NA,""
"2010-12-09",973.399,NA,""
"2010-12-10",994.702,NA,""
"2010-12-11",941.738,NA,""
"2010-12-12",931.263,NA,""
"2010-12-13",984.031,NA,""
"2010-12-14",946.99,NA,""
"2010-12-15",905.249,NA,""
"2010-12-16",879.486,NA,""
"2010-12-17",900.077,NA,""
"2010-12-18",989.361,NA,""
"2010-12-19",931.263,NA,""
"2010-12-20",905.249,NA,""
"2010-12-21",1016.16,NA,""
"2010-12-22",1153.73,NA,""
"2010-12-23",1181.94,NA,""
"2010-12-24",1075.96,NA,""
"2010-12-25",1005.41,NA,""
"2010-12-26",1048.64,NA,""
"2010-12-27",978.71,NA,""
"2010-12-28",968.097,NA,""
"2010-12-29",1054.08,NA,""
"2010-12-30",1221.82,NA,""
"2010-12-31",1657.09,NA,""
"2011-01-01",1951.05,NA,""
"2011-01-02",1964.48,NA,""
"2011-01-03",1971.21,NA,""
"2011-01-04",2190.64,NA,""
"2011-01-05",2379.28,NA,""
"2011-01-06",2388.47,NA,""
"2011-01-07",2370.11,NA,""
"2011-01-08",2603.03,NA,""
"2011-01-09",2862.85,NA,""
"2011-01-10",2981.02,NA,""
"2011-01-11",2981.02,NA,""
"2011-01-12",2961.21,NA,""
"2011-01-13",2951.32,NA,""
"2011-01-14",3191.7,NA,""
"2011-01-15",3345.18,NA,""
"2011-01-16",3480.17,NA,""
"2011-01-17",3606.39,NA,""
"2011-01-18",3659.44,NA,""
"2011-01-19",3670.08,NA,""
"2011-01-20",3627.58,NA,""
"2011-01-21",3522.07,NA,""
"2011-01-22",3396.88,NA,""
"2011-01-23",3252.79,NA,""
"2011-01-24",3030.73,NA,""
"2011-01-25",2814.1,NA,""
"2011-01-26",2650.51,NA,""
"2011-01-27",2351.8,209.093,"TM/Landsat-5"
"2011-01-28",2114.33,NA,""
"2011-01-29",1890.97,NA,""
"2011-01-30",1740.34,NA,""
"2011-01-31",1708.16,NA,""
"2011-02-01",1884.33,NA,""
"2011-02-02",2004.98,NA,""
"2011-02-03",1864.47,NA,""
"2011-02-04",1727.44,NA,""
"2011-02-05",1638.07,NA,""
"2011-02-06",1663.44,NA,""
"2011-02-07",1644.4,NA,""
"2011-02-08",1695.34,NA,""
"2011-02-09",1890.97,NA,""
"2011-02-10",1930.95,NA,""
"2011-02-11",1917.59,NA,""
"2011-02-12",1937.64,NA,""
"2011-02-13",1811.85,NA,""
"2011-02-14",1695.34,NA,""
"2011-02-15",1600.27,NA,""
"2011-02-16",1644.4,NA,""
"2011-02-17",2004.98,NA,""
"2011-02-18",2360.95,NA,""
"2011-02-19",2370.11,NA,""
"2011-02-20",2218.62,NA,""
"2011-02-21",2114.33,NA,""
"2011-02-22",2169.74,NA,""
"2011-02-23",2148.91,NA,""
"2011-02-24",1977.95,NA,""
"2011-02-25",1824.96,NA,""
"2011-02-26",1688.94,NA,""
"2011-02-27",1663.44,NA,""
"2011-02-28",1917.59,NA,""
"2011-03-01",2342.66,NA,""
"2011-03-02",2679.13,NA,""
"2011-03-03",2882.43,NA,""
"2011-03-04",3010.81,NA,""
"2011-03-05",3110.86,NA,""
"2011-03-06",3222.2,NA,""
"2011-03-07",3314.28,NA,""
"2011-03-08",3407.25,NA,""
"2011-03-09",3459.28,NA,""
"2011-03-10",3574.69,NA,""
"2011-03-11",3712.75,NA,""
"2011-03-12",3906.83,NA,""
"2011-03-13",4104.27,NA,""
"2011-03-14",4137.5,NA,""
"2011-03-15",4181.95,NA,""
"2011-03-16",4148.6,30.483,"TM/Landsat-5"
"2011-03-17",4060.11,NA,""
"2011-03-18",3928.6,NA,""
"2011-03-19",3820.15,NA,""
"2011-03-20",3712.75,NA,""
"2011-03-21",3648.81,NA,""
"2011-03-22",3585.25,NA,""
"2011-03-23",3553.61,NA,""
"2011-03-24",3564.15,NA,""
"2011-03-25",3606.39,NA,""
"2011-03-26",3755.58,NA,""
"2011-03-27",3852.58,NA,""
"2011-03-28",3917.71,NA,""
"2011-03-29",3906.83,NA,""
"2011-03-30",3809.37,NA,""
"2011-03-31",3670.08,NA,""
"2011-04-01",3522.07,85.491,"TM/Landsat-5"
"2011-04-02",3365.83,NA,""
"2011-04-03",3171.42,NA,""
"2011-04-04",3020.77,NA,""
"2011-04-05",2990.94,NA,""
"2011-04-06",2990.94,NA,""
"2011-04-07",3000.87,NA,""
"2011-04-08",3010.81,NA,""
"2011-04-09",3010.81,NA,""
"2011-04-10",2872.64,NA,""
"2011-04-11",2650.51,187.6,"ANA"
"2011-04-12",2508.97,NA,""
"2011-04-13",2631.48,NA,""
"2011-04-14",2640.99,NA,""
"2011-04-15",2453.1,NA,""
"2011-04-16",2211.61,NA,""
"2011-04-17",2045.76,167.223,"TM/Landsat-5"
"2011-04-18",1917.59,NA,""
"2011-04-19",1805.31,NA,""
"2011-04-20",1714.58,NA,""
"2011-04-21",1631.75,NA,""
"2011-04-22",1562.76,NA,""
"2011-04-23",1537.92,NA,""
"2011-04-24",1488.65,NA,""
"2011-04-25",1452.05,NA,""
"2011-04-26",1403.74,NA,""
"2011-04-27",1367.87,NA,""
"2011-04-28",1332.31,NA,""
"2011-04-29",1302.92,NA,""
"2011-04-30",1285.4,NA,""
"2011-05-01",1320.53,NA,""
"2011-05-02",1344.13,NA,""
"2011-05-03",1262.15,103.487,"TM/Landsat-5"
"2011-05-04",1227.56,NA,""
"2011-05-05",1221.82,NA,""
"2011-05-06",1250.59,NA,""
"2011-05-07",1216.1,NA,""
"2011-05-08",1170.63,NA,""
"2011-05-09",1142.5,NA,""
"2011-05-10",1109.06,NA,""
"2011-05-11",1081.46,NA,""
"2011-05-12",1054.08,NA,""
"2011-05-13",1032.35,NA,""
"2011-05-14",1016.16,NA,""
"2011-05-15",994.702,NA,""
"2011-05-16",973.399,NA,""
"2011-05-17",952.252,NA,""
"2011-05-18",941.738,NA,""
"2011-05-19",931.263,NA,""
"2011-05-20",920.828,NA,""
"2011-05-21",910.432,NA,""
"2011-05-22",900.077,NA,""
"2011-05-23",889.761,NA,""
"2011-05-24",879.486,NA,""
"2011-05-25",869.251,NA,""
"2011-05-26",848.903,NA,""
"2011-05-27",838.791,NA,""
"2011-05-28",828.719,NA,""
"2011-05-29",818.688,NA,""
"2011-05-30",808.699,NA,""
"2011-05-31",798.752,NA,""
"2011-06-01",788.846,NA,""
"2011-06-02",778.982,NA,""
"2011-06-03",769.159,NA,""
"2011-06-04",759.379,46.433,"TM/Landsat-5"
"2011-06-05",749.642,NA,""
"2011-06-06",739.947,NA,""
"2011-06-07",730.294,NA,""
"2011-06-08",720.685,NA,""
"2011-06-09",715.896,NA,""
"2011-06-10",715.896,NA,""
"2011-06-11",715.896,NA,""
"2011-06-12",730.294,NA,""
"2011-06-13",798.752,NA,""
"2011-06-14",900.077,NA,""
"2011-06-15",900.077,NA,""
"2011-06-16",828.719,NA,""
"2011-06-17",769.159,NA,""
"2011-06-18",739.947,NA,""
"2011-06-19",711.118,NA,""
"2011-06-20",701.595,76.502,"TM/Landsat-5"
"2011-06-21",691.543,NA,""
"2011-06-22",679.328,NA,""
"2011-06-23",671.225,NA,""
"2011-06-24",667.185,NA,""
"2011-06-25",659.13,NA,""
"2011-06-26",651.107,NA,""
"2011-06-27",643.116,NA,""
"2011-06-28",631.191,NA,""
"2011-06-29",627.232,NA,""
"2011-06-30",623.281,NA,""
"2011-07-01",619.339,NA,""
"2011-07-02",615.404,NA,""
"2011-07-03",611.478,NA,""
"2011-07-04",603.651,NA,""
"2011-07-05",599.75,NA,""
"2011-07-06",595.857,NA,""
"2011-07-07",584.228,NA,""
"2011-07-08",580.369,NA,""
"2011-07-09",576.518,NA,""
"2011-07-10",572.675,NA,""
"2011-07-11",568.841,NA,""
"2011-07-12",561.198,NA,""
"2011-07-13",557.389,NA,""
"2011-07-14",549.797,NA,""
"2011-07-15",542.239,NA,""
"2011-07-16",538.473,NA,""
"2011-07-17",534.715,NA,""
"2011-07-18",527.227,NA,""
"2011-07-19",527.227,NA,""
"2011-07-20",523.495,NA,""
"2011-07-21",519.772,NA,""
"2011-07-22",516.058,48.697,"TM/Landsat-5"
"2011-07-23",512.353,NA,""
"2011-07-24",504.969,NA,""
"2011-07-25",497.62,NA,""
"2011-07-26",490.306,NA,""
"2011-07-27",486.663,NA,""
"2011-07-28",483.029,NA,""
"2011-07-29",475.786,NA,""
"2011-07-30",472.179,NA,""
"2011-07-31",468.58,NA,""
"2011-08-01",461.41,NA,""
"2011-08-02",461.41,NA,""
"2011-08-03",454.277,NA,""
"2011-08-04",450.723,NA,""
"2011-08-05",447.18,NA,""
"2011-08-06",443.645,NA,""
"2011-08-07",440.119,45.927,"TM/Landsat-5"
"2011-08-08",440.119,NA,""
"2011-08-09",440.119,NA,""
"2011-08-10",440.119,NA,""
"2011-08-11",436.603,NA,""
"2011-08-12",433.096,NA,""
"2011-08-13",426.109,NA,""
"2011-08-14",419.161,NA,""
"2011-08-15",412.249,NA,""
"2011-08-16",405.376,NA,""
"2011-08-17",398.54,NA,""
"2011-08-18",398.54,NA,""
"2011-08-19",391.743,NA,""
"2011-08-20",384.984,NA,""
"2011-08-21",381.619,NA,""
"2011-08-22",378.264,NA,""
"2011-08-23",378.264,NA,""
"2011-08-24",371.583,NA,""
"2011-08-25",371.583,NA,""
"2011-08-26",371.583,NA,""
"2011-08-27",371.583,NA,""
"2011-08-28",371.583,NA,""
"2011-08-29",368.257,NA,""
"2011-08-30",364.941,NA,""
"2011-08-31",358.338,NA,""
"2011-09-01",355.052,NA,""
"2011-09-02",351.775,NA,""
"2011-09-03",348.509,NA,""
"2011-09-04",345.252,NA,""
"2011-09-05",338.77,NA,""
"2011-09-06",338.77,NA,""
"2011-09-07",342.006,NA,""
"2011-09-08",332.327,44.194,"TM/Landsat-5"
"2011-09-09",329.121,NA,""
"2011-09-10",325.925,NA,""
"2011-09-11",319.565,NA,""
"2011-09-12",316.4,NA,""
"2011-09-13",313.245,NA,""
"2011-09-14",313.245,NA,""
"2011-09-15",310.101,NA,""
"2011-09-16",310.101,NA,""
"2011-09-17",310.101,NA,""
"2011-09-18",319.565,NA,""
"2011-09-19",319.565,NA,""
"2011-09-20",316.4,NA,""
"2011-09-21",313.245,NA,""
"2011-09-22",306.967,NA,""
"2011-09-23",297.629,NA,""
"2011-09-24",291.456,NA,""
"2011-09-25",288.385,NA,""
"2011-09-26",288.385,NA,""
"2011-09-27",288.385,NA,""
"2011-09-28",288.385,NA,""
"2011-09-29",288.385,NA,""
"2011-09-30",285.326,NA,""
"2011-10-01",285.326,NA,""
"2011-10-02",288.385,NA,""
"2011-10-03",297.629,NA,""
"2011-10-04",303.844,NA,""
"2011-10-05",313.245,NA,""
"2011-10-06",322.74,NA,""
"2011-10-07",332.327,NA,""
"2011-10-08",345.252,NA,""
"2011-10-09",371.583,NA,""
"2011-10-10",501.29,NA,""
"2011-10-11",557.389,NA,""
"2011-10-12",542.239,NA,""
"2011-10-13",497.62,NA,""
"2011-10-14",483.029,NA,""
"2011-10-15",538.473,NA,""
"2011-10-16",549.797,NA,""
"2011-10-17",538.473,NA,""
"2011-10-18",553.589,NA,""
"2011-10-19",631.191,NA,""
"2011-10-20",663.154,NA,""
"2011-10-21",659.13,NA,""
"2011-10-22",603.651,NA,""
"2011-10-23",538.473,NA,""
"2011-10-24",501.29,NA,""
"2011-10-25",483.029,NA,""
"2011-10-26",490.306,NA,""
"2011-10-27",504.969,NA,""
"2011-10-28",490.306,NA,""
"2011-10-29",486.663,NA,""
"2011-10-30",508.657,NA,""
"2011-10-31",549.797,NA,""
"2011-11-01",542.239,NA,""
"2011-11-02",512.353,NA,""
"2011-11-03",538.473,NA,""
"2011-11-04",627.232,NA,""
"2011-11-05",595.857,NA,""
"2011-11-06",530.967,NA,""
"2011-11-07",483.029,NA,""
"2011-11-08",464.991,NA,""
"2011-11-09",457.839,NA,""
"2011-11-10",464.991,NA,""
"2011-11-11",447.18,NA,""
"2011-11-12",440.119,NA,""
"2011-11-13",440.119,NA,""
"2011-11-14",443.645,NA,""
"2011-11-15",468.58,NA,""
"2011-11-16",447.18,NA,""
"2011-11-17",454.277,NA,""
"2011-11-18",527.227,NA,""
"2011-11-19",696.85,NA,""
"2011-11-20",720.685,NA,""
"2011-11-21",651.107,NA,""
"2011-11-22",580.369,NA,""
"2011-11-23",538.473,NA,""
"2011-11-24",508.657,NA,""
"2011-11-25",519.772,NA,""
"2011-11-26",568.841,NA,""
"2011-11-27",635.158,NA,""
"2011-11-28",603.651,NA,""
"2011-11-29",561.198,NA,""
"2011-11-30",572.675,NA,""
"2011-12-01",549.797,NA,""
"2011-12-02",530.967,NA,""
"2011-12-03",530.967,NA,""
"2011-12-04",599.75,NA,""
"2011-12-05",675.273,NA,""
"2011-12-06",691.543,NA,""
"2011-12-07",711.118,NA,""
"2011-12-08",667.185,NA,""
"2011-12-09",607.561,NA,""
"2011-12-10",603.651,NA,""
"2011-12-11",894.914,NA,""
"2011-12-12",1000.05,NA,""
"2011-12-13",1016.16,NA,""
"2011-12-14",1125.74,NA,""
"2011-12-15",1267.95,NA,""
"2011-12-16",1279.57,NA,""
"2011-12-17",1285.4,NA,""
"2011-12-18",1439.92,NA,""
"2011-12-19",1513.22,NA,""
"2011-12-20",1433.87,NA,""
"2011-12-21",1391.75,NA,""
"2011-12-22",1379.79,NA,""
"2011-12-23",1308.78,NA,""
"2011-12-24",1204.68,NA,""
"2011-12-25",1250.59,NA,""
"2011-12-26",1314.65,NA,""
"2011-12-27",1308.78,NA,""
"2011-12-28",1308.78,NA,""
"2011-12-29",1320.53,NA,""
"2011-12-30",1338.21,NA,""
"2011-12-31",1544.12,NA,""
"2012-01-01",1638.07,NA,""
"2012-01-02",1884.33,NA,""
"2012-01-03",2086.81,NA,""
"2012-01-04",2176.7,NA,""
"2012-01-05",2107.44,NA,""
"2012-01-06",1951.05,NA,""
"2012-01-07",1740.34,NA,""
"2012-01-08",1619.13,NA,""
"2012-01-09",1805.31,NA,""
"2012-01-10",2155.84,NA,""
"2012-01-11",2296.16,NA,""
"2012-01-12",2660.04,NA,""
"2012-01-13",2794.68,NA,""
"2012-01-14",2843.32,NA,""
"2012-01-15",2902.06,NA,""
"2012-01-16",3030.73,NA,""
"2012-01-17",3110.86,NA,""
"2012-01-18",3191.7,NA,""
"2012-01-19",3212.02,NA,""
"2012-01-20",3110.86,NA,""
"2012-01-21",2823.83,NA,""
"2012-01-22",2603.03,NA,""
"2012-01-23",2324.58,NA,""
"2012-01-24",2169.74,NA,""
"2012-01-25",2169.74,NA,""
"2012-01-26",2183.67,NA,""
"2012-01-27",2121.23,NA,""
"2012-01-28",2052.58,NA,""
"2012-01-29",2260.8,NA,""
"2012-01-30",2425.33,NA,""
"2012-01-31",2324.58,NA,""
"2012-02-01",2260.8,NA,""
"2012-02-02",2565.26,NA,""
"2012-02-03",2833.57,NA,""
"2012-02-04",2971.11,NA,""
"2012-02-05",3010.81,NA,""
"2012-02-06",2931.58,NA,""
"2012-02-07",2736.7,NA,""
"2012-02-08",2471.68,NA,""
"2012-02-09",2183.67,NA,""
"2012-02-10",1971.21,NA,""
"2012-02-11",1818.4,NA,""
"2012-02-12",1753.27,NA,""
"2012-02-13",1766.23,NA,""
"2012-02-14",2079.95,NA,""
"2012-02-15",2310.36,NA,""
"2012-02-16",2351.8,NA,""
"2012-02-17",2303.26,NA,""
"2012-02-18",2197.63,NA,""
"2012-02-19",2038.94,NA,""
"2012-02-20",1884.33,NA,""
"2012-02-21",1785.73,NA,""
"2012-02-22",1701.74,NA,""
"2012-02-23",1676.18,NA,""
"2012-02-24",1746.8,NA,""
"2012-02-25",1864.47,NA,""
"2012-02-26",1857.86,NA,""
"2012-02-27",1811.85,NA,""
"2012-02-28",2086.81,NA,""
"2012-02-29",2128.14,NA,""
"2012-03-01",1957.76,NA,""
"2012-03-02",1759.75,NA,""
"2012-03-03",1631.75,NA,""
"2012-03-04",1550.32,NA,""
"2012-03-05",1476.42,NA,""
"2012-03-06",1397.74,NA,""
"2012-03-07",1332.31,NA,""
"2012-03-08",1291.23,NA,""
"2012-03-09",1279.57,NA,""
"2012-03-10",1397.74,NA,""
"2012-03-11",1415.76,NA,""
"2012-03-12",1344.13,NA,""
"2012-03-13",1308.78,NA,""
"2012-03-14",1262.15,NA,""
"2012-03-15",1227.56,NA,""
"2012-03-16",1210.38,NA,""
"2012-03-17",1267.95,NA,""
"2012-03-18",1391.75,NA,""
"2012-03-19",1500.92,NA,""
"2012-03-20",1525.55,NA,""
"2012-03-21",1625.44,NA,""
"2012-03-22",1831.52,NA,""
"2012-03-23",1917.59,273.7,"ANA"
"2012-03-24",1851.27,NA,""
"2012-03-25",1695.34,NA,""
"2012-03-26",1663.44,NA,""
"2012-03-27",1701.74,NA,""
"2012-03-28",1581.47,NA,""
"2012-03-29",1519.38,NA,""
"2012-03-30",1568.99,NA,""
"2012-03-31",1525.55,NA,""
"2012-04-01",1391.75,NA,""
"2012-04-02",1314.65,NA,""
"2012-04-03",1233.3,NA,""
"2012-04-04",1181.94,NA,""
"2012-04-05",1193.29,NA,""
"2012-04-06",1216.1,NA,""
"2012-04-07",1267.95,NA,""
"2012-04-08",1216.1,NA,""
"2012-04-09",1114.61,NA,""
"2012-04-10",1037.77,NA,""
"2012-04-11",1037.77,NA,""
"2012-04-12",1109.06,NA,""
"2012-04-13",1148.11,NA,""
"2012-04-14",1120.17,NA,""
"2012-04-15",1086.96,NA,""
"2012-04-16",1000.05,NA,""
"2012-04-17",984.031,NA,""
"2012-04-18",1026.95,NA,""
"2012-04-19",1114.61,NA,""
"2012-04-20",1054.08,NA,""
"2012-04-21",978.71,NA,""
"2012-04-22",936.495,NA,""
"2012-04-23",941.738,NA,""
"2012-04-24",1086.96,NA,""
"2012-04-25",1216.1,NA,""
"2012-04-26",1125.74,NA,""
"2012-04-27",1048.64,NA,""
"2012-04-28",994.702,NA,""
"2012-04-29",952.252,NA,""
"2012-04-30",973.399,NA,""
"2012-05-01",1005.41,NA,""
"2012-05-02",968.097,NA,""
"2012-05-03",889.761,NA,""
"2012-05-04",848.903,NA,""
"2012-05-05",788.846,NA,""
"2012-05-06",749.642,NA,""
"2012-05-07",720.685,NA,""
"2012-05-08",701.595,NA,""
"2012-05-09",683.392,NA,""
"2012-05-10",667.185,NA,""
"2012-05-11",655.114,NA,""
"2012-05-12",643.116,NA,""
"2012-05-13",631.191,NA,""
"2012-05-14",627.232,NA,""
"2012-05-15",639.133,NA,""
"2012-05-16",683.392,NA,""
"2012-05-17",711.118,NA,""
"2012-05-18",730.294,NA,""
"2012-05-19",749.642,NA,""
"2012-05-20",759.379,NA,""
"2012-05-21",711.118,NA,""
"2012-05-22",675.273,NA,""
"2012-05-23",647.107,NA,""
"2012-05-24",631.191,NA,""
"2012-05-25",619.339,NA,""
"2012-05-26",611.478,NA,""
"2012-05-27",615.404,NA,""
"2012-05-28",631.191,NA,""
"2012-05-29",679.328,NA,""
"2012-05-30",659.13,NA,""
"2012-05-31",623.281,NA,""
"2012-06-01",619.339,NA,""
"2012-06-02",659.13,NA,""
"2012-06-03",659.13,NA,""
"2012-06-04",619.339,NA,""
"2012-06-05",584.228,NA,""
"2012-06-06",565.015,NA,""
"2012-06-07",557.389,NA,""
"2012-06-08",549.797,NA,""
"2012-06-09",588.096,NA,""
"2012-06-10",639.133,NA,""
"2012-06-11",647.107,NA,""
"2012-06-12",611.478,NA,""
"2012-06-13",572.675,NA,""
"2012-06-14",557.389,NA,""
"2012-06-15",542.239,NA,""
"2012-06-16",527.227,NA,""
"2012-06-17",512.353,NA,""
"2012-06-18",504.969,NA,""
"2012-06-19",497.62,NA,""
"2012-06-20",490.306,NA,""
"2012-06-21",483.029,NA,""
"2012-06-22",475.786,NA,""
"2012-06-23",475.786,NA,""
"2012-06-24",479.403,NA,""
"2012-06-25",475.786,NA,""
"2012-06-26",483.029,NA,""
"2012-06-27",501.29,NA,""
"2012-06-28",519.772,NA,""
"2012-06-29",497.62,NA,""
"2012-06-30",475.786,NA,""
"2012-07-01",461.41,NA,""
"2012-07-02",447.18,NA,""
"2012-07-03",440.119,NA,""
"2012-07-04",433.096,NA,""
"2012-07-05",426.109,NA,""
"2012-07-06",426.109,41.4,"ANA"
"2012-07-07",419.161,NA,""
"2012-07-08",412.249,NA,""
"2012-07-09",408.808,NA,""
"2012-07-10",405.376,NA,""
"2012-07-11",405.376,NA,""
"2012-07-12",398.54,NA,""
"2012-07-13",398.54,NA,""
"2012-07-14",391.743,NA,""
"2012-07-15",381.619,NA,""
"2012-07-16",378.264,NA,""
"2012-07-17",374.919,NA,""
"2012-07-18",371.583,NA,""
"2012-07-19",371.583,NA,""
"2012-07-20",381.619,NA,""
"2012-07-21",388.359,NA,""
"2012-07-22",388.359,NA,""
"2012-07-23",384.984,NA,""
"2012-07-24",381.619,NA,""
"2012-07-25",381.619,NA,""
"2012-07-26",378.264,NA,""
"2012-07-27",374.919,NA,""
"2012-07-28",371.583,NA,""
"2012-07-29",364.941,NA,""
"2012-07-30",361.635,NA,""
"2012-07-31",358.338,NA,""
"2012-08-01",355.052,NA,""
"2012-08-02",351.775,NA,""
"2012-08-03",348.509,NA,""
"2012-08-04",345.252,NA,""
"2012-08-05",342.006,NA,""
"2012-08-06",342.006,NA,""
"2012-08-07",342.006,NA,""
"2012-08-08",338.77,NA,""
"2012-08-09",338.77,NA,""
"2012-08-10",335.543,NA,""
"2012-08-11",335.543,NA,""
"2012-08-12",329.121,NA,""
"2012-08-13",325.925,NA,""
"2012-08-14",322.74,NA,""
"2012-08-15",319.565,NA,""
"2012-08-16",316.4,NA,""
"2012-08-17",313.245,NA,""
"2012-08-18",313.245,NA,""
"2012-08-19",310.101,NA,""
"2012-08-20",310.101,NA,""
"2012-08-21",306.967,NA,""
"2012-08-22",303.844,NA,""
"2012-08-23",303.844,NA,""
"2012-08-24",300.731,NA,""
"2012-08-25",300.731,NA,""
"2012-08-26",300.731,NA,""
"2012-08-27",300.731,NA,""
"2012-08-28",297.629,NA,""
"2012-08-29",297.629,NA,""
"2012-08-30",297.629,NA,""
"2012-08-31",297.629,NA,""
"2012-09-01",297.629,NA,""
"2012-09-02",294.537,NA,""
"2012-09-03",294.537,NA,""
"2012-09-04",291.456,NA,""
"2012-09-05",288.385,NA,""
"2012-09-06",288.385,NA,""
"2012-09-07",285.326,NA,""
"2012-09-08",285.326,NA,""
"2012-09-09",282.277,NA,""
"2012-09-10",276.211,NA,""
"2012-09-11",273.194,NA,""
"2012-09-12",270.189,NA,""
"2012-09-13",270.189,NA,""
"2012-09-14",270.189,NA,""
"2012-09-15",270.189,NA,""
"2012-09-16",267.194,NA,""
"2012-09-17",267.194,NA,""
"2012-09-18",267.194,NA,""
"2012-09-19",267.194,NA,""
"2012-09-20",267.194,NA,""
"2012-09-21",279.238,NA,""
"2012-09-22",288.385,NA,""
"2012-09-23",294.537,NA,""
"2012-09-24",313.245,NA,""
"2012-09-25",322.74,NA,""
"2012-09-26",329.121,NA,""
"2012-09-27",345.252,NA,""
"2012-09-28",358.338,NA,""
"2012-09-29",429.598,NA,""
"2012-09-30",443.645,NA,""
"2012-10-01",398.54,NA,""
"2012-10-02",364.941,NA,""
"2012-10-03",355.052,NA,""
"2012-10-04",338.77,NA,""
"2012-10-05",322.74,NA,""
"2012-10-06",303.844,NA,""
"2012-10-07",288.385,NA,""
"2012-10-08",291.456,NA,""
"2012-10-09",294.537,NA,""
"2012-10-10",288.385,NA,""
"2012-10-11",282.277,NA,""
"2012-10-12",279.238,NA,""
"2012-10-13",285.326,NA,""
"2012-10-14",306.967,NA,""
"2012-10-15",329.121,NA,""
"2012-10-16",348.509,NA,""
"2012-10-17",371.583,NA,""
"2012-10-18",364.941,NA,""
"2012-10-19",408.808,NA,""
"2012-10-20",504.969,NA,""
"2012-10-21",497.62,NA,""
"2012-10-22",433.096,NA,""
"2012-10-23",374.919,NA,""
"2012-10-24",338.77,NA,""
"2012-10-25",325.925,NA,""
"2012-10-26",319.565,NA,""
"2012-10-27",322.74,NA,""
"2012-10-28",319.565,NA,""
"2012-10-29",300.731,NA,""
"2012-10-30",294.537,NA,""
"2012-10-31",285.326,NA,""
"2012-11-01",273.194,NA,""
"2012-11-02",270.189,NA,""
"2012-11-03",267.194,NA,""
"2012-11-04",282.277,NA,""
"2012-11-05",319.565,NA,""
"2012-11-06",454.277,NA,""
"2012-11-07",454.277,NA,""
"2012-11-08",461.41,NA,""
"2012-11-09",580.369,NA,""
"2012-11-10",619.339,NA,""
"2012-11-11",627.232,NA,""
"2012-11-12",639.133,NA,""
"2012-11-13",759.379,NA,""
"2012-11-14",1120.17,NA,""
"2012-11-15",1159.35,NA,""
"2012-11-16",1081.46,NA,""
"2012-11-17",1059.54,NA,""
"2012-11-18",984.031,NA,""
"2012-11-19",889.761,NA,""
"2012-11-20",838.791,NA,""
"2012-11-21",808.699,NA,""
"2012-11-22",720.685,NA,""
"2012-11-23",675.273,NA,""
"2012-11-24",623.281,NA,""
"2012-11-25",635.158,NA,""
"2012-11-26",735.115,NA,""
"2012-11-27",859.057,NA,""
"2012-11-28",900.077,NA,""
"2012-11-29",1221.82,NA,""
"2012-11-30",1494.78,NA,""
"2012-12-01",1291.23,NA,""
"2012-12-02",1059.54,NA,""
"2012-12-03",973.399,NA,""
"2012-12-04",1005.41,NA,""
"2012-12-05",1070.48,NA,""
"2012-12-06",1198.98,NA,""
"2012-12-07",1250.59,NA,""
"2012-12-08",1092.47,NA,""
"2012-12-09",1204.68,NA,""
"2012-12-10",1070.48,NA,""
"2012-12-11",978.71,NA,""
"2012-12-12",655.114,87.8,"ANA"
"2012-12-13",651.107,NA,""
"2012-12-14",663.154,NA,""
"2012-12-15",701.595,NA,""
"2012-12-16",725.484,NA,""
"2012-12-17",749.642,NA,""
"2012-12-18",793.793,NA,""
"2012-12-19",984.031,NA,""
"2012-12-20",1043.2,NA,""
"2012-12-21",1037.77,NA,""
"2012-12-22",910.432,NA,""
"2012-12-23",739.947,NA,""
"2012-12-24",675.273,NA,""
"2012-12-25",639.133,NA,""
"2012-12-26",615.404,NA,""
"2012-12-27",599.75,NA,""
"2012-12-28",595.857,NA,""
"2012-12-29",565.015,NA,""
"2012-12-30",561.198,NA,""
"2012-12-31",603.651,NA,""
"2013-01-01",744.789,NA,""
"2013-01-02",778.982,NA,""
"2013-01-03",683.392,NA,""
"2013-01-04",631.191,NA,""
"2013-01-05",631.191,NA,""
"2013-01-06",591.972,NA,""
"2013-01-07",576.518,NA,""
"2013-01-08",611.478,NA,""
"2013-01-09",655.114,NA,""
"2013-01-10",848.903,NA,""
"2013-01-11",1065,NA,""
"2013-01-12",2148.91,NA,""
"2013-01-13",3222.2,NA,""
"2013-01-14",4104.27,NA,""
"2013-01-15",3050.7,NA,""
"2013-01-16",2603.03,NA,""
"2013-01-17",2537.06,NA,""
"2013-01-18",3564.15,NA,""
"2013-01-19",2981.02,NA,""
"2013-01-20",2397.66,NA,""
"2013-01-21",2612.5,NA,""
"2013-01-22",2814.1,NA,""
"2013-01-23",2804.39,NA,""
"2013-01-24",2727.08,NA,""
"2013-01-25",3345.18,NA,""
"2013-01-26",3841.76,NA,""
"2013-01-27",4440.66,NA,""
"2013-01-28",5514.95,NA,""
"2013-01-29",5080.47,NA,""
"2013-01-30",4486.19,NA,""
"2013-01-31",4327.52,NA,""
"2013-02-01",4159.7,NA,""
"2013-02-02",4005.13,NA,""
"2013-02-03",3994.17,NA,""
"2013-02-04",3994.17,NA,""
"2013-02-05",3950.42,NA,""
"2013-02-06",3906.83,NA,""
"2013-02-07",3863.41,NA,""
"2013-02-08",3744.86,NA,""
"2013-02-09",3616.98,NA,""
"2013-02-10",3501.1,NA,""
"2013-02-11",3428.03,NA,""
"2013-02-12",3396.88,NA,""
"2013-02-13",3417.64,NA,""
"2013-02-14",3376.17,NA,""
"2013-02-15",3252.79,NA,""
"2013-02-16",3050.7,NA,""
"2013-02-17",2707.86,NA,""
"2013-02-18",2397.66,NA,""
"2013-02-19",2155.84,NA,""
"2013-02-20",2018.54,NA,""
"2013-02-21",1937.64,NA,""
"2013-02-22",1951.05,NA,""
"2013-02-23",1851.27,NA,""
"2013-02-24",1779.22,NA,""
"2013-02-25",1753.27,NA,""
"2013-02-26",1805.31,NA,""
"2013-02-27",1930.95,NA,""
"2013-02-28",1779.22,NA,""
"2013-03-01",1714.58,NA,""
"2013-03-02",1650.74,NA,""
"2013-03-03",1701.74,NA,""
"2013-03-04",1759.75,NA,""
"2013-03-05",1831.52,NA,""
"2013-03-06",1991.45,NA,""
"2013-03-07",1884.33,NA,""
"2013-03-08",1676.18,NA,""
"2013-03-09",1581.47,NA,""
"2013-03-10",1537.92,NA,""
"2013-03-11",1500.92,NA,""
"2013-03-12",1464.22,NA,""
"2013-03-13",1403.74,NA,""
"2013-03-14",1344.13,NA,""
"2013-03-15",1285.4,NA,""
"2013-03-16",1285.4,NA,""
"2013-03-17",1262.15,NA,""
"2013-03-18",1273.76,NA,""
"2013-03-19",1464.22,NA,""
"2013-03-20",1500.92,NA,""
"2013-03-21",1600.27,NA,""
"2013-03-22",1727.44,NA,""
"2013-03-23",1871.08,NA,""
"2013-03-24",1977.95,NA,""
"2013-03-25",1957.76,NA,""
"2013-03-26",2045.76,NA,""
"2013-03-27",2274.92,NA,""
"2013-03-28",2631.48,NA,""
"2013-03-29",2872.64,NA,""
"2013-03-30",3040.71,NA,""
"2013-03-31",3131,NA,""
"2013-04-01",3171.42,NA,""
"2013-04-02",3110.86,NA,""
"2013-04-03",2971.11,NA,""
"2013-04-04",2679.13,NA,""
"2013-04-05",2360.95,NA,""
"2013-04-06",2141.98,NA,""
"2013-04-07",2100.56,NA,""
"2013-04-08",2107.44,NA,""
"2013-04-09",2100.56,NA,""
"2013-04-10",2100.56,NA,""
"2013-04-11",2141.98,NA,""
"2013-04-12",2155.84,NA,""
"2013-04-13",2388.47,NA,""
"2013-04-14",2453.1,NA,""
"2013-04-15",2443.83,NA,""
"2013-04-16",2621.99,NA,""
"2013-04-17",2660.04,NA,""
"2013-04-18",2499.63,NA,""
"2013-04-19",2303.26,NA,""
"2013-04-20",2086.81,NA,""
"2013-04-21",1897.61,NA,""
"2013-04-22",1740.34,NA,""
"2013-04-23",1625.44,NA,""
"2013-04-24",1537.92,NA,""
"2013-04-25",1445.98,NA,""
"2013-04-26",1385.76,NA,""
"2013-04-27",1361.92,NA,""
"2013-04-28",1302.92,NA,""
"2013-04-29",1262.15,NA,""
"2013-04-30",1239.05,NA,""
"2013-05-01",1204.68,NA,""
"2013-05-02",1164.98,NA,""
"2013-05-03",1131.32,NA,""
"2013-05-04",1097.99,NA,""
"2013-05-05",1059.54,NA,""
"2013-05-06",1037.77,NA,""
"2013-05-07",1010.78,NA,""
"2013-05-08",984.031,69.1,"ANA"
"2013-05-09",957.524,NA,""
"2013-05-10",936.495,NA,""
"2013-05-11",915.625,NA,""
"2013-05-12",905.249,NA,""
"2013-05-13",889.761,NA,""
"2013-05-14",879.486,NA,""
"2013-05-15",869.251,NA,""
"2013-05-16",859.057,NA,""
"2013-05-17",848.903,NA,""
"2013-05-18",838.791,NA,""
"2013-05-19",818.688,NA,""
"2013-05-20",798.752,NA,""
"2013-05-21",793.793,NA,""
"2013-05-22",778.982,NA,""
"2013-05-23",759.379,NA,""
"2013-05-24",749.642,NA,""
"2013-05-25",739.947,NA,""
"2013-05-26",730.294,NA,""
"2013-05-27",720.685,NA,""
"2013-05-28",711.118,NA,""
"2013-05-29",701.595,NA,""
"2013-05-30",696.85,NA,""
"2013-05-31",696.85,NA,""
"2013-06-01",720.685,NA,""
"2013-06-02",869.251,NA,""
"2013-06-03",1114.61,NA,""
"2013-06-04",1081.46,NA,""
"2013-06-05",973.399,NA,""
"2013-06-06",978.71,NA,""
"2013-06-07",1081.46,NA,""
"2013-06-08",962.806,NA,""
"2013-06-09",905.249,NA,""
"2013-06-10",859.057,NA,""
"2013-06-11",838.791,NA,""
"2013-06-12",813.689,NA,""
"2013-06-13",798.752,NA,""
"2013-06-14",788.846,NA,""
"2013-06-15",783.908,NA,""
"2013-06-16",774.065,NA,""
"2013-06-17",769.159,NA,""
"2013-06-18",759.379,NA,""
"2013-06-19",744.789,NA,""
"2013-06-20",720.685,NA,""
"2013-06-21",706.351,NA,""
"2013-06-22",696.85,NA,""
"2013-06-23",696.85,NA,""
"2013-06-24",679.328,NA,""
"2013-06-25",659.13,NA,""
"2013-06-26",647.107,NA,""
"2013-06-27",643.116,NA,""
"2013-06-28",643.116,NA,""
"2013-06-29",639.133,NA,""
"2013-06-30",651.107,NA,""
"2013-07-01",663.154,NA,""
"2013-07-02",683.392,NA,""
"2013-07-03",671.225,NA,""
"2013-07-04",655.114,NA,""
"2013-07-05",643.116,NA,""
"2013-07-06",627.232,NA,""
"2013-07-07",615.404,NA,""
"2013-07-08",611.478,NA,""
"2013-07-09",603.651,NA,""
"2013-07-10",599.75,NA,""
"2013-07-11",595.857,NA,""
"2013-07-12",588.096,NA,""
"2013-07-13",584.228,NA,""
"2013-07-14",580.369,NA,""
"2013-07-15",580.369,NA,""
"2013-07-16",572.675,NA,""
"2013-07-17",568.841,NA,""
"2013-07-18",565.015,NA,""
"2013-07-19",588.096,NA,""
"2013-07-20",595.857,NA,""
"2013-07-21",591.972,NA,""
"2013-07-22",588.096,NA,""
"2013-07-23",584.228,NA,""
"2013-07-24",580.369,NA,""
"2013-07-25",576.518,NA,""
"2013-07-26",572.675,NA,""
"2013-07-27",568.841,NA,""
"2013-07-28",557.389,NA,""
"2013-07-29",549.797,NA,""
"2013-07-30",538.473,NA,""
"2013-07-31",530.967,NA,""
"2013-08-01",523.495,NA,""
"2013-08-02",519.772,NA,""
"2013-08-03",512.353,NA,""
"2013-08-04",504.969,NA,""
"2013-08-05",501.29,NA,""
"2013-08-06",493.959,NA,""
"2013-08-07",483.029,NA,""
"2013-08-08",483.029,32.2,"ANA"
"2013-08-09",483.029,NA,""
"2013-08-10",475.786,NA,""
"2013-08-11",468.58,NA,""
"2013-08-12",461.41,NA,""
"2013-08-13",454.277,NA,""
"2013-08-14",450.723,NA,""
"2013-08-15",450.723,NA,""
"2013-08-16",457.839,NA,""
"2013-08-17",464.991,NA,""
"2013-08-18",461.41,NA,""
"2013-08-19",457.839,NA,""
"2013-08-20",457.839,NA,""
"2013-08-21",454.277,NA,""
"2013-08-22",450.723,NA,""
"2013-08-23",447.18,NA,""
"2013-08-24",447.18,NA,""
"2013-08-25",447.18,NA,""
"2013-08-26",443.645,NA,""
"2013-08-27",440.119,NA,""
"2013-08-28",429.598,NA,""
"2013-08-29",419.161,NA,""
"2013-08-30",405.376,NA,""
"2013-08-31",398.54,NA,""
"2013-09-01",384.984,NA,""
"2013-09-02",371.583,NA,""
"2013-09-03",358.338,NA,""
"2013-09-04",345.252,NA,""
"2013-09-05",342.006,NA,""
"2013-09-06",342.006,NA,""
"2013-09-07",351.775,NA,""
"2013-09-08",355.052,NA,""
"2013-09-09",351.775,NA,""
"2013-09-10",351.775,NA,""
"2013-09-11",351.775,NA,""
"2013-09-12",345.252,NA,""
"2013-09-13",338.77,NA,""
"2013-09-14",338.77,NA,""
"2013-09-15",332.327,NA,""
"2013-09-16",329.121,NA,""
"2013-09-17",322.74,NA,""
"2013-09-18",316.4,NA,""
"2013-09-19",335.543,NA,""
"2013-09-20",338.77,NA,""
"2013-09-21",348.509,NA,""
"2013-09-22",371.583,NA,""
"2013-09-23",388.359,NA,""
"2013-09-24",358.338,NA,""
"2013-09-25",338.77,NA,""
"2013-09-26",332.327,NA,""
"2013-09-27",329.121,NA,""
"2013-09-28",325.925,NA,""
"2013-09-29",319.565,NA,""
"2013-09-30",316.4,NA,""
"2013-10-01",319.565,NA,""
"2013-10-02",345.252,NA,""
"2013-10-03",422.63,NA,""
"2013-10-04",479.403,NA,""
"2013-10-05",454.277,NA,""
"2013-10-06",461.41,NA,""
"2013-10-07",464.991,NA,""
"2013-10-08",426.109,NA,""
"2013-10-09",395.137,NA,""
"2013-10-10",378.264,NA,""
"2013-10-11",374.919,NA,""
"2013-10-12",391.743,NA,""
"2013-10-13",398.54,NA,""
"2013-10-14",378.264,NA,""
"2013-10-15",361.635,NA,""
"2013-10-16",351.775,NA,""
"2013-10-17",378.264,NA,""
"2013-10-18",391.743,NA,""
"2013-10-19",422.63,NA,""
"2013-10-20",391.743,NA,""
"2013-10-21",595.857,NA,""
"2013-10-22",655.114,NA,""
"2013-10-23",667.185,NA,""
"2013-10-24",591.972,NA,""
"2013-10-25",501.29,NA,""
"2013-10-26",454.277,NA,""
"2013-10-27",447.18,NA,""
"2013-10-28",461.41,NA,""
"2013-10-29",426.109,NA,""
"2013-10-30",391.743,NA,""
"2013-10-31",368.257,NA,""
"2013-11-01",364.941,NA,""
"2013-11-02",364.941,NA,""
"2013-11-03",433.096,NA,""
"2013-11-04",542.239,NA,""
"2013-11-05",530.967,NA,""
"2013-11-06",479.403,NA,""
"2013-11-07",490.306,NA,""
"2013-11-08",565.015,NA,""
"2013-11-09",889.761,NA,""
"2013-11-10",1000.05,NA,""
"2013-11-11",889.761,NA,""
"2013-11-12",730.294,NA,""
"2013-11-13",643.116,NA,""
"2013-11-14",580.369,NA,""
"2013-11-15",542.239,NA,""
"2013-11-16",538.473,NA,""
"2013-11-17",542.239,NA,""
"2013-11-18",534.715,NA,""
"2013-11-19",561.198,NA,""
"2013-11-20",534.715,NA,""
"2013-11-21",512.353,68.1,"ANA"
"2013-11-22",546.013,NA,""
"2013-11-23",542.239,NA,""
"2013-11-24",493.959,NA,""
"2013-11-25",472.179,NA,""
"2013-11-26",497.62,NA,""
"2013-11-27",549.797,NA,""
"2013-11-28",671.225,NA,""
"2013-11-29",869.251,NA,""
"2013-11-30",900.077,NA,""
"2013-12-01",869.251,NA,""
"2013-12-02",803.72,NA,""
"2013-12-03",739.947,NA,""
"2013-12-04",808.699,NA,""
"2013-12-05",833.75,NA,""
"2013-12-06",788.846,NA,""
"2013-12-07",778.982,NA,""
"2013-12-08",798.752,NA,""
"2013-12-09",848.903,NA,""
"2013-12-10",994.702,NA,""
"2013-12-11",1198.98,NA,""
"2013-12-12",1103.52,NA,""
"2013-12-13",1037.77,NA,""
"2013-12-14",1075.96,NA,""
"2013-12-15",1468.72,NA,""
"2013-12-16",1924.27,NA,""
"2013-12-17",1937.76,NA,""
"2013-12-18",1924.27,NA,""
"2013-12-19",1884.01,NA,""
"2013-12-20",1739.13,NA,""
"2013-12-21",1844.07,NA,""
"2013-12-22",1937.76,NA,""
"2013-12-23",1931.01,NA,""
"2013-12-24",1824.21,NA,""
"2013-12-25",1784.76,NA,""
"2013-12-26",1830.82,NA,""
"2013-12-27",1897.39,NA,""
"2013-12-28",1791.31,NA,""
"2013-12-29",1604.93,NA,""
"2013-12-30",1468.72,NA,""
"2013-12-31",1438.4,NA,""
"2014-01-01",1530.07,NA,""
"2014-01-02",1623.86,NA,""
"2014-01-03",1579.83,NA,""
"2014-01-04",1438.4,NA,""
"2014-01-05",1296.19,NA,""
"2014-01-06",1193.22,NA,""
"2014-01-07",1071.75,NA,""
"2014-01-08",1007.58,NA,""
"2014-01-09",965.63,NA,""
"2014-01-10",944.906,NA,""
"2014-01-11",919.239,NA,""
"2014-01-12",898.896,NA,""
"2014-01-13",934.607,NA,""
"2014-01-14",955.247,NA,""
"2014-01-15",924.351,NA,""
"2014-01-16",965.63,NA,""
"2014-01-17",976.055,NA,""
"2014-01-18",944.906,NA,""
"2014-01-19",944.906,NA,""
"2014-01-20",1060.96,NA,""
"2014-01-21",1170.77,NA,""
"2014-01-22",1354.77,NA,""
"2014-01-23",1450.5,NA,""
"2014-01-24",1414.32,NA,""
"2014-01-25",1554.88,NA,""
"2014-01-26",1668.33,NA,""
"2014-01-27",1586.09,NA,""
"2014-01-28",1499.28,NA,""
"2014-01-29",1468.72,NA,""
"2014-01-30",1378.47,NA,""
"2014-01-31",1319.51,NA,""
"2014-02-01",1307.83,NA,""
"2014-02-02",1250.03,NA,""
"2014-02-03",1170.77,NA,""
"2014-02-04",1055.57,NA,""
"2014-02-05",955.247,NA,""
"2014-02-06",903.966,NA,""
"2014-02-07",829.053,NA,""
"2014-02-08",843.841,NA,""
"2014-02-09",790.101,NA,""
"2014-02-10",742.406,NA,""
"2014-02-11",766.114,NA,""
"2014-02-12",814.364,NA,""
"2014-02-13",814.364,NA,""
"2014-02-14",775.675,NA,""
"2014-02-15",766.114,NA,""
"2014-02-16",794.931,NA,""
"2014-02-17",873.71,NA,""
"2014-02-18",997.031,NA,""
"2014-02-19",1142.94,NA,""
"2014-02-20",1296.19,NA,""
"2014-02-21",1366.6,NA,""
"2014-02-22",1517.73,NA,""
"2014-02-23",1817.62,NA,""
"2014-02-24",2379.28,NA,""
"2014-02-25",2612.5,NA,""
"2014-02-26",2736.7,NA,""
"2014-02-27",2775.31,NA,""
"2014-02-28",2669.58,NA,""
"2014-03-01",2434.57,NA,""
"2014-03-02",2324.43,NA,""
"2014-03-03",2342.66,NA,""
"2014-03-04",2471.68,NA,""
"2014-03-05",2565.26,NA,""
"2014-03-06",2508.97,NA,""
"2014-03-07",2508.97,NA,""
"2014-03-08",2490.3,NA,""
"2014-03-09",2471.68,NA,""
"2014-03-10",2565.26,NA,""
"2014-03-11",2508.97,NA,""
"2014-03-12",2379.28,NA,""
"2014-03-13",2180.3,NA,""
"2014-03-14",2074.3,NA,""
"2014-03-15",2216.04,NA,""
"2014-03-16",2171.4,NA,""
"2014-03-17",1951.29,NA,""
"2014-03-18",1811.03,NA,""
"2014-03-19",1661.95,NA,""
"2014-03-20",1554.88,NA,""
"2014-03-21",1462.64,NA,""
"2014-03-22",1402.33,NA,""
"2014-03-23",1390.38,NA,""
"2014-03-24",1511.57,NA,""
"2014-03-25",1598.64,NA,""
"2014-03-26",1579.83,NA,""
"2014-03-27",1732.65,NA,""
"2014-03-28",1837.44,NA,""
"2014-03-29",2171.4,NA,""
"2014-03-30",2434.57,NA,""
"2014-03-31",2360.95,NA,""
"2014-04-01",2216.04,NA,""
"2014-04-02",2144.77,NA,""
"2014-04-03",2153.63,NA,""
"2014-04-04",2065.55,NA,""
"2014-04-05",2039.37,NA,""
"2014-04-06",1944.52,NA,""
"2014-04-07",1970.12,NA,""
"2014-04-08",1987.35,NA,""
"2014-04-09",1817.62,NA,""
"2014-04-10",1674.72,NA,""
"2014-04-11",1611.23,NA,""
"2014-04-12",1604.93,NA,""
"2014-04-13",1719.71,NA,""
"2014-04-14",1830.82,NA,""
"2014-04-15",1804.44,210.4,"ANA"
"2014-04-16",1611.23,NA,""
"2014-04-17",1536.26,NA,""
"2014-04-18",1592.36,NA,""
"2014-04-19",1598.64,NA,""
"2014-04-20",1548.66,NA,""
"2014-04-21",1505.42,NA,""
"2014-04-22",1462.64,NA,""
"2014-04-23",1360.68,NA,""
"2014-04-24",1267.27,NA,""
"2014-04-25",1296.19,NA,""
"2014-04-26",1586.09,NA,""
"2014-04-27",1687.53,NA,""
"2014-04-28",1586.09,NA,""
"2014-04-29",1438.4,NA,""
"2014-04-30",1284.59,NA,""
"2014-05-01",1165.18,NA,""
"2014-05-02",1109.87,NA,""
"2014-05-03",1060.96,NA,""
"2014-05-04",1018.17,NA,""
"2014-05-05",981.283,NA,""
"2014-05-06",955.247,NA,""
"2014-05-07",934.607,NA,""
"2014-05-08",898.896,NA,""
"2014-05-09",873.71,NA,""
"2014-05-10",848.792,NA,""
"2014-05-11",833.971,NA,""
"2014-05-12",814.364,NA,""
"2014-05-13",794.931,NA,""
"2014-05-14",775.675,NA,""
"2014-05-15",761.35,NA,""
"2014-05-16",742.406,NA,""
"2014-05-17",728.315,NA,""
"2014-05-18",709.686,NA,""
"2014-05-19",700.439,NA,""
"2014-05-20",686.655,NA,""
"2014-05-21",682.083,NA,""
"2014-05-22",677.522,NA,""
"2014-05-23",668.436,NA,""
"2014-05-24",663.91,NA,""
"2014-05-25",663.91,NA,""
"2014-05-26",645.921,NA,""
"2014-05-27",691.238,NA,""
"2014-05-28",785.281,NA,""
"2014-05-29",737.698,NA,""
"2014-05-30",700.439,NA,""
"2014-05-31",654.892,NA,""
"2014-06-01",628.119,NA,""
"2014-06-02",610.503,NA,""
"2014-06-03",601.766,NA,""
"2014-06-04",593.077,NA,""
"2014-06-05",593.077,NA,""
"2014-06-06",597.416,NA,""
"2014-06-07",610.503,NA,""
"2014-06-08",610.503,NA,""
"2014-06-09",597.416,NA,""
"2014-06-10",580.131,NA,""
"2014-06-11",567.293,NA,""
"2014-06-12",550.344,NA,""
"2014-06-13",541.942,NA,""
"2014-06-14",525.284,NA,""
"2014-06-15",512.919,NA,""
"2014-06-16",504.736,NA,""
"2014-06-17",500.664,NA,""
"2014-06-18",496.604,NA,""
"2014-06-19",492.556,NA,""
"2014-06-20",484.498,NA,""
"2014-06-21",476.49,NA,""
"2014-06-22",472.505,NA,""
"2014-06-23",468.532,NA,""
"2014-06-24",468.532,NA,""
"2014-06-25",460.624,NA,""
"2014-06-26",456.69,NA,""
"2014-06-27",452.767,NA,""
"2014-06-28",448.858,NA,""
"2014-06-29",444.961,NA,""
"2014-06-30",437.206,NA,""
"2014-07-01",437.206,NA,""
"2014-07-02",437.206,NA,""
"2014-07-03",429.502,NA,""
"2014-07-04",421.849,NA,""
"2014-07-05",421.849,NA,""
"2014-07-06",418.043,NA,""
"2014-07-07",414.249,NA,""
"2014-07-08",406.7,NA,""
"2014-07-09",399.203,NA,""
"2014-07-10",391.759,NA,""
"2014-07-11",391.759,NA,""
"2014-07-12",384.367,NA,""
"2014-07-13",384.367,NA,""
"2014-07-14",380.692,NA,""
"2014-07-15",377.029,NA,""
"2014-07-16",373.379,NA,""
"2014-07-17",369.743,NA,""
"2014-07-18",362.512,NA,""
"2014-07-19",358.916,NA,""
"2014-07-20",355.333,NA,""
"2014-07-21",355.333,NA,""
"2014-07-22",348.209,NA,""
"2014-07-23",348.209,NA,""
"2014-07-24",344.667,NA,""
"2014-07-25",341.139,NA,""
"2014-07-26",341.139,NA,""
"2014-07-27",337.624,NA,""
"2014-07-28",355.333,NA,""
"2014-07-29",391.759,NA,""
"2014-07-30",429.502,NA,""
"2014-07-31",492.556,NA,""
"2014-08-01",529.43,NA,""
"2014-08-02",525.284,NA,""
"2014-08-03",492.556,NA,""
"2014-08-04",444.961,NA,""
"2014-08-05",414.249,NA,""
"2014-08-06",388.057,NA,""
"2014-08-07",369.743,NA,""
"2014-08-08",358.916,NA,""
"2014-08-09",348.209,NA,""
"2014-08-10",406.7,NA,""
"2014-08-11",399.203,NA,""
"2014-08-12",391.759,NA,""
"2014-08-13",388.057,NA,""
"2014-08-14",384.367,NA,""
"2014-08-15",380.692,NA,""
"2014-08-16",380.692,NA,""
"2014-08-17",380.692,NA,""
"2014-08-18",380.692,NA,""
"2014-08-19",377.029,NA,""
"2014-08-20",373.379,NA,""
"2014-08-21",373.379,NA,""
"2014-08-22",369.743,NA,""
"2014-08-23",366.121,NA,""
"2014-08-24",362.512,NA,""
"2014-08-25",358.916,NA,""
"2014-08-26",358.916,NA,""
"2014-08-27",355.333,NA,""
"2014-08-28",351.764,NA,""
"2014-08-29",348.209,NA,""
"2014-08-30",348.209,NA,""
"2014-08-31",348.209,30.6,"ANA"
"2014-09-01",344.667,NA,""
"2014-09-02",344.667,NA,""
"2014-09-03",344.667,NA,""
"2014-09-04",341.139,NA,""
"2014-09-05",341.139,NA,""
"2014-09-06",351.764,NA,""
"2014-09-07",373.379,NA,""
"2014-09-08",388.057,NA,""
"2014-09-09",395.475,NA,""
"2014-09-10",384.367,NA,""
"2014-09-11",366.121,NA,""
"2014-09-12",351.764,NA,""
"2014-09-13",344.667,NA,""
"2014-09-14",341.139,NA,""
"2014-09-15",337.624,NA,""
"2014-09-16",330.636,NA,""
"2014-09-17",327.163,NA,""
"2014-09-18",323.703,NA,""
"2014-09-19",316.825,NA,""
"2014-09-20",316.825,NA,""
"2014-09-21",316.825,NA,""
"2014-09-22",320.257,NA,""
"2014-09-23",334.123,NA,""
"2014-09-24",337.624,NA,""
"2014-09-25",348.209,NA,""
"2014-09-26",391.759,NA,""
"2014-09-27",388.057,NA,""
"2014-09-28",369.743,NA,""
"2014-09-29",362.512,NA,""
"2014-09-30",373.379,NA,""
"2014-10-01",421.849,NA,""
"2014-10-02",448.858,NA,""
"2014-10-03",433.348,NA,""
"2014-10-04",410.468,NA,""
"2014-10-05",406.7,NA,""
"2014-10-06",399.203,NA,""
"2014-10-07",391.759,NA,""
"2014-10-08",384.367,NA,""
"2014-10-09",373.379,NA,""
"2014-10-10",358.916,NA,""
"2014-10-11",344.667,NA,""
"2014-10-12",337.624,NA,""
"2014-10-13",337.624,NA,""
"2014-10-14",330.636,NA,""
"2014-10-15",323.703,NA,""
"2014-10-16",313.407,NA,""
"2014-10-17",306.612,NA,""
"2014-10-18",299.874,NA,""
"2014-10-19",293.191,NA,""
"2014-10-20",286.566,NA,""
"2014-10-21",283.274,NA,""
"2014-10-22",279.997,NA,""
"2014-10-23",279.997,NA,""
"2014-10-24",293.191,NA,""
"2014-10-25",344.667,NA,""
"2014-10-26",369.743,NA,""
"2014-10-27",476.49,NA,""
"2014-10-28",496.604,NA,""
"2014-10-29",550.344,NA,""
"2014-10-30",541.942,NA,""
"2014-10-31",496.604,NA,""
"2014-11-01",480.488,NA,""
"2014-11-02",468.532,NA,""
"2014-11-03",484.498,NA,""
"2014-11-04",508.821,NA,""
"2014-11-05",558.795,NA,""
"2014-11-06",584.435,NA,""
"2014-11-07",563.038,NA,""
"2014-11-08",554.563,NA,""
"2014-11-09",601.766,NA,""
"2014-11-10",597.416,NA,""
"2014-11-11",541.942,NA,""
"2014-11-12",500.664,NA,""
"2014-11-13",484.498,NA,""
"2014-11-14",460.624,NA,""
"2014-11-15",468.532,NA,""
"2014-11-16",533.589,NA,""
"2014-11-17",601.766,NA,""
"2014-11-18",597.416,NA,""
"2014-11-19",597.416,NA,""
"2014-11-20",541.942,NA,""
"2014-11-21",444.961,NA,""
"2014-11-22",410.468,NA,""
"2014-11-23",388.057,NA,""
"2014-11-24",395.475,NA,""
"2014-11-25",460.624,NA,""
"2014-11-26",541.942,NA,""
"2014-11-27",677.522,101.6,"ANA"
"2014-11-28",991.771,NA,""
"2014-11-29",1227.19,NA,""
"2014-11-30",1313.66,NA,""
"2014-12-01",1372.53,NA,""
"2014-12-02",1296.19,NA,""
"2014-12-03",1462.64,NA,""
"2014-12-04",1924.27,NA,""
"2014-12-05",1713.26,NA,""
"2014-12-06",1474.82,NA,""
"2014-12-07",1384.42,NA,""
"2014-12-08",1390.38,NA,""
"2014-12-09",1319.51,NA,""
"2014-12-10",1342.98,NA,""
"2014-12-11",1414.32,NA,""
"2014-12-12",1681.12,NA,""
"2014-12-13",1681.12,NA,""
"2014-12-14",1797.87,NA,""
"2014-12-15",2162.51,NA,""
"2014-12-16",2306.24,NA,""
"2014-12-17",2216.04,NA,""
"2014-12-18",1944.52,NA,""
"2014-12-19",1804.44,NA,""
"2014-12-20",1890.7,NA,""
"2014-12-21",1924.27,NA,""
"2014-12-22",1995.99,NA,""
"2014-12-23",2135.92,NA,""
"2014-12-24",2171.4,NA,""
"2014-12-25",2242.97,NA,""
"2014-12-26",2416.09,NA,""
"2014-12-27",2397.66,NA,""
"2014-12-28",2233.98,NA,""
"2014-12-29",2065.55,NA,""
"2014-12-30",1857.34,NA,""
"2014-12-31",1661.95,NA,""
"2015-01-01",1422.12,NA,""
"2015-01-02",1359.98,NA,""
"2015-01-03",1502.79,NA,""
"2015-01-04",1508.61,NA,""
"2015-01-05",1343.23,NA,""
"2015-01-06",1228.25,NA,""
"2015-01-07",1196.16,NA,""
"2015-01-08",1260.69,NA,""
"2015-01-09",1332.1,NA,""
"2015-01-10",1233.64,NA,""
"2015-01-11",1127.77,NA,""
"2015-01-12",995.83,NA,""
"2015-01-13",927.5,NA,""
"2015-01-14",879.87,NA,""
"2015-01-15",833.25,NA,""
"2015-01-16",833.25,NA,""
"2015-01-17",837.87,NA,""
"2015-01-18",796.68,NA,""
"2015-01-19",751.88,NA,""
"2015-01-20",747.46,NA,""
"2015-01-21",734.25,NA,""
"2015-01-22",686.62,NA,""
"2015-01-23",669.62,NA,""
"2015-01-24",695.19,NA,""
"2015-01-25",738.64,NA,""
"2015-01-26",778.63,NA,""
"2015-01-27",922.69,NA,""
"2015-01-28",1081.36,NA,""
"2015-01-29",1045.8,NA,""
"2015-01-30",1015.7,NA,""
"2015-01-31",1035.73,NA,""
"2015-02-01",1010.72,NA,""
"2015-02-02",956.55,NA,""
"2015-02-03",865.78,NA,""
"2015-02-04",810.31,NA,""
"2015-02-05",783.13,NA,""
"2015-02-06",792.15,NA,""
"2015-02-07",837.87,NA,""
"2015-02-08",1025.7,NA,""
"2015-02-09",1174.94,NA,""
"2015-02-10",1592.76,NA,""
"2015-02-11",2207.21,NA,""
"2015-02-12",2392.13,NA,""
"2015-02-13",2392.13,NA,""
"2015-02-14",2329.88,NA,""
"2015-02-15",2268.24,NA,""
"2015-02-16",1977.59,NA,""
"2015-02-17",1686.09,NA,""
"2015-02-18",1608.18,NA,""
"2015-02-19",1701.84,NA,""
"2015-02-20",1903.12,NA,""
"2015-02-21",2329.88,NA,""
"2015-02-22",2702.92,NA,""
"2015-02-23",2853.95,NA,""
"2015-02-24",2825.4,NA,""
"2015-02-25",2665.64,NA,""
"2015-02-26",2427.96,NA,""
"2015-02-27",2233.29,NA,""
"2015-02-28",2061.55,NA,""
"2015-03-01",2215.89,NA,""
"2015-03-02",2410.02,NA,""
"2015-03-03",2374.28,NA,""
"2015-03-04",2303.39,NA,""
"2015-03-05",2215.89,NA,""
"2015-03-06",2189.88,NA,""
"2015-03-07",2146.79,NA,""
"2015-03-08",2146.79,NA,""
"2015-03-09",1944.36,NA,""
"2015-03-10",1781.36,NA,""
"2015-03-11",1773.35,NA,""
"2015-03-12",1797.42,NA,""
"2015-03-13",1927.83,NA,""
"2015-03-14",2312.21,NA,""
"2015-03-15",2418.99,NA,""
"2015-03-16",2410.02,NA,""
"2015-03-17",2482.09,NA,""
"2015-03-18",2628.54,NA,""
"2015-03-19",2637.8,NA,""
"2015-03-20",2749.8,NA,""
"2015-03-21",2892.18,NA,""
"2015-03-22",2988.56,NA,""
"2015-03-23",3105.74,NA,""
"2015-03-24",3184.77,NA,""
"2015-03-25",3244.53,NA,""
"2015-03-26",3264.54,NA,""
"2015-03-27",3204.65,NA,""
"2015-03-28",3115.58,NA,""
"2015-03-29",2969.19,NA,""
"2015-03-30",2825.4,NA,""
"2015-03-31",2702.92,NA,""
"2015-04-01",2554.93,NA,""
"2015-04-02",2445.96,NA,""
"2015-04-03",2233.29,NA,""
"2015-04-04",1977.59,NA,""
"2015-04-05",1845.93,NA,""
"2015-04-06",1894.91,NA,""
"2015-04-07",1977.59,NA,""
"2015-04-08",2044.66,NA,""
"2015-04-09",2011.02,NA,""
"2015-04-10",1960.95,NA,""
"2015-04-11",1862.2,NA,""
"2015-04-12",1773.35,NA,""
"2015-04-13",1693.96,NA,""
"2015-04-14",1781.36,NA,""
"2015-04-15",1878.53,NA,""
"2015-04-16",2112.54,NA,""
"2015-04-17",2215.89,NA,""
"2015-04-18",2198.54,NA,""
"2015-04-19",2233.29,NA,""
"2015-04-20",2268.24,NA,""
"2015-04-21",2061.55,NA,""
"2015-04-22",1845.93,NA,""
"2015-04-23",1662.58,NA,""
"2015-04-24",1600.47,116.7,"ANA"
"2015-04-25",1592.76,NA,""
"2015-04-26",1623.66,NA,""
"2015-04-27",1686.09,NA,""
"2015-04-28",1623.66,NA,""
"2015-04-29",1532.02,NA,""
"2015-04-30",1427.82,NA,""
"2015-05-01",1348.8,NA,""
"2015-05-02",1298.95,NA,""
"2015-05-03",1260.69,NA,""
"2015-05-04",1228.25,NA,""
"2015-05-05",1174.94,NA,""
"2015-05-06",1159.13,NA,""
"2015-05-07",1244.43,NA,""
"2015-05-08",1399.4,NA,""
"2015-05-09",1371.2,NA,""
"2015-05-10",1260.69,NA,""
"2015-05-11",1206.82,NA,""
"2015-05-12",1185.53,NA,""
"2015-05-13",1427.82,NA,""
"2015-05-14",1717.63,NA,""
"2015-05-15",1886.71,NA,""
"2015-05-16",1717.63,NA,""
"2015-05-17",1502.79,NA,""
"2015-05-18",1382.45,NA,""
"2015-05-19",1315.48,NA,""
"2015-05-20",1260.69,NA,""
"2015-05-21",1196.16,NA,""
"2015-05-22",1169.66,NA,""
"2015-05-23",1206.82,NA,""
"2015-05-24",1239.03,NA,""
"2015-05-25",1239.03,NA,""
"2015-05-26",1185.53,NA,""
"2015-05-27",1091.61,NA,""
"2015-05-28",1020.7,NA,""
"2015-05-29",1000.78,NA,""
"2015-05-30",961.42,NA,""
"2015-05-31",941.98,NA,""
"2015-06-01",941.98,NA,""
"2015-06-02",951.68,NA,""
"2015-06-03",913.11,NA,""
"2015-06-04",894.06,NA,""
"2015-06-05",865.78,NA,""
"2015-06-06",842.49,NA,""
"2015-06-07",819.46,NA,""
"2015-06-08",833.25,NA,""
"2015-06-09",810.31,NA,""
"2015-06-10",783.13,NA,""
"2015-06-11",765.21,NA,""
"2015-06-12",756.31,NA,""
"2015-06-13",738.64,NA,""
"2015-06-14",729.87,NA,""
"2015-06-15",729.87,NA,""
"2015-06-16",725.5,NA,""
"2015-06-17",712.44,NA,""
"2015-06-18",699.49,NA,""
"2015-06-19",686.62,NA,""
"2015-06-20",678.1,NA,""
"2015-06-21",669.62,NA,""
"2015-06-22",661.18,NA,""
"2015-06-23",661.18,NA,""
"2015-06-24",665.39,NA,""
"2015-06-25",661.18,NA,""
"2015-06-26",644.43,NA,""
"2015-06-27",636.12,NA,""
"2015-06-28",627.85,NA,""
"2015-06-29",619.63,NA,""
"2015-06-30",611.44,NA,""
"2015-07-01",603.3,NA,""
"2015-07-02",591.18,NA,""
"2015-07-03",587.16,NA,""
"2015-07-04",587.16,NA,""
"2015-07-05",587.16,NA,""
"2015-07-06",579.15,NA,""
"2015-07-07",571.18,NA,""
"2015-07-08",563.26,NA,""
"2015-07-09",579.15,NA,""
"2015-07-10",579.15,NA,""
"2015-07-11",587.16,NA,""
"2015-07-12",603.3,NA,""
"2015-07-13",699.49,NA,""
"2015-07-14",703.79,NA,""
"2015-07-15",652.78,NA,""
"2015-07-16",611.44,NA,""
"2015-07-17",583.15,NA,""
"2015-07-18",563.26,NA,""
"2015-07-19",551.46,NA,""
"2015-07-20",532.01,NA,""
"2015-07-21",516.65,NA,""
"2015-07-22",516.65,NA,""
"2015-07-23",505.25,NA,""
"2015-07-24",493.95,NA,""
"2015-07-25",501.47,NA,""
"2015-07-26",501.47,NA,""
"2015-07-27",486.47,NA,""
"2015-07-28",479.04,NA,""
"2015-07-29",486.47,NA,""
"2015-07-30",475.34,NA,""
"2015-07-31",460.66,NA,""
"2015-08-01",464.31,NA,""
"2015-08-02",460.66,NA,""
"2015-08-03",449.77,NA,""
"2015-08-04",449.77,NA,""
"2015-08-05",449.77,NA,""
"2015-08-06",442.56,NA,""
"2015-08-07",435.41,NA,""
"2015-08-08",442.56,NA,""
"2015-08-09",428.3,NA,""
"2015-08-10",424.76,NA,""
"2015-08-11",428.3,NA,""
"2015-08-12",410.72,NA,""
"2015-08-13",400.32,NA,""
"2015-08-14",410.72,NA,""
"2015-08-15",410.72,NA,""
"2015-08-16",393.44,NA,""
"2015-08-17",383.21,NA,""
"2015-08-18",376.45,NA,""
"2015-08-19",373.09,NA,""
"2015-08-20",376.45,NA,""
"2015-08-21",393.44,NA,""
"2015-08-22",379.82,NA,""
"2015-08-23",366.4,NA,""
"2015-08-24",373.09,NA,""
"2015-08-25",383.21,29.6,"ANA"
"2015-08-26",369.74,NA,""
"2015-08-27",363.08,NA,""
"2015-08-28",369.74,NA,""
"2015-08-29",359.76,NA,""
"2015-08-30",353.17,NA,""
"2015-08-31",356.46,NA,""
"2015-09-01",366.4,NA,""
"2015-09-02",376.45,NA,""
"2015-09-03",376.45,NA,""
"2015-09-04",376.45,NA,""
"2015-09-05",359.76,NA,""
"2015-09-06",340.13,NA,""
"2015-09-07",340.13,NA,""
"2015-09-08",340.13,NA,""
"2015-09-09",327.29,NA,""
"2015-09-10",333.69,NA,""
"2015-09-11",343.37,NA,""
"2015-09-12",366.4,NA,""
"2015-09-13",407.24,NA,""
"2015-09-14",479.04,NA,""
"2015-09-15",524.31,NA,""
"2015-09-16",486.47,NA,""
"2015-09-17",442.56,NA,""
"2015-09-18",400.32,NA,""
"2015-09-19",390.02,NA,""
"2015-09-20",386.61,NA,""
"2015-09-21",366.4,NA,""
"2015-09-22",340.13,NA,""
"2015-09-23",330.48,NA,""
"2015-09-24",333.69,NA,""
"2015-09-25",333.69,NA,""
"2015-09-26",314.64,NA,""
"2015-09-27",302.19,NA,""
"2015-09-28",292.99,NA,""
"2015-09-29",296.04,NA,""
"2015-09-30",302.19,NA,""
"2015-10-01",308.39,NA,""
"2015-10-02",327.29,NA,""
"2015-10-03",327.29,NA,""
"2015-10-04",320.94,NA,""
"2015-10-05",317.79,NA,""
"2015-10-06",317.79,NA,""
"2015-10-07",314.64,NA,""
"2015-10-08",302.19,NA,""
"2015-10-09",302.19,NA,""
"2015-10-10",302.19,NA,""
"2015-10-11",296.04,NA,""
"2015-10-12",283.9,NA,""
"2015-10-13",277.9,NA,""
"2015-10-14",277.9,NA,""
"2015-10-15",289.95,NA,""
"2015-10-16",308.39,NA,""
"2015-10-17",314.64,NA,""
"2015-10-18",314.64,NA,""
"2015-10-19",302.19,NA,""
"2015-10-20",289.95,NA,""
"2015-10-21",271.95,NA,""
"2015-10-22",266.05,NA,""
"2015-10-23",266.05,NA,""
"2015-10-24",260.21,NA,""
"2015-10-25",266.05,NA,""
"2015-10-26",254.42,NA,""
"2015-10-27",254.42,NA,""
"2015-10-28",271.95,NA,""
"2015-10-29",289.95,NA,""
"2015-10-30",296.04,NA,""
"2015-10-31",314.64,NA,""
"2015-11-01",330.48,NA,""
"2015-11-02",359.76,NA,""
"2015-11-03",400.32,NA,""
"2015-11-04",435.41,NA,""
"2015-11-05",555.38,NA,""
"2015-11-06",603.3,NA,""
"2015-11-07",619.63,NA,""
"2015-11-08",571.18,NA,""
"2015-11-09",479.04,NA,""
"2015-11-10",442.56,NA,""
"2015-11-11",414.21,NA,""
"2015-11-12",414.21,NA,""
"2015-11-13",407.24,NA,""
"2015-11-14",379.82,NA,""
"2015-11-15",400.32,NA,""
"2015-11-16",386.61,NA,""
"2015-11-17",359.76,NA,""
"2015-11-18",373.09,NA,""
"2015-11-19",400.32,NA,""
"2015-11-20",497.71,NA,""
"2015-11-21",555.38,NA,""
"2015-11-22",532.01,NA,""
"2015-11-23",559.31,NA,""
"2015-11-24",567.21,NA,""
"2015-11-25",479.04,NA,""
"2015-11-26",449.77,NA,""
"2015-11-27",421.23,NA,""
"2015-11-28",424.76,NA,""
"2015-11-29",471.66,NA,""
"2015-11-30",509.04,NA,""
"2015-12-01",575.16,NA,""
"2015-12-02",669.62,NA,""
"2015-12-03",747.46,NA,""
"2015-12-04",699.49,NA,""
"2015-12-05",615.53,NA,""
"2015-12-06",551.46,NA,""
"2015-12-07",555.38,NA,""
"2015-12-08",563.26,NA,""
"2015-12-09",559.31,NA,""
"2015-12-10",587.16,NA,""
"2015-12-11",587.16,NA,""
"2015-12-12",563.26,NA,""
"2015-12-13",648.6,NA,""
"2015-12-14",699.49,NA,""
"2015-12-15",690.9,NA,""
"2015-12-16",716.78,NA,""
"2015-12-17",734.25,NA,""
"2015-12-18",725.5,NA,""
"2015-12-19",636.12,NA,""
"2015-12-20",579.15,NA,""
"2015-12-21",555.38,NA,""
"2015-12-22",532.01,NA,""
"2015-12-23",509.04,NA,""
"2015-12-24",516.65,NA,""
"2015-12-25",543.65,NA,""
"2015-12-26",607.37,NA,""
"2015-12-27",563.26,NA,""
"2015-12-28",501.47,NA,""
"2015-12-29",479.04,NA,""
"2015-12-30",467.98,NA,""
"2015-12-31",490.21,NA,""
"2016-01-01",512.84,NA,""
"2016-01-02",661.18,NA,""
"2016-01-03",861.1,NA,""
"2016-01-04",851.78,NA,""
"2016-01-05",734.25,NA,""
"2016-01-06",765.21,NA,""
"2016-01-07",995.83,NA,""
"2016-01-08",1271.57,NA,""
"2016-01-09",1623.66,NA,""
"2016-01-10",1837.81,NA,""
"2016-01-11",2121.09,NA,""
"2016-01-12",2427.96,NA,""
"2016-01-13",2536.65,NA,""
"2016-01-14",2527.52,NA,""
"2016-01-15",2464,NA,""
"2016-01-16",2418.99,NA,""
"2016-01-17",2509.31,NA,""
"2016-01-18",2647.07,NA,""
"2016-01-19",2796.96,NA,""
"2016-01-20",2930.59,NA,""
"2016-01-21",3066.5,NA,""
"2016-01-22",3145.17,NA,""
"2016-01-23",3314.75,NA,""
"2016-01-24",3395.69,NA,""
"2016-01-25",3385.53,NA,""
"2016-01-26",3365.25,NA,""
"2016-01-27",3224.56,NA,""
"2016-01-28",2998.26,NA,""
"2016-01-29",2863.49,NA,""
"2016-01-30",2911.36,NA,""
"2016-01-31",2825.4,NA,""
"2016-02-01",2759.21,NA,""
"2016-02-02",2702.92,NA,""
"2016-02-03",2564.09,NA,""
"2016-02-04",2321.04,NA,""
"2016-02-05",2027.81,NA,""
"2016-02-06",1862.2,NA,""
"2016-02-07",1717.63,NA,""
"2016-02-08",1555.57,NA,""
"2016-02-09",1473.77,NA,""
"2016-02-10",1439.26,NA,""
"2016-02-11",1520.3,NA,""
"2016-02-12",1555.57,NA,""
"2016-02-13",1532.02,NA,""
"2016-02-14",1405.06,NA,""
"2016-02-15",1354.39,NA,""
"2016-02-16",1393.74,NA,""
"2016-02-17",1526.16,NA,""
"2016-02-18",1662.58,NA,""
"2016-02-19",1631.41,NA,""
"2016-02-20",1456.48,NA,""
"2016-02-21",1348.8,NA,""
"2016-02-22",1348.8,NA,""
"2016-02-23",1337.66,NA,""
"2016-02-24",1315.48,NA,""
"2016-02-25",1287.97,NA,""
"2016-02-26",1293.45,NA,""
"2016-02-27",1315.48,NA,""
"2016-02-28",1354.39,NA,""
"2016-02-29",1287.97,NA,""
"2016-03-01",1222.88,NA,""
"2016-03-02",1185.53,NA,""
"2016-03-03",1096.75,NA,""
"2016-03-04",1101.89,NA,""
"2016-03-05",1196.16,NA,""
"2016-03-06",1244.43,NA,""
"2016-03-07",1371.2,NA,""
"2016-03-08",1520.3,NA,""
"2016-03-09",1520.3,NA,""
"2016-03-10",1701.84,NA,""
"2016-03-11",1615.91,NA,""
"2016-03-12",1485.35,NA,""
"2016-03-13",1623.66,NA,""
"2016-03-14",2061.55,NA,""
"2016-03-15",2312.21,NA,""
"2016-03-16",2356.48,NA,""
"2016-03-17",2224.58,NA,""
"2016-03-18",2303.39,NA,""
"2016-03-19",2374.28,NA,""
"2016-03-20",2224.58,NA,""
"2016-03-21",1960.95,NA,""
"2016-03-22",1639.19,NA,""
"2016-03-23",1473.77,NA,""
"2016-03-24",1371.2,NA,""
"2016-03-25",1315.48,NA,""
"2016-03-26",1405.06,NA,""
"2016-03-27",1555.57,NA,""
"2016-03-28",1701.84,NA,""
"2016-03-29",1797.42,NA,""
"2016-03-30",1608.18,NA,""
"2016-03-31",1473.77,NA,""
"2016-04-01",1416.43,NA,""
"2016-04-02",1382.45,NA,""
"2016-04-03",1217.52,NA,""
"2016-04-04",1112.21,NA,""
"2016-04-05",1040.76,NA,""
"2016-04-06",1005.75,NA,""
"2016-04-07",951.68,NA,""
"2016-04-08",922.69,NA,""
"2016-04-09",879.87,NA,""
"2016-04-10",837.87,NA,""
"2016-04-11",810.31,NA,""
"2016-04-12",783.13,NA,""
"2016-04-13",774.15,NA,""
"2016-04-14",774.15,NA,""
"2016-04-15",760.76,NA,""
"2016-04-16",729.87,NA,""
"2016-04-17",708.11,NA,""
"2016-04-18",703.79,NA,""
"2016-04-19",695.19,NA,""
"2016-04-20",673.85,NA,""
"2016-04-21",636.12,NA,""
"2016-04-22",623.73,NA,""
"2016-04-23",627.85,NA,""
"2016-04-24",611.44,NA,""
"2016-04-25",583.15,NA,""
"2016-04-26",587.16,NA,""
"2016-04-27",587.16,NA,""
"2016-04-28",563.26,NA,""
"2016-04-29",539.76,NA,""
"2016-04-30",571.18,NA,""
"2016-05-01",587.16,NA,""
"2016-05-02",583.15,NA,""
"2016-05-03",567.21,NA,""
"2016-05-04",555.38,NA,""
"2016-05-05",528.16,NA,""
"2016-05-06",509.04,NA,""
"2016-05-07",501.47,NA,""
"2016-05-08",520.48,NA,""
"2016-05-09",505.25,NA,""
"2016-05-10",486.47,NA,""
"2016-05-11",471.66,NA,""
"2016-05-12",486.47,NA,""
"2016-05-13",486.47,NA,""
"2016-05-14",471.66,NA,""
"2016-05-15",453.39,NA,""
"2016-05-16",457.02,NA,""
"2016-05-17",475.34,NA,""
"2016-05-18",471.66,NA,""
"2016-05-19",453.39,NA,""
"2016-05-20",446.16,NA,""
"2016-05-21",493.95,NA,""
"2016-05-22",505.25,NA,""
"2016-05-23",479.04,NA,""
"2016-05-24",460.66,NA,""
"2016-05-25",446.16,NA,""
"2016-05-26",453.39,NA,""
"2016-05-27",467.98,NA,""
"2016-05-28",460.66,NA,""
"2016-05-29",446.16,NA,""
"2016-05-30",428.3,NA,""
"2016-05-31",438.98,NA,""
"2016-06-01",442.56,NA,""
"2016-06-02",435.41,NA,""
"2016-06-03",428.3,NA,""
"2016-06-04",428.3,NA,""
"2016-06-05",442.56,NA,""
"2016-06-06",431.85,NA,""
"2016-06-07",417.72,NA,""
"2016-06-08",421.23,NA,""
"2016-06-09",446.16,NA,""
"2016-06-10",442.56,NA,""
"2016-06-11",421.23,NA,""
"2016-06-12",417.72,NA,""
"2016-06-13",396.87,NA,""
"2016-06-14",383.21,NA,""
"2016-06-15",373.09,NA,""
"2016-06-16",369.74,NA,""
"2016-06-17",363.08,NA,""
"2016-06-18",373.09,NA,""
"2016-06-19",379.82,NA,""
"2016-06-20",366.4,NA,""
"2016-06-21",353.17,NA,""
"2016-06-22",353.17,NA,""
"2016-06-23",363.08,NA,""
"2016-06-24",349.89,NA,""
"2016-06-25",353.17,NA,""
"2016-06-26",359.76,NA,""
"2016-06-27",346.63,NA,""
"2016-06-28",340.13,NA,""
"2016-06-29",336.9,NA,""
"2016-06-30",343.37,NA,""
"2016-07-01",346.63,NA,""
"2016-07-02",327.29,NA,""
"2016-07-03",320.94,NA,""
"2016-07-04",333.69,NA,""
"2016-07-05",324.11,NA,""
"2016-07-06",314.64,NA,""
"2016-07-07",324.11,NA,""
"2016-07-08",320.94,NA,""
"2016-07-09",308.39,NA,""
"2016-07-10",314.64,NA,""
"2016-07-11",317.79,NA,""
"2016-07-12",305.29,NA,""
"2016-07-13",308.39,NA,""
"2016-07-14",308.39,NA,""
"2016-07-15",296.04,NA,""
"2016-07-16",292.99,NA,""
"2016-07-17",299.11,NA,""
"2016-07-18",302.19,NA,""
"2016-07-19",311.51,NA,""
"2016-07-20",311.51,NA,""
"2016-07-21",308.39,NA,""
"2016-07-22",305.29,NA,""
"2016-07-23",296.04,NA,""
"2016-07-24",283.9,NA,""
"2016-07-25",274.92,NA,""
"2016-07-26",269,NA,""
"2016-07-27",280.89,NA,""
"2016-07-28",280.89,NA,""
"2016-07-29",280.89,NA,""
"2016-07-30",269,NA,""
"2016-07-31",257.31,NA,""
"2016-08-01",254.42,NA,""
"2016-08-02",248.67,NA,""
"2016-08-03",245.82,NA,""
"2016-08-04",242.98,NA,""
"2016-08-05",240.16,NA,""
"2016-08-06",237.35,NA,""
"2016-08-07",237.35,NA,""
"2016-08-08",234.55,NA,""
"2016-08-09",234.55,NA,""
"2016-08-10",231.76,NA,""
"2016-08-11",231.76,NA,""
"2016-08-12",228.99,NA,""
"2016-08-13",226.23,NA,""
"2016-08-14",226.23,NA,""
"2016-08-15",226.23,NA,""
"2016-08-16",226.23,NA,""
"2016-08-17",226.23,NA,""
"2016-08-18",220.75,23.5,"ANA"
"2016-08-19",223.48,NA,""
"2016-08-20",226.23,NA,""
"2016-08-21",234.55,NA,""
"2016-08-22",242.98,NA,""
"2016-08-23",237.35,NA,""
"2016-08-24",234.55,NA,""
"2016-08-25",242.98,NA,""
"2016-08-26",260.21,NA,""
"2016-08-27",271.95,NA,""
"2016-08-28",280.89,NA,""
"2016-08-29",271.95,NA,""
"2016-08-30",260.21,NA,""
"2016-08-31",245.82,NA,""
"2016-09-01",237.35,NA,""
"2016-09-02",237.35,NA,""
"2016-09-03",228.99,NA,""
"2016-09-04",237.35,NA,""
"2016-09-05",242.98,NA,""
"2016-09-06",242.98,NA,""
"2016-09-07",237.35,NA,""
"2016-09-08",231.76,NA,""
"2016-09-09",231.76,NA,""
"2016-09-10",231.76,NA,""
"2016-09-11",231.76,NA,""
"2016-09-12",226.23,NA,""
"2016-09-13",226.23,NA,""
"2016-09-14",218.03,NA,""
"2016-09-15",209.95,NA,""
"2016-09-16",209.95,NA,""
"2016-09-17",204.63,NA,""
"2016-09-18",199.37,NA,""
"2016-09-19",199.37,NA,""
"2016-09-20",196.75,NA,""
"2016-09-21",189,NA,""
"2016-09-22",189,NA,""
"2016-09-23",189,NA,""
"2016-09-24",183.9,NA,""
"2016-09-25",191.57,NA,""
"2016-09-26",199.37,NA,""
"2016-09-27",194.16,NA,""
"2016-09-28",194.16,NA,""
"2016-09-29",199.37,NA,""
"2016-09-30",191.57,NA,""
"2016-10-01",189,NA,""
"2016-10-02",186.44,NA,""
"2016-10-03",186.44,NA,""
"2016-10-04",183.9,NA,""
"2016-10-05",186.44,NA,""
"2016-10-06",194.16,NA,""
"2016-10-07",194.16,NA,""
"2016-10-08",226.23,NA,""
"2016-10-09",280.89,NA,""
"2016-10-10",327.29,NA,""
"2016-10-11",363.08,NA,""
"2016-10-12",349.89,NA,""
"2016-10-13",320.94,NA,""
"2016-10-14",299.11,NA,""
"2016-10-15",260.21,NA,""
"2016-10-16",254.42,NA,""
"2016-10-17",263.13,NA,""
"2016-10-18",260.21,NA,""
"2016-10-19",254.42,NA,""
"2016-10-20",248.67,NA,""
"2016-10-21",242.98,NA,""
"2016-10-22",254.42,NA,""
"2016-10-23",286.91,NA,""
"2016-10-24",296.04,NA,""
"2016-10-25",379.82,NA,""
"2016-10-26",431.85,NA,""
"2016-10-27",386.61,NA,""
"2016-10-28",346.63,NA,""
"2016-10-29",366.4,NA,""
"2016-10-30",346.63,NA,""
"2016-10-31",327.29,NA,""
"2016-11-01",333.69,NA,""
"2016-11-02",314.64,NA,""
"2016-11-03",286.91,NA,""
"2016-11-04",311.51,NA,""
"2016-11-05",376.45,NA,""
"2016-11-06",509.04,NA,""
"2016-11-07",490.21,NA,""
"2016-11-08",438.98,NA,""
"2016-11-09",400.32,NA,""
"2016-11-10",349.89,NA,""
"2016-11-11",333.69,NA,""
"2016-11-12",356.46,NA,""
"2016-11-13",363.08,NA,""
"2016-11-14",359.76,NA,""
"2016-11-15",428.3,NA,""
"2016-11-16",587.16,NA,""
"2016-11-17",847.13,307,"ANA"
"2016-11-18",990.88,NA,""
"2016-11-19",927.5,NA,""
"2016-11-20",828.64,NA,""
"2016-11-21",810.31,NA,""
"2016-11-22",851.78,NA,""
"2016-11-23",828.64,NA,""
"2016-11-24",819.46,NA,""
"2016-11-25",851.78,NA,""
"2016-11-26",828.64,NA,""
"2016-11-27",856.44,NA,""
"2016-11-28",884.59,NA,""
"2016-11-29",870.47,NA,""
"2016-11-30",765.21,NA,""
"2016-12-01",738.64,NA,""
"2016-12-02",743.04,NA,""
"2016-12-03",703.79,NA,""
"2016-12-04",669.62,NA,""
"2016-12-05",769.67,NA,""
"2016-12-06",783.13,NA,""
"2016-12-07",760.76,NA,""
"2016-12-08",716.78,NA,""
"2016-12-09",695.19,NA,""
"2016-12-10",796.68,NA,""
"2016-12-11",951.68,NA,""
"2016-12-12",971.2,NA,""
"2016-12-13",961.42,NA,""
"2016-12-14",946.82,NA,""
"2016-12-15",946.82,NA,""
"2016-12-16",1000.78,NA,""
"2016-12-17",1015.7,NA,""
"2016-12-18",1081.36,NA,""
"2016-12-19",1132.97,NA,""
"2016-12-20",1233.64,NA,""
"2016-12-21",1249.84,NA,""
"2016-12-22",1159.13,NA,""
"2016-12-23",1030.71,NA,""
"2016-12-24",951.68,NA,""
"2016-12-25",1000.78,NA,""
"2016-12-26",1050.86,NA,""
"2016-12-27",946.82,NA,""
"2016-12-28",837.87,NA,""
"2016-12-29",774.15,NA,""
"2016-12-30",729.87,NA,""
"2016-12-31",695.19,NA,""
"2017-01-01",661.18,NA,""
"2017-01-02",615.53,NA,""
"2017-01-03",595.21,NA,""
"2017-01-04",595.21,NA,""
"2017-01-05",587.16,NA,""
"2017-01-06",579.15,NA,""
"2017-01-07",579.15,NA,""
"2017-01-08",595.21,NA,""
"2017-01-09",648.6,NA,""
"2017-01-10",619.63,NA,""
"2017-01-11",563.26,NA,""
"2017-01-12",532.01,NA,""
"2017-01-13",501.47,NA,""
"2017-01-14",501.47,NA,""
"2017-01-15",516.65,NA,""
"2017-01-16",547.55,NA,""
"2017-01-17",571.18,NA,""
"2017-01-18",699.49,NA,""
"2017-01-19",865.78,NA,""
"2017-01-20",1081.36,NA,""
"2017-01-21",1479.56,NA,""
"2017-01-22",1543.78,NA,""
"2017-01-23",1508.61,NA,""
"2017-01-24",1600.47,NA,""
"2017-01-25",1491.15,NA,""
"2017-01-26",1359.98,NA,""
"2017-01-27",1315.48,NA,""
"2017-01-28",1371.2,NA,""
"2017-01-29",1532.02,NA,""
"2017-01-30",1862.2,NA,""
"2017-01-31",1911.34,NA,""
"2017-02-01",1829.71,NA,""
"2017-02-02",1701.84,NA,""
"2017-02-03",1585.2,NA,""
"2017-02-04",1526.16,NA,""
"2017-02-05",1585.2,NA,""
"2017-02-06",1639.19,NA,""
"2017-02-07",1749.39,NA,""
"2017-02-08",1829.71,NA,""
"2017-02-09",1886.71,NA,""
"2017-02-10",1911.34,NA,""
"2017-02-11",1911.34,NA,""
"2017-02-12",1894.91,NA,""
"2017-02-13",1944.36,NA,""
"2017-02-14",2070.02,NA,""
"2017-02-15",2445.96,NA,""
"2017-02-16",2628.54,NA,""
"2017-02-17",2759.21,NA,""
"2017-02-18",2796.96,NA,""
"2017-02-19",2740.4,NA,""
"2017-02-20",2702.92,NA,""
"2017-02-21",2536.65,NA,""
"2017-02-22",2250.74,NA,""
"2017-02-23",2011.02,NA,""
"2017-02-24",1797.42,NA,""
"2017-02-25",1592.76,NA,""
"2017-02-26",1456.48,NA,""
"2017-02-27",1337.66,NA,""
"2017-02-28",1514.45,NA,""
"2017-03-01",1870.36,NA,""
"2017-03-02",1878.53,NA,""
"2017-03-03",1944.36,NA,""
"2017-03-04",2250.74,NA,""
"2017-03-05",2410.02,NA,""
"2017-03-06",2285.79,NA,""
"2017-03-07",2061.55,NA,""
"2017-03-08",1985.93,NA,""
"2017-03-09",2070.02,NA,""
"2017-03-10",1994.28,NA,""
"2017-03-11",1733.49,164.4,"ANA"
"2017-03-12",1496.97,NA,""
"2017-03-13",1382.45,NA,""
"2017-03-14",1348.8,NA,""
"2017-03-15",1376.82,NA,""
"2017-03-16",1393.74,NA,""
"2017-03-17",1348.8,NA,""
"2017-03-18",1244.43,NA,""
"2017-03-19",1196.16,NA,""
"2017-03-20",1228.25,NA,""
"2017-03-21",1592.76,NA,""
"2017-03-22",1919.58,NA,""
"2017-03-23",1789.38,NA,""
"2017-03-24",1894.91,NA,""
"2017-03-25",1829.71,NA,""
"2017-03-26",1623.66,NA,""
"2017-03-27",1543.78,NA,""
"2017-03-28",1678.24,NA,""
"2017-03-29",1717.63,NA,""
"2017-03-30",1561.48,NA,""
"2017-03-31",1615.91,NA,""
"2017-04-01",1717.63,NA,""
"2017-04-02",2129.64,NA,""
"2017-04-03",2374.28,NA,""
"2017-04-04",2250.74,NA,""
"2017-04-05",1944.36,NA,""
"2017-04-06",1623.66,NA,""
"2017-04-07",1439.26,NA,""
"2017-04-08",1371.2,NA,""
"2017-04-09",1376.82,NA,""
"2017-04-10",1343.23,NA,""
"2017-04-11",1266.12,NA,""
"2017-04-12",1180.23,NA,""
"2017-04-13",1107.05,NA,""
"2017-04-14",1035.73,NA,""
"2017-04-15",995.83,NA,""
"2017-04-16",941.98,NA,""
"2017-04-17",903.56,NA,""
"2017-04-18",884.59,NA,""
"2017-04-19",884.59,84.2,"ANA"
"2017-04-20",847.13,NA,""
"2017-04-21",856.44,NA,""
"2017-04-22",865.78,NA,""
"2017-04-23",971.2,NA,""
"2017-04-24",1206.82,NA,""
"2017-04-25",1260.69,NA,""
"2017-04-26",1164.39,NA,""
"2017-04-27",1045.8,NA,""
"2017-04-28",961.42,NA,""
"2017-04-29",894.06,NA,""
"2017-04-30",971.2,NA,""
"2017-05-01",1060.99,NA,""
"2017-05-02",1071.16,NA,""
"2017-05-03",981.02,NA,""
"2017-05-04",875.17,NA,""
"2017-05-05",828.64,NA,""
"2017-05-06",783.13,NA,""
"2017-05-07",747.46,NA,""
"2017-05-08",721.13,NA,""
"2017-05-09",703.79,NA,""
"2017-05-10",686.62,NA,""
"2017-05-11",665.39,NA,""
"2017-05-12",636.12,NA,""
"2017-05-13",627.85,NA,""
"2017-05-14",627.85,NA,""
"2017-05-15",619.63,NA,""
"2017-05-16",603.3,NA,""
"2017-05-17",583.15,NA,""
"2017-05-18",579.15,NA,""
"2017-05-19",636.12,NA,""
"2017-05-20",695.19,NA,""
"2017-05-21",686.62,NA,""
"2017-05-22",661.18,NA,""
"2017-05-23",678.1,NA,""
"2017-05-24",747.46,NA,""
"2017-05-25",810.31,NA,""
"2017-05-26",738.64,NA,""
"2017-05-27",669.62,NA,""
"2017-05-28",619.63,NA,""
"2017-05-29",603.3,NA,""
"2017-05-30",603.3,NA,""
"2017-05-31",587.16,NA,""
"2017-06-01",571.18,NA,""
"2017-06-02",532.01,NA,""
"2017-06-03",524.31,NA,""
"2017-06-04",520.48,NA,""
"2017-06-05",516.65,NA,""
"2017-06-06",516.65,NA,""
"2017-06-07",509.04,NA,""
"2017-06-08",505.25,NA,""
"2017-06-09",493.95,NA,""
"2017-06-10",479.04,NA,""
"2017-06-11",464.31,NA,""
"2017-06-12",464.31,NA,""
"2017-06-13",460.66,NA,""
"2017-06-14",457.02,NA,""
"2017-06-15",449.77,NA,""
"2017-06-16",442.56,NA,""
"2017-06-17",442.56,NA,""
"2017-06-18",442.56,NA,""
"2017-06-19",435.41,NA,""
"2017-06-20",421.23,NA,""
"2017-06-21",421.23,NA,""
"2017-06-22",414.21,NA,""
"2017-06-23",400.32,NA,""
"2017-06-24",407.24,NA,""
"2017-06-25",407.24,NA,""
"2017-06-26",400.32,NA,""
"2017-06-27",386.61,NA,""
"2017-06-28",393.44,NA,""
"2017-06-29",386.61,NA,""
"2017-06-30",383.21,NA,""
"2017-07-01",369.74,NA,""
"2017-07-02",363.08,NA,""
"2017-07-03",363.08,NA,""
"2017-07-04",359.76,NA,""
"2017-07-05",359.76,NA,""
"2017-07-06",359.76,NA,""
"2017-07-07",359.76,NA,""
"2017-07-08",353.17,NA,""
"2017-07-09",346.63,NA,""
"2017-07-10",340.13,NA,""
"2017-07-11",340.13,NA,""
"2017-07-12",340.13,NA,""
"2017-07-13",340.13,NA,""
"2017-07-14",333.69,NA,""
"2017-07-15",333.69,NA,""
"2017-07-16",330.48,NA,""
"2017-07-17",333.69,NA,""
"2017-07-18",340.13,NA,""
"2017-07-19",327.29,NA,""
"2017-07-20",320.94,NA,""
"2017-07-21",314.64,NA,""
"2017-07-22",311.51,NA,""
"2017-07-23",311.51,NA,""
"2017-07-24",308.39,NA,""
"2017-07-25",308.39,NA,""
"2017-07-26",308.39,NA,""
"2017-07-27",302.19,NA,""
"2017-07-28",302.19,12.6,"ANA"
"2017-07-29",296.04,NA,""
"2017-07-30",296.04,NA,""
"2017-07-31",292.99,NA,""
"2017-08-01",289.95,NA,""
"2017-08-02",289.95,NA,""
"2017-08-03",286.91,NA,""
"2017-08-04",283.9,NA,""
"2017-08-05",283.9,NA,""
"2017-08-06",280.89,NA,""
"2017-08-07",280.89,NA,""
"2017-08-08",277.9,NA,""
"2017-08-09",277.9,NA,""
"2017-08-10",274.92,NA,""
"2017-08-11",271.95,NA,""
"2017-08-12",271.95,NA,""
"2017-08-13",269,NA,""
"2017-08-14",266.05,NA,""
"2017-08-15",263.13,NA,""
"2017-08-16",257.31,NA,""
"2017-08-17",254.42,NA,""
"2017-08-18",251.54,NA,""
"2017-08-19",251.54,NA,""
"2017-08-20",248.67,NA,""
"2017-08-21",248.67,NA,""
"2017-08-22",245.82,NA,""
"2017-08-23",242.98,NA,""
"2017-08-24",242.98,NA,""
"2017-08-25",240.16,NA,""
"2017-08-26",242.98,NA,""
"2017-08-27",254.42,NA,""
"2017-08-28",260.21,NA,""
"2017-08-29",254.42,NA,""
"2017-08-30",248.67,NA,""
"2017-08-31",237.35,NA,""
"2017-09-01",231.76,NA,""
"2017-09-02",231.76,NA,""
"2017-09-03",220.75,NA,""
"2017-09-04",220.75,NA,""
"2017-09-05",215.32,NA,""
"2017-09-06",209.95,NA,""
"2017-09-07",207.28,NA,""
"2017-09-08",204.63,NA,""
"2017-09-09",199.37,NA,""
"2017-09-10",199.37,NA,""
"2017-09-11",194.16,NA,""
"2017-09-12",194.16,NA,""
"2017-09-13",191.57,NA,""
"2017-09-14",194.16,NA,""
"2017-09-15",189,NA,""
"2017-09-16",189,NA,""
"2017-09-17",183.9,NA,""
"2017-09-18",183.9,NA,""
"2017-09-19",178.86,NA,""
"2017-09-20",178.86,NA,""
"2017-09-21",176.35,NA,""
"2017-09-22",173.87,NA,""
"2017-09-23",173.87,NA,""
"2017-09-24",173.87,NA,""
"2017-09-25",173.87,NA,""
"2017-09-26",171.39,NA,""
"2017-09-27",168.93,NA,""
"2017-09-28",171.39,NA,""
"2017-09-29",176.35,NA,""
"2017-09-30",176.35,NA,""
"2017-10-01",183.9,NA,""
"2017-10-02",199.37,NA,""
"2017-10-03",237.35,NA,""
"2017-10-04",234.55,NA,""
"2017-10-05",237.35,NA,""
"2017-10-06",254.42,NA,""
"2017-10-07",289.95,NA,""
"2017-10-08",311.51,NA,""
"2017-10-09",283.9,NA,""
"2017-10-10",263.13,NA,""
"2017-10-11",245.82,NA,""
"2017-10-12",231.76,NA,""
"2017-10-13",215.32,NA,""
"2017-10-14",207.28,NA,""
"2017-10-15",199.37,NA,""
"2017-10-16",194.16,NA,""
"2017-10-17",183.9,NA,""
"2017-10-18",176.35,NA,""
"2017-10-19",173.87,NA,""
"2017-10-20",168.93,NA,""
"2017-10-21",166.49,NA,""
"2017-10-22",166.49,NA,""
"2017-10-23",161.64,20.7,"ANA"
"2017-10-24",161.64,NA,""
"2017-10-25",161.64,NA,""
"2017-10-26",164.06,NA,""
"2017-10-27",168.93,NA,""
"2017-10-28",178.86,NA,""
"2017-10-29",186.44,NA,""
"2017-10-30",183.9,NA,""
"2017-10-31",186.44,NA,""
"2017-11-01",189,NA,""
"2017-11-02",196.75,NA,""
"2017-11-03",207.28,NA,""
"2017-11-04",220.75,NA,""
"2017-11-05",260.21,NA,""
"2017-11-06",320.94,NA,""
"2017-11-07",305.29,NA,""
"2017-11-08",277.9,NA,""
"2017-11-09",257.31,NA,""
"2017-11-10",271.95,NA,""
"2017-11-11",299.11,NA,""
"2017-11-12",373.09,NA,""
"2017-11-13",505.25,NA,""
"2017-11-14",661.18,NA,""
"2017-11-15",769.67,NA,""
"2017-11-16",774.15,NA,""
"2017-11-17",619.63,NA,""
"2017-11-18",493.95,NA,""
"2017-11-19",424.76,NA,""
"2017-11-20",400.32,NA,""
"2017-11-21",435.41,NA,""
"2017-11-22",524.31,NA,""
"2017-11-23",619.63,NA,""
"2017-11-24",810.31,NA,""
"2017-11-25",875.17,NA,""
"2017-11-26",865.78,NA,""
"2017-11-27",792.15,NA,""
"2017-11-28",686.62,NA,""
"2017-11-29",611.44,NA,""
"2017-11-30",636.12,NA,""
"2017-12-01",652.78,NA,""
"2017-12-02",747.46,NA,""
"2017-12-03",607.37,NA,""
"2017-12-04",695.19,NA,""
"2017-12-05",908.33,NA,""
"2017-12-06",976.11,NA,""
"2017-12-07",981.02,NA,""
"2017-12-08",1071.16,NA,""
"2017-12-09",1035.73,NA,""
"2017-12-10",1122.57,NA,""
"2017-12-11",1337.66,NA,""
"2017-12-12",1468,NA,""
"2017-12-13",1532.02,NA,""
"2017-12-14",1543.78,NA,""
"2017-12-15",1427.82,NA,""
"2017-12-16",1376.82,NA,""
"2017-12-17",1670.4,NA,""
"2017-12-18",1911.34,NA,""
"2017-12-19",2011.02,NA,""
"2017-12-20",1927.83,NA,""
"2017-12-21",1693.96,NA,""
"2017-12-22",1485.35,NA,""
"2017-12-23",1348.8,NA,""
"2017-12-24",1233.64,NA,""
"2017-12-25",1217.52,NA,""
"2017-12-26",1249.84,NA,""
"2017-12-27",1212.16,NA,""
"2017-12-28",1122.57,NA,""
"2017-12-29",1101.89,NA,""
"2017-12-30",1081.36,NA,""
"2017-12-31",1081.36,NA,""
"2018-01-01",1020.7,NA,""
"2018-01-02",1091.61,NA,""
"2018-01-03",1271.57,NA,""
"2018-01-04",1260.69,NA,""
"2018-01-05",1174.94,NA,""
"2018-01-06",1260.69,NA,""
"2018-01-07",1416.43,NA,""
"2018-01-08",1608.18,NA,""
"2018-01-09",2027.81,NA,""
"2018-01-10",2250.74,NA,""
"2018-01-11",2321.04,NA,""
"2018-01-12",2224.58,NA,""
"2018-01-13",2061.55,NA,""
"2018-01-14",1960.95,NA,""
"2018-01-15",2129.64,NA,""
"2018-01-16",2198.54,NA,""
"2018-01-17",2078.5,NA,""
"2018-01-18",1870.36,NA,""
"2018-01-19",1693.96,NA,""
"2018-01-20",1532.02,NA,""
"2018-01-21",1450.73,NA,""
"2018-01-22",1337.66,NA,""
"2018-01-23",1222.88,NA,""
"2018-01-24",1122.57,NA,""
"2018-01-25",1050.86,NA,""
"2018-01-26",1025.7,NA,""
"2018-01-27",1066.07,NA,""
"2018-01-28",1112.21,NA,""
"2018-01-29",1174.94,NA,""
"2018-01-30",1293.45,NA,""
"2018-01-31",1315.48,NA,""
"2018-02-01",1217.52,NA,""
"2018-02-02",1244.43,NA,""
"2018-02-03",1439.26,NA,""
"2018-02-04",1623.66,NA,""
"2018-02-05",1977.59,NA,""
"2018-02-06",2392.13,NA,""
"2018-02-07",2500.23,NA,""
"2018-02-08",2482.09,NA,""
"2018-02-09",2518.41,NA,""
"2018-02-10",2445.96,NA,""
"2018-02-11",2268.24,NA,""
"2018-02-12",2095.49,NA,""
"2018-02-13",1994.28,NA,""
"2018-02-14",1894.91,NA,""
"2018-02-15",1701.84,NA,""
"2018-02-16",1555.57,NA,""
"2018-02-17",1433.54,NA,""
"2018-02-18",1337.66,NA,""
"2018-02-19",1260.69,NA,""
"2018-02-20",1239.03,NA,""
"2018-02-21",1309.96,NA,""
"2018-02-22",1701.84,NA,""
"2018-02-23",1878.53,NA,""
"2018-02-24",1994.28,NA,""
"2018-02-25",2146.79,NA,""
"2018-02-26",2224.58,NA,""
"2018-02-27",2250.74,NA,""
"2018-02-28",2198.54,NA,""
"2018-03-01",2181.24,NA,""
"2018-03-02",2129.64,NA,""
"2018-03-03",1944.36,NA,""
"2018-03-04",1797.42,NA,""
"2018-03-05",1567.4,NA,""
"2018-03-06",1450.73,NA,""
"2018-03-07",1388.09,NA,""
"2018-03-08",1348.8,NA,""
"2018-03-09",1309.96,NA,""
"2018-03-10",1354.39,NA,""
"2018-03-11",1376.82,NA,""
"2018-03-12",1473.77,NA,""
"2018-03-13",1757.36,NA,""
"2018-03-14",2250.74,NA,""
"2018-03-15",2321.04,253.8,"ANA"
"2018-03-16",2163.99,NA,""
"2018-03-17",1911.34,NA,""
"2018-03-18",1701.84,NA,""
"2018-03-19",1514.45,NA,""
"2018-03-20",1450.73,NA,""
"2018-03-21",1405.06,NA,""
"2018-03-22",1456.48,NA,""
"2018-03-23",1427.82,NA,""
"2018-03-24",1343.23,NA,""
"2018-03-25",1348.8,NA,""
"2018-03-26",1444.99,NA,""
"2018-03-27",1585.2,NA,""
"2018-03-28",1662.58,NA,""
"2018-03-29",1717.63,NA,""
"2018-03-30",1821.62,NA,""
"2018-03-31",1646.97,NA,""
"2018-04-01",1600.47,NA,""
"2018-04-02",1502.79,NA,""
"2018-04-03",1343.23,NA,""
"2018-04-04",1293.45,NA,""
"2018-04-05",1543.78,NA,""
"2018-04-06",1686.09,NA,""
"2018-04-07",1805.47,NA,""
"2018-04-08",1813.54,NA,""
"2018-04-09",1781.36,NA,""
"2018-04-10",1608.18,NA,""
"2018-04-11",1473.77,NA,""
"2018-04-12",1462.23,NA,""
"2018-04-13",1468,NA,""
"2018-04-14",1337.66,NA,""
"2018-04-15",1282.49,NA,""
"2018-04-16",1271.57,NA,""
"2018-04-17",1212.16,NA,""
"2018-04-18",1164.39,NA,""
"2018-04-19",1169.66,NA,""
"2018-04-20",1206.82,NA,""
"2018-04-21",1196.16,NA,""
"2018-04-22",1164.39,NA,""
"2018-04-23",1127.77,NA,""
"2018-04-24",1081.36,NA,""
"2018-04-25",1040.76,NA,""
"2018-04-26",981.02,NA,""
"2018-04-27",937.14,NA,""
"2018-04-28",898.8,NA,""
"2018-04-29",875.17,NA,""
"2018-04-30",856.44,NA,""
"2018-05-01",828.64,NA,""
"2018-05-02",805.76,NA,""
"2018-05-03",783.13,NA,""
"2018-05-04",765.21,NA,""
"2018-05-05",747.46,NA,""
"2018-05-06",729.87,NA,""
"2018-05-07",712.44,NA,""
"2018-05-08",678.1,NA,""
"2018-05-09",665.39,NA,""
"2018-05-10",661.18,NA,""
"2018-05-11",652.78,NA,""
"2018-05-12",636.12,NA,""
"2018-05-13",619.63,NA,""
"2018-05-14",615.53,NA,""
"2018-05-15",611.44,NA,""
"2018-05-16",595.21,NA,""
"2018-05-17",595.21,NA,""
"2018-05-18",603.3,NA,""
"2018-05-19",579.15,NA,""
"2018-05-20",571.18,NA,""
"2018-05-21",595.21,NA,""
"2018-05-22",669.62,NA,""
"2018-05-23",756.31,NA,""
"2018-05-24",787.63,NA,""
"2018-05-25",738.64,NA,""
"2018-05-26",661.18,NA,""
"2018-05-27",619.63,NA,""
"2018-05-28",603.3,NA,""
"2018-05-29",579.15,NA,""
"2018-05-30",559.31,NA,""
"2018-05-31",555.38,NA,""
"2018-06-01",539.76,NA,""
"2018-06-02",524.31,NA,""
"2018-06-03",528.16,NA,""
"2018-06-04",516.65,NA,""
"2018-06-05",516.65,NA,""
"2018-06-06",501.47,NA,""
"2018-06-07",493.95,NA,""
"2018-06-08",501.47,NA,""
"2018-06-09",501.47,NA,""
"2018-06-10",493.95,NA,""
"2018-06-11",486.47,NA,""
"2018-06-12",479.04,NA,""
"2018-06-13",467.98,NA,""
"2018-06-14",475.34,NA,""
"2018-06-15",464.31,NA,""
"2018-06-16",449.77,NA,""
"2018-06-17",457.02,NA,""
"2018-06-18",442.56,NA,""
"2018-06-19",435.41,NA,""
"2018-06-20",442.56,NA,""
"2018-06-21",435.41,NA,""
"2018-06-22",428.3,NA,""
"2018-06-23",421.23,NA,""
"2018-06-24",421.23,NA,""
"2018-06-25",414.21,NA,""
"2018-06-26",410.72,NA,""
"2018-06-27",403.77,NA,""
"2018-06-28",396.87,NA,""
"2018-06-29",400.32,NA,""
"2018-06-30",403.77,NA,""
"2018-07-01",393.44,NA,""
"2018-07-02",379.82,NA,""
"2018-07-03",379.82,NA,""
"2018-07-04",376.45,NA,""
"2018-07-05",373.09,NA,""
"2018-07-06",366.4,NA,""
"2018-07-07",359.76,NA,""
"2018-07-08",376.45,NA,""
"2018-07-09",379.82,NA,""
"2018-07-10",366.4,NA,""
"2018-07-11",349.89,NA,""
"2018-07-12",353.17,NA,""
"2018-07-13",346.63,NA,""
"2018-07-14",340.13,NA,""
"2018-07-15",346.63,NA,""
"2018-07-16",346.63,NA,""
"2018-07-17",340.13,NA,""
"2018-07-18",340.13,NA,""
"2018-07-19",336.9,NA,""
"2018-07-20",333.69,NA,""
"2018-07-21",330.48,NA,""
"2018-07-22",327.29,NA,""
"2018-07-23",320.94,NA,""
"2018-07-24",314.64,NA,""
"2018-07-25",314.64,NA,""
"2018-07-26",308.39,NA,""
"2018-07-27",305.29,NA,""
"2018-07-28",320.94,NA,""
"2018-07-29",308.39,NA,""
"2018-07-30",302.19,NA,""
"2018-07-31",296.04,NA,""
"2018-08-01",289.95,NA,""
"2018-08-02",289.95,NA,""
"2018-08-03",289.95,NA,""
"2018-08-04",289.95,NA,""
"2018-08-05",283.9,NA,""
"2018-08-06",280.89,NA,""
"2018-08-07",283.9,NA,""
"2018-08-08",283.9,NA,""
"2018-08-09",277.9,NA,""
"2018-08-10",274.92,NA,""
"2018-08-11",271.95,NA,""
"2018-08-12",269,NA,""
"2018-08-13",271.95,NA,""
"2018-08-14",266.05,NA,""
"2018-08-15",260.21,NA,""
"2018-08-16",260.21,NA,""
"2018-08-17",257.31,NA,""
"2018-08-18",257.31,NA,""
"2018-08-19",260.21,NA,""
"2018-08-20",254.42,NA,""
"2018-08-21",251.54,NA,""
"2018-08-22",251.54,NA,""
"2018-08-23",254.42,NA,""
"2018-08-24",254.42,NA,""
"2018-08-25",245.82,NA,""
"2018-08-26",242.98,NA,""
"2018-08-27",242.98,NA,""
"2018-08-28",240.16,NA,""
"2018-08-29",237.35,NA,""
"2018-08-30",234.55,NA,""
"2018-08-31",231.76,NA,""
"2018-09-01",231.76,NA,""
"2018-09-02",231.76,NA,""
"2018-09-03",226.23,NA,""
"2018-09-04",223.48,NA,""
"2018-09-05",220.75,NA,""
"2018-09-06",215.32,NA,""
"2018-09-07",215.32,NA,""
"2018-09-08",212.63,NA,""
"2018-09-09",209.95,NA,""
"2018-09-10",209.95,NA,""
"2018-09-11",207.28,NA,""
"2018-09-12",204.63,NA,""
"2018-09-13",204.63,NA,""
"2018-09-14",199.37,NA,""
"2018-09-15",199.37,NA,""
"2018-09-16",196.75,NA,""
"2018-09-17",199.37,NA,""
"2018-09-18",207.28,NA,""
"2018-09-19",226.23,NA,""
"2018-09-20",257.31,NA,""
"2018-09-21",266.05,NA,""
"2018-09-22",277.9,NA,""
"2018-09-23",302.19,NA,""
"2018-09-24",308.39,NA,""
"2018-09-25",308.39,NA,""
"2018-09-26",296.04,NA,""
"2018-09-27",283.9,NA,""
"2018-09-28",274.92,NA,""
"2018-09-29",263.13,NA,""
"2018-09-30",245.82,NA,""
"2018-10-01",237.35,NA,""
"2018-10-02",234.55,NA,""
"2018-10-03",231.76,NA,""
"2018-10-04",245.82,NA,""
"2018-10-05",266.05,NA,""
"2018-10-06",296.04,NA,""
"2018-10-07",314.64,NA,""
"2018-10-08",308.39,NA,""
"2018-10-09",317.79,NA,""
"2018-10-10",346.63,NA,""
"2018-10-11",363.08,NA,""
"2018-10-12",366.4,NA,""
"2018-10-13",363.08,NA,""
"2018-10-14",333.69,NA,""
"2018-10-15",324.11,NA,""
"2018-10-16",333.69,NA,""
"2018-10-17",333.69,NA,""
"2018-10-18",340.13,NA,""
"2018-10-19",376.45,NA,""
"2018-10-20",386.61,NA,""
"2018-10-21",366.4,NA,""
"2018-10-22",353.17,NA,""
"2018-10-23",386.61,NA,""
"2018-10-24",435.41,NA,""
"2018-10-25",479.04,NA,""
"2018-10-26",482.75,NA,""
"2018-10-27",535.88,NA,""
"2018-10-28",539.76,NA,""
"2018-10-29",539.76,NA,""
"2018-10-30",509.04,NA,""
"2018-10-31",471.66,NA,""
"2018-11-01",428.3,NA,""
"2018-11-02",400.32,NA,""
"2018-11-03",428.3,NA,""
"2018-11-04",438.98,NA,""
"2018-11-05",435.41,NA,""
"2018-11-06",532.01,NA,""
"2018-11-07",636.12,NA,""
"2018-11-08",828.64,NA,""
"2018-11-09",1228.25,NA,""
"2018-11-10",1508.61,NA,""
"2018-11-11",1749.39,NA,""
"2018-11-12",2146.79,NA,""
"2018-11-13",2329.88,NA,""
"2018-11-14",2303.39,NA,""
"2018-11-15",2095.49,NA,""
"2018-11-16",1862.2,256.6,"ANA"
"2018-11-17",1717.63,NA,""
"2018-11-18",1789.38,NA,""
"2018-11-19",1862.2,NA,""
"2018-11-20",1821.62,NA,""
"2018-11-21",1686.09,NA,""
"2018-11-22",1567.4,NA,""
"2018-11-23",1496.97,NA,""
"2018-11-24",1600.47,NA,""
"2018-11-25",1717.63,NA,""
"2018-11-26",1741.43,NA,""
"2018-11-27",1994.28,NA,""
"2018-11-28",2277.01,NA,""
"2018-11-29",2268.24,NA,""
"2018-11-30",2044.66,NA,""
"2018-12-01",1813.54,NA,""
"2018-12-02",1701.84,NA,""
"2018-12-03",1749.39,NA,""
"2018-12-04",2095.49,NA,""
"2018-12-05",2454.97,NA,""
"2018-12-06",2628.54,NA,""
"2018-12-07",2656.35,NA,""
"2018-12-08",2591.64,NA,""
"2018-12-09",2500.23,NA,""
"2018-12-10",2374.28,NA,""
"2018-12-11",2303.39,NA,""
"2018-12-12",2312.21,NA,""
"2018-12-13",2181.24,NA,""
"2018-12-14",1977.59,NA,""
"2018-12-15",1797.42,NA,""
"2018-12-16",1654.77,NA,""
"2018-12-17",1639.19,NA,""
"2018-12-18",1554.46,NA,""
"2018-12-19",1382.7,NA,""
"2018-12-20",1232.41,NA,""
"2018-12-21",1117.27,NA,""
"2018-12-22",1040.97,NA,""
"2018-12-23",976.76,NA,""
"2018-12-24",938.14,NA,""
"2018-12-25",900.2,NA,""
"2018-12-26",900.2,NA,""
"2018-12-27",947.73,NA,""
"2018-12-28",1025.99,NA,""
"2018-12-29",1030.97,NA,""
"2018-12-30",1081.37,NA,""
"2018-12-31",1486.37,NA,""
"2019-01-01",1765.35,NA,""
"2019-01-02",2078.5,NA,""
"2019-01-03",2233.29,NA,""
"2019-01-04",2078.5,NA,""
"2019-01-05",1837.81,NA,""
"2019-01-06",1608.18,NA,""
"2019-01-07",1441.6,NA,""
"2019-01-08",1449.03,NA,""
"2019-01-09",1478.87,NA,""
"2019-01-10",1368.11,NA,""
"2019-01-11",1211.47,NA,""
"2019-01-12",1106.96,NA,""
"2019-01-13",1056.04,NA,""
"2019-01-14",1035.96,NA,""
"2019-01-15",1071.2,NA,""
"2019-01-16",1071.2,NA,""
"2019-01-17",1035.96,NA,""
"2019-01-18",1006.17,NA,""
"2019-01-19",967.04,NA,""
"2019-01-20",928.59,NA,""
"2019-01-21",938.14,NA,""
"2019-01-22",900.2,NA,""
"2019-01-23",890.83,NA,""
"2019-01-24",890.83,NA,""
"2019-01-25",853.75,NA,""
"2019-01-26",799.44,NA,""
"2019-01-27",777.27,NA,""
"2019-01-28",812.87,NA,""
"2019-01-29",928.59,NA,""
"2019-01-30",1375.4,NA,""
"2019-01-31",1646.97,NA,""
"2019-02-01",1546.84,NA,""
"2019-02-02",1324.7,NA,""
"2019-02-03",1101.82,NA,""
"2019-02-04",981.63,NA,""
"2019-02-05",909.62,NA,""
"2019-02-06",844.59,NA,""
"2019-02-07",835.47,NA,""
"2019-02-08",853.75,NA,""
"2019-02-09",919.09,NA,""
"2019-02-10",1025.99,NA,""
"2019-02-11",1091.57,NA,""
"2019-02-12",1122.44,NA,""
"2019-02-13",1081.37,NA,""
"2019-02-14",1071.2,NA,""
"2019-02-15",1086.47,NA,""
"2019-02-16",1169.97,NA,""
"2019-02-17",1267.62,NA,""
"2019-02-18",1324.7,NA,""
"2019-02-19",1608.18,NA,""
"2019-02-20",1911.34,NA,""
"2019-02-21",1927.83,NA,""
"2019-02-22",1829.71,NA,""
"2019-02-23",1862.2,NA,""
"2019-02-24",1969.26,NA,""
"2019-02-25",2181.24,NA,""
"2019-02-26",2207.21,NA,""
"2019-02-27",2019.41,NA,""
"2019-02-28",1960.95,NA,""
"2019-03-01",2163.99,NA,""
"2019-03-02",2500.23,NA,""
"2019-03-03",2702.92,NA,""
"2019-03-04",2815.91,NA,""
"2019-03-05",2949.87,NA,""
"2019-03-06",3076.29,NA,""
"2019-03-07",3164.95,NA,""
"2019-03-08",3224.56,NA,""
"2019-03-09",3204.65,NA,""
"2019-03-10",3125.43,NA,""
"2019-03-11",2969.19,NA,""
"2019-03-12",2778.06,NA,""
"2019-03-13",2656.35,NA,""
"2019-03-14",2573.26,NA,""
"2019-03-15",2464,NA,""
"2019-03-16",2392.13,NA,""
"2019-03-17",2329.88,NA,""
"2019-03-18",2259.48,NA,""
"2019-03-19",2198.54,NA,""
"2019-03-20",2129.64,NA,""
"2019-03-21",2061.55,NA,""
"2019-03-22",1994.28,NA,""
"2019-03-23",1919.58,NA,""
"2019-03-24",1894.91,NA,""
"2019-03-25",1765.35,134.9,"ANA"
"2019-03-26",1623.66,NA,""
"2019-03-27",1531.64,NA,""
"2019-03-28",1426.79,NA,""
"2019-03-29",1353.58,NA,""
"2019-03-30",1339.11,NA,""
"2019-03-31",1531.64,NA,""
"2019-04-01",1592.76,NA,""
"2019-04-02",1516.49,NA,""
"2019-04-03",1390.01,NA,""
"2019-04-04",1310.34,NA,""
"2019-04-05",1197.58,NA,""
"2019-04-06",1197.58,NA,""
"2019-04-07",1246.45,NA,""
"2019-04-08",1382.7,NA,""
"2019-04-09",1486.37,NA,""
"2019-04-10",1608.18,NA,""
"2019-04-11",1845.93,NA,""
"2019-04-12",1969.26,NA,""
"2019-04-13",2233.29,NA,""
"2019-04-14",2482.09,NA,""
"2019-04-15",2536.65,NA,""
"2019-04-16",2482.09,NA,""
"2019-04-17",2427.96,NA,""
"2019-04-18",2329.88,NA,""
"2019-04-19",2285.79,NA,""
"2019-04-20",2285.79,NA,""
"2019-04-21",2027.81,NA,""
"2019-04-22",1829.71,NA,""
"2019-04-23",1709.73,NA,""
"2019-04-24",1623.66,NA,""
"2019-04-25",1670.4,NA,""
"2019-04-26",1797.42,NA,""
"2019-04-27",1701.84,NA,""
"2019-04-28",1486.37,NA,""
"2019-04-29",1360.84,NA,""
"2019-04-30",1253.49,NA,""
"2019-05-01",1142.6,NA,""
"2019-05-02",1066.14,NA,""
"2019-05-03",1086.47,NA,""
"2019-05-04",1129.01,NA,""
"2019-05-05",1267.62,NA,""
"2019-05-06",1434.19,NA,""
"2019-05-07",1382.7,NA,""
"2019-05-08",1296.04,NA,""
"2019-05-09",1135.8,NA,""
"2019-05-10",1106.96,NA,""
"2019-05-11",1149.42,NA,""
"2019-05-12",1086.47,NA,""
"2019-05-13",1025.99,NA,""
"2019-05-14",981.63,NA,""
"2019-05-15",957.36,NA,""
"2019-05-16",919.09,NA,""
"2019-05-17",881.49,NA,""
"2019-05-18",862.96,NA,""
"2019-05-19",844.59,NA,""
"2019-05-20",826.4,NA,""
"2019-05-21",821.88,NA,""
"2019-05-22",803.91,NA,""
"2019-05-23",777.27,NA,""
"2019-05-24",772.87,NA,""
"2019-05-25",746.7,NA,""
"2019-05-26",716.66,NA,""
"2019-05-27",703.95,NA,""
"2019-05-28",716.66,NA,""
"2019-05-29",703.95,NA,""
"2019-05-30",678.84,NA,""
"2019-05-31",683,NA,""
"2019-06-01",670.56,NA,""
"2019-06-02",654.13,NA,""
"2019-06-03",637.87,NA,""
"2019-06-04",613.83,NA,""
"2019-06-05",621.8,NA,""
"2019-06-06",605.91,NA,""
"2019-06-07",598.03,NA,""
"2019-06-08",590.2,NA,""
"2019-06-09",582.41,NA,""
"2019-06-10",574.67,NA,""
"2019-06-11",574.67,NA,""
"2019-06-12",563.14,NA,""
"2019-06-13",544.15,NA,""
"2019-06-14",532.9,NA,""
"2019-06-15",521.74,NA,""
"2019-06-16",551.71,NA,""
"2019-06-17",551.71,NA,""
"2019-06-18",532.9,NA,""
"2019-06-19",510.7,NA,""
"2019-06-20",514.37,NA,""
"2019-06-21",496.13,NA,""
"2019-06-22",499.75,NA,""
"2019-06-23",499.75,NA,""
"2019-06-24",492.51,NA,""
"2019-06-25",485.32,NA,""
"2019-06-26",478.17,NA,""
"2019-06-27",457.02,NA,""
"2019-06-28",464.02,NA,""
"2019-06-29",471.07,NA,""
"2019-06-30",457.02,NA,""
"2019-07-01",457.02,NA,""
"2019-07-02",443.14,NA,""
"2019-07-03",436.28,NA,""
"2019-07-04",436.28,NA,""
"2019-07-05",443.14,NA,""
"2019-07-06",436.28,NA,""
"2019-07-07",419.32,NA,""
"2019-07-08",419.32,NA,""
"2019-07-09",426.07,NA,""
"2019-07-10",436.28,NA,""
"2019-07-11",422.69,NA,""
"2019-07-12",412.62,NA,""
"2019-07-13",409.29,NA,""
"2019-07-14",405.97,NA,""
"2019-07-15",402.66,NA,""
"2019-07-16",415.96,NA,""
"2019-07-17",409.29,NA,""
"2019-07-18",399.36,NA,""
"2019-07-19",402.66,NA,""
"2019-07-20",389.54,NA,""
"2019-07-21",383.05,NA,""
"2019-07-22",376.62,NA,""
"2019-07-23",370.22,NA,""
"2019-07-24",363.88,NA,""
"2019-07-25",363.88,NA,""
"2019-07-26",363.88,NA,""
"2019-07-27",363.88,NA,""
"2019-07-28",357.59,NA,""
"2019-07-29",363.88,NA,""
"2019-07-30",357.59,NA,""
"2019-07-31",351.34,NA,""
"2019-08-01",345.14,NA,""
"2019-08-02",342.06,NA,""
"2019-08-03",338.99,NA,""
"2019-08-04",332.89,NA,""
"2019-08-05",329.86,NA,""
"2019-08-06",326.84,NA,""
"2019-08-07",323.83,NA,""
"2019-08-08",320.83,NA,""
"2019-08-09",314.88,NA,""
"2019-08-10",306.03,NA,""
"2019-08-11",303.11,NA,""
"2019-08-12",308.97,NA,""
"2019-08-13",308.97,NA,""
"2019-08-14",311.92,NA,""
"2019-08-15",308.97,NA,""
"2019-08-16",303.11,NA,""
"2019-08-17",300.2,NA,""
"2019-08-18",303.11,NA,""
"2019-08-19",306.03,NA,""
"2019-08-20",297.3,NA,""
"2019-08-21",280.18,NA,""
"2019-08-22",277.36,NA,""
"2019-08-23",274.57,NA,""
"2019-08-24",269,NA,""
"2019-08-25",274.57,NA,""
"2019-08-26",271.78,NA,""
"2019-08-27",271.78,NA,""
"2019-08-28",271.78,NA,""
"2019-08-29",269,NA,""
"2019-08-30",269,NA,""
"2019-08-31",263.49,NA,""
"2019-09-01",255.32,NA,""
"2019-09-02",252.62,NA,""
"2019-09-03",249.94,NA,""
"2019-09-04",247.26,NA,""
"2019-09-05",247.26,NA,""
"2019-09-06",247.26,NA,""
"2019-09-07",241.95,NA,""
"2019-09-08",239.32,NA,""
"2019-09-09",239.32,NA,""
"2019-09-10",236.69,NA,""
"2019-09-11",231.49,NA,""
"2019-09-12",228.9,NA,""
"2019-09-13",223.77,NA,""
"2019-09-14",221.22,NA,""
"2019-09-15",216.17,NA,""
"2019-09-16",213.66,NA,""
"2019-09-17",211.16,NA,""
"2019-09-18",211.16,NA,""
"2019-09-19",211.16,NA,""
"2019-09-20",208.68,NA,""
"2019-09-21",208.68,NA,""
"2019-09-22",208.68,NA,""
"2019-09-23",211.16,NA,""
"2019-09-24",221.22,NA,""
"2019-09-25",226.33,NA,""
"2019-09-26",228.9,NA,""
"2019-09-27",221.22,NA,""
"2019-09-28",216.17,NA,""
"2019-09-29",226.33,NA,""
"2019-09-30",247.26,NA,""
"2019-10-01",252.62,NA,""
"2019-10-02",236.69,NA,""
"2019-10-03",226.33,NA,""
"2019-10-04",218.69,NA,""
"2019-10-05",211.16,NA,""
"2019-10-06",206.21,NA,""
"2019-10-07",206.21,NA,""
"2019-10-08",206.21,NA,""
"2019-10-09",213.66,NA,""
"2019-10-10",211.16,NA,""
"2019-10-11",216.17,NA,""
"2019-10-12",241.95,NA,""
"2019-10-13",266.24,NA,""
"2019-10-14",266.24,NA,""
"2019-10-15",269,NA,""
"2019-10-16",285.84,NA,""
"2019-10-17",269,NA,""
"2019-10-18",249.94,NA,""
"2019-10-19",241.95,NA,""
"2019-10-20",244.6,NA,""
"2019-10-21",239.32,NA,""
"2019-10-22",236.69,NA,""
"2019-10-23",236.69,NA,""
"2019-10-24",236.69,NA,""
"2019-10-25",228.9,NA,""
"2019-10-26",231.49,NA,""
"2019-10-27",263.49,NA,""
"2019-10-28",288.68,NA,""
"2019-10-29",291.55,NA,""
"2019-10-30",288.68,NA,""
"2019-10-31",263.49,NA,""
"2019-11-01",249.94,NA,""
"2019-11-02",241.95,NA,""
"2019-11-03",247.26,NA,""
"2019-11-04",249.94,NA,""
"2019-11-05",269,NA,""
"2019-11-06",280.18,NA,""
"2019-11-07",285.84,NA,""
"2019-11-08",269,34,""
"2019-11-09",266.24,NA,""
"2019-11-10",258.03,NA,""
"2019-11-11",263.49,NA,""
"2019-11-12",269,NA,""
"2019-11-13",280.18,NA,""
"2019-11-14",300.2,NA,""
"2019-11-15",345.14,NA,""
"2019-11-16",338.99,NA,""
"2019-11-17",323.83,NA,""
"2019-11-18",317.85,NA,""
"2019-11-19",308.97,NA,""
"2019-11-20",291.55,NA,""
"2019-11-21",303.11,NA,""
"2019-11-22",338.99,NA,""
"2019-11-23",348.23,NA,""
"2019-11-24",338.99,NA,""
"2019-11-25",357.59,NA,""
"2019-11-26",363.88,NA,""
"2019-11-27",357.59,NA,""
"2019-11-28",360.73,NA,""
"2019-11-29",348.23,NA,""
"2019-11-30",419.32,NA,""
"2019-12-01",496.13,NA,""
"2019-12-02",559.32,NA,""
"2019-12-03",645.98,NA,""
"2019-12-04",699.74,NA,""
"2019-12-05",712.41,NA,""
"2019-12-06",755.38,NA,""
"2019-12-07",909.62,NA,""
"2019-12-08",981.63,NA,""
"2019-12-09",957.36,NA,""
"2019-12-10",938.14,NA,""
"2019-12-11",928.59,NA,""
"2019-12-12",952.54,NA,""
"2019-12-13",1025.99,NA,""
"2019-12-14",1016.06,NA,""
"2019-12-15",957.36,NA,""
"2019-12-16",849.17,NA,""
"2019-12-17",853.75,NA,""
"2019-12-18",812.87,NA,""
"2019-12-19",729.47,NA,""
"2019-12-20",708.18,NA,""
"2019-12-21",812.87,NA,""
"2019-12-22",821.88,NA,""
"2019-12-23",835.47,NA,""
"2019-12-24",812.87,NA,""
"2019-12-25",742.37,NA,""
"2019-12-26",678.84,NA,""
"2019-12-27",662.32,NA,""
"2019-12-28",708.18,NA,""
"2019-12-29",716.66,NA,""
"2019-12-30",641.92,NA,""
"2019-12-31",613.83,NA,""
"2020-01-01",605.91,NA,""
"2020-01-02",582.41,NA,""
"2020-01-03",574.67,NA,""
"2020-01-04",574.67,NA,""
"2020-01-05",678.84,NA,""
"2020-01-06",928.59,NA,""
"2020-01-07",1106.96,NA,""
"2020-01-08",1076.28,NA,""
"2020-01-09",1025.99,NA,""
"2020-01-10",1117.27,NA,""
"2020-01-11",1253.49,NA,""
"2020-01-12",1368.11,NA,""
"2020-01-13",1368.11,NA,""
"2020-01-14",1169.97,NA,""
"2020-01-15",1025.99,NA,""
"2020-01-16",947.73,NA,""
"2020-01-17",876.84,NA,""
"2020-01-18",844.59,NA,""
"2020-01-19",803.91,NA,""
"2020-01-20",826.4,NA,""
"2020-01-21",909.62,NA,""
"2020-01-22",900.2,NA,""
"2020-01-23",881.49,NA,""
"2020-01-24",1035.96,NA,""
"2020-01-25",1397.34,NA,""
"2020-01-26",1749.39,NA,""
"2020-01-27",1765.35,NA,""
"2020-01-28",1749.39,NA,""
"2020-01-29",1797.42,NA,""
"2020-01-30",1829.71,NA,""
"2020-01-31",1845.93,NA,""
"2020-02-01",1977.59,NA,""
"2020-02-02",2095.49,NA,""
"2020-02-03",2215.89,NA,""
"2020-02-04",2078.5,NA,""
"2020-02-05",1894.91,NA,""
"2020-02-06",1862.2,NA,""
"2020-02-07",1894.91,NA,""
"2020-02-08",2129.64,NA,""
"2020-02-09",2294.58,NA,""
"2020-02-10",2536.65,NA,""
"2020-02-11",2665.64,NA,""
"2020-02-12",2768.63,NA,""
"2020-02-13",2892.18,NA,""
"2020-02-14",3385.53,NA,""
"2020-02-15",3611.52,NA,""
"2020-02-16",3674.08,NA,""
"2020-02-17",3632.33,NA,""
"2020-02-18",3508.14,NA,""
"2020-02-19",3304.69,NA,""
"2020-02-20",3125.43,NA,""
"2020-02-21",2796.96,NA,""
"2020-02-22",2721.64,NA,""
"2020-02-23",2702.92,NA,""
"2020-02-24",2591.64,NA,""
"2020-02-25",2473.04,NA,""
"2020-02-26",2573.26,NA,""
"2020-02-27",2768.63,NA,""
"2020-02-28",2853.95,NA,""
"2020-02-29",2911.36,NA,""
"2020-03-01",2969.19,NA,""
"2020-03-02",3334.92,NA,""
"2020-03-03",3416.03,NA,""
"2020-03-04",3487.59,NA,""
"2020-03-05",3518.42,NA,""
"2020-03-06",3508.14,NA,""
"2020-03-07",3405.85,NA,""
"2020-03-08",3284.59,NA,""
"2020-03-09",2911.36,NA,""
"2020-03-10",2712.27,NA,""
"2020-03-11",2509.31,NA,""
"2020-03-12",2303.39,NA,""
"2020-03-13",2095.49,NA,""
"2020-03-14",1878.53,NA,""
"2020-03-15",1670.4,NA,""
"2020-03-16",1654.77,NA,""
"2020-03-17",1623.66,NA,""
"2020-03-18",1631.41,NA,""
"2020-03-19",1654.77,NA,""
"2020-03-20",1585.08,NA,""
"2020-03-21",1456.47,NA,""
"2020-03-22",1390.01,NA,""
"2020-03-23",1486.37,NA,""
"2020-03-24",1670.4,NA,""
"2020-03-25",1686.09,NA,""
"2020-03-26",1927.83,NA,""
"2020-03-27",2044.66,NA,""
"2020-03-28",2163.99,NA,""
"2020-03-29",2163.99,NA,""
"2020-03-30",2198.54,NA,""
"2020-03-31",2198.54,NA,""
"2020-04-01",2129.64,NA,""
"2020-04-02",1994.28,NA,""
"2020-04-03",1936.09,NA,""
"2020-04-04",1845.93,NA,""
"2020-04-05",1678.24,NA,""
"2020-04-06",1546.84,NA,""
"2020-04-07",1449.03,NA,""
"2020-04-08",1390.01,NA,""
"2020-04-09",1353.58,NA,""
"2020-04-10",1508.94,NA,""
"2020-04-11",1493.88,NA,""
"2020-04-12",1339.11,NA,""
"2020-04-13",1211.47,NA,""
"2020-04-14",1156.26,NA,""
"2020-04-15",1101.82,NA,""
"2020-04-16",1096.69,NA,""
"2020-04-17",1204.51,NA,""
"2020-04-18",1324.7,NA,""
"2020-04-19",1324.7,NA,""
"2020-04-20",1281.8,NA,""
"2020-04-21",1296.04,NA,""
"2020-04-22",1375.4,NA,""
"2020-04-23",1419.41,NA,""
"2020-04-24",1390.01,NA,""
"2020-04-25",1324.7,NA,""
"2020-04-26",1296.04,NA,""
"2020-04-27",1225.42,NA,""
"2020-04-28",1142.6,NA,""
"2020-04-29",1112.11,NA,""
"2020-04-30",1076.28,NA,""
"2020-05-01",1025.99,NA,""
"2020-05-02",976.76,NA,""
"2020-05-03",952.54,NA,""
"2020-05-04",933.36,NA,""
"2020-05-05",904.91,NA,""
"2020-05-06",872.2,NA,""
"2020-05-07",862.96,NA,""
"2020-05-08",849.17,NA,""
"2020-05-09",817.37,NA,""
"2020-05-10",808.38,NA,""
"2020-05-11",808.38,NA,""
"2020-05-12",781.68,NA,""
"2020-05-13",764.1,NA,""
"2020-05-14",755.38,NA,""
"2020-05-15",742.37,NA,""
"2020-05-16",725.19,NA,""
"2020-05-17",708.18,NA,""
"2020-05-18",691.35,NA,""
"2020-05-19",742.37,NA,""
"2020-05-20",746.7,NA,""
"2020-05-21",708.18,NA,""
"2020-05-22",687.17,NA,""
"2020-05-23",670.56,NA,""
"2020-05-24",645.98,NA,""
"2020-05-25",625.8,NA,""
"2020-05-26",645.98,NA,""
"2020-05-27",666.43,NA,""
"2020-05-28",645.98,NA,""
"2020-05-29",625.8,NA,""
"2020-05-30",613.83,NA,""
"2020-05-31",605.91,NA,""
"2020-06-01",598.03,NA,""
"2020-06-02",594.11,NA,""
"2020-06-03",590.2,NA,""
"2020-06-04",578.53,NA,""
"2020-06-05",566.97,NA,""
"2020-06-06",559.32,NA,""
"2020-06-07",551.71,NA,""
"2020-06-08",544.15,NA,""
"2020-06-09",536.64,NA,""
"2020-06-10",529.17,NA,""
"2020-06-11",521.74,NA,""
"2020-06-12",518.05,NA,""
"2020-06-13",514.37,NA,""
"2020-06-14",514.37,NA,""
"2020-06-15",503.39,NA,""
"2020-06-16",499.75,NA,""
"2020-06-17",492.51,NA,""
"2020-06-18",492.51,NA,""
"2020-06-19",488.91,NA,""
"2020-06-20",485.32,NA,""
"2020-06-21",478.17,NA,""
"2020-06-22",478.17,NA,""
"2020-06-23",471.07,NA,""
"2020-06-24",464.02,NA,""
"2020-06-25",464.02,NA,""
"2020-06-26",464.02,NA,""
"2020-06-27",457.02,NA,""
"2020-06-28",450.06,NA,""
"2020-06-29",443.14,NA,""
"2020-06-30",432.86,NA,""
"2020-07-01",422.69,NA,""
"2020-07-02",415.96,NA,""
"2020-07-03",415.96,NA,""
"2020-07-04",412.62,NA,""
"2020-07-05",415.96,NA,""
"2020-07-06",412.62,NA,""
"2020-07-07",409.29,NA,""
"2020-07-08",402.66,NA,""
"2020-07-09",399.36,NA,""
"2020-07-10",396.08,NA,""
"2020-07-11",396.08,NA,""
"2020-07-12",392.8,NA,""
"2020-07-13",392.8,NA,""
"2020-07-14",389.54,NA,""
"2020-07-15",389.54,NA,""
"2020-07-16",389.54,NA,""
"2020-07-17",386.29,NA,""
"2020-07-18",376.62,NA,""
"2020-07-19",376.62,NA,""
"2020-07-20",376.62,NA,""
"2020-07-21",363.88,NA,""
"2020-07-22",360.73,NA,""
"2020-07-23",357.59,NA,""
"2020-07-24",351.34,NA,""
"2020-07-25",351.34,NA,""
"2020-07-26",351.34,NA,""
"2020-07-27",345.14,NA,""
"2020-07-28",345.14,NA,""
"2020-07-29",338.99,NA,""
"2020-07-30",338.99,NA,""
"2020-07-31",335.93,NA,""
"2020-08-01",332.89,NA,""
"2020-08-02",329.86,NA,""
"2020-08-03",329.86,NA,""
"2020-08-04",326.84,NA,""
"2020-08-05",320.83,NA,""
"2020-08-06",314.88,NA,""
"2020-08-07",311.92,NA,""
"2020-08-08",308.97,NA,""
"2020-08-09",306.03,NA,""
"2020-08-10",303.11,NA,""
"2020-08-11",303.11,NA,""
"2020-08-12",300.2,NA,""
"2020-08-13",300.2,NA,""
"2020-08-14",297.3,NA,""
"2020-08-15",300.2,NA,""
"2020-08-16",297.3,NA,""
"2020-08-17",297.3,NA,""
"2020-08-18",291.55,NA,""
"2020-08-19",285.84,NA,""
"2020-08-20",280.18,NA,""
"2020-08-21",274.57,NA,""
"2020-08-22",274.57,NA,""
"2020-08-23",274.57,NA,""
"2020-08-24",271.78,NA,""
"2020-08-25",269,NA,""
"2020-08-26",263.49,NA,""
"2020-08-27",263.49,NA,""
"2020-08-28",258.03,NA,""
"2020-08-29",258.03,NA,""
"2020-08-30",258.03,NA,""
"2020-08-31",255.32,NA,""
"2020-09-01",252.62,NA,""
"2020-09-02",252.62,NA,""
"2020-09-03",247.26,NA,""
"2020-09-04",241.95,NA,""
"2020-09-05",239.32,NA,""
"2020-09-06",236.69,NA,""
"2020-09-07",236.69,NA,""
"2020-09-08",236.69,NA,""
"2020-09-09",231.49,NA,""
"2020-09-10",231.49,NA,""
"2020-09-11",228.9,NA,""
"2020-09-12",226.33,NA,""
"2020-09-13",226.33,NA,""
"2020-09-14",221.22,NA,""
"2020-09-15",221.22,NA,""
"2020-09-16",216.17,NA,""
"2020-09-17",216.17,NA,""
"2020-09-18",216.17,NA,""
"2020-09-19",213.66,NA,""
"2020-09-20",211.16,NA,""
"2020-09-21",211.16,NA,""
"2020-09-22",211.16,NA,""
"2020-09-23",213.66,NA,""
"2020-09-24",216.17,NA,""
"2020-09-25",213.66,NA,""
"2020-09-26",234.08,NA,""
"2020-09-27",241.95,NA,""
"2020-09-28",241.95,NA,""
"2020-09-29",263.49,NA,""
"2020-09-30",274.57,NA,""
"2020-10-01",252.62,NA,""
"2020-10-02",241.95,NA,""
"2020-10-03",228.9,NA,""
"2020-10-04",221.22,NA,""
"2020-10-05",211.16,NA,""
"2020-10-06",206.21,NA,""
"2020-10-07",201.31,NA,""
"2020-10-08",196.46,NA,""
"2020-10-09",194.05,NA,""
"2020-10-10",191.66,NA,""
"2020-10-11",191.66,NA,""
"2020-10-12",186.92,NA,""
"2020-10-13",186.92,NA,""
"2020-10-14",184.56,NA,""
"2020-10-15",191.66,NA,""
"2020-10-16",196.46,NA,""
"2020-10-17",211.16,NA,""
"2020-10-18",231.49,NA,""
"2020-10-19",234.08,NA,""
"2020-10-20",338.99,NA,""
"2020-10-21",464.02,NA,""
"2020-10-22",471.07,NA,""
"2020-10-23",481.74,NA,""
"2020-10-24",525.45,NA,""
"2020-10-25",559.32,NA,""
"2020-10-26",582.41,NA,""
"2020-10-27",590.2,NA,""
"2020-10-28",621.8,NA,""
"2020-10-29",662.32,NA,""
"2020-10-30",678.84,NA,""
"2020-10-31",746.7,NA,""
"2020-11-01",755.38,NA,""
"2020-11-02",790.54,NA,""
"2020-11-03",794.98,NA,""
"2020-11-04",772.87,NA,""
"2020-11-05",799.44,NA,""
"2020-11-06",790.54,NA,""
"2020-11-07",733.76,NA,""
"2020-11-08",703.95,NA,""
"2020-11-09",629.82,NA,""
"2020-11-10",582.41,NA,""
"2020-11-11",547.92,NA,""
"2020-11-12",521.74,NA,""
"2020-11-13",507.04,NA,""
"2020-11-14",510.7,NA,""
"2020-11-15",514.37,NA,""
"2020-11-16",540.39,NA,""
"2020-11-17",570.81,NA,""
"2020-11-18",578.53,NA,""
"2020-11-19",605.91,NA,""
"2020-11-20",641.92,NA,""
"2020-11-21",650.05,NA,""
"2020-11-22",666.43,NA,""
"2020-11-23",703.95,NA,""
"2020-11-24",733.76,NA,""
"2020-11-25",703.95,NA,""
"2020-11-26",670.56,NA,""
"2020-11-27",629.82,NA,""
"2020-11-28",601.96,NA,""
"2020-11-29",582.41,NA,""
"2020-11-30",582.41,NA,""
"2020-12-01",536.64,NA,""
"2020-12-02",518.05,NA,""
"2020-12-03",499.75,NA,""
"2020-12-04",485.32,NA,""
"2020-12-05",467.54,NA,""
"2020-12-06",453.53,NA,""
"2020-12-07",450.06,NA,""
"2020-12-08",453.53,NA,""
"2020-12-09",481.74,NA,""
"2020-12-10",536.64,NA,""
"2020-12-11",621.8,NA,""
"2020-12-12",733.76,NA,""
"2020-12-13",746.7,NA,""
"2020-12-14",764.1,NA,""
"2020-12-15",858.35,NA,""
"2020-12-16",890.83,NA,""
"2020-12-17",862.96,NA,""
"2020-12-18",808.38,NA,""
"2020-12-19",712.41,NA,""
"2020-12-20",674.69,NA,""
"2020-12-21",654.13,NA,""
"2020-12-22",625.8,NA,""
"2020-12-23",605.91,NA,""
"2020-12-24",662.32,NA,""
"2020-12-25",729.47,NA,""
"2020-12-26",928.59,NA,""
"2020-12-27",986.52,NA,""
"2020-12-28",1006.17,NA,""
"2020-12-29",1045.98,NA,""
"2020-12-30",1169.97,NA,""
"2020-12-31",1426.79,NA,""
"2021-01-01",1317.51,NA,""
"2021-01-02",1190.65,NA,""
"2021-01-03",1149.42,NA,""
"2021-01-04",1086.47,NA,""
"2021-01-05",967.04,NA,""
"2021-01-06",890.83,NA,""
"2021-01-07",1016.06,NA,""
"2021-01-08",1061.08,NA,""
"2021-01-09",1071.2,NA,""
"2021-01-10",1061.08,NA,""
"2021-01-11",1056.04,NA,""
"2021-01-12",1045.98,NA,""
"2021-01-13",1045.98,NA,""
"2021-01-14",1045.98,NA,""
"2021-01-15",1006.17,NA,""
"2021-01-16",1190.65,NA,""
"2021-01-17",1390.01,NA,""
"2021-01-18",1686.09,NA,""
"2021-01-19",1789.38,NA,""
"2021-01-20",1936.09,NA,""
"2021-01-21",1985.93,NA,""
"2021-01-22",1936.09,NA,""
"2021-01-23",1805.47,NA,""
"2021-01-24",1577.4,NA,""
"2021-01-25",1419.41,NA,""
"2021-01-26",1368.11,NA,""
"2021-01-27",1375.4,NA,""
"2021-01-28",1296.04,NA,""
"2021-01-29",1253.49,NA,""
"2021-01-30",1149.42,NA,""
"2021-01-31",1081.37,NA,""
"2021-02-01",1101.82,NA,""
"2021-02-02",1081.37,NA,""
"2021-02-03",1056.04,NA,""
"2021-02-04",1030.97,NA,""
"2021-02-05",1016.06,NA,""
"2021-02-06",1011.11,NA,""
"2021-02-07",971.89,NA,""
"2021-02-08",1001.24,NA,""
"2021-02-09",1303.19,NA,""
"2021-02-10",1592.76,NA,""
"2021-02-11",1639.19,NA,""
"2021-02-12",1501.4,NA,""
"2021-02-13",1331.9,NA,""
"2021-02-14",1274.7,NA,""
"2021-02-15",1670.4,NA,""
"2021-02-16",2112.54,NA,""
"2021-02-17",2198.54,NA,""
"2021-02-18",2163.99,NA,""
"2021-02-19",1985.93,NA,""
"2021-02-20",1919.58,NA,""
"2021-02-21",1878.53,NA,""
"2021-02-22",1854.06,NA,""
"2021-02-23",1749.39,NA,""
"2021-02-24",1813.54,NA,""
"2021-02-25",1894.91,NA,""
"2021-02-26",1829.71,NA,""
"2021-02-27",1741.43,NA,""
"2021-02-28",1717.63,NA,""
"2021-03-01",1903.12,NA,""
"2021-03-02",2509.31,NA,""
"2021-03-03",2901.76,NA,""
"2021-03-04",2998.26,NA,""
"2021-03-05",2959.52,NA,""
"2021-03-06",2892.18,NA,""
"2021-03-07",2759.21,NA,""
"2021-03-08",2647.07,NA,""
"2021-03-09",2619.3,NA,""
"2021-03-10",2969.19,NA,""
"2021-03-11",3095.91,NA,""
"2021-03-12",2959.52,NA,""
"2021-03-13",2740.4,NA,""
"2021-03-14",2564.09,NA,""
"2021-03-15",2436.95,NA,""
"2021-03-16",2454.97,NA,""
"2021-03-17",2619.3,NA,""
"2021-03-18",2637.8,NA,""
"2021-03-19",2684.26,NA,""
"2021-03-20",2873.04,NA,""
"2021-03-21",3027.44,NA,""
"2021-03-22",2949.87,NA,""
"2021-03-23",2749.8,NA,""
"2021-03-24",2536.65,NA,""
"2021-03-25",2374.28,NA,""
"2021-03-26",2181.24,NA,""
"2021-03-27",1944.36,NA,""
"2021-03-28",1765.35,NA,""
"2021-03-29",1646.97,NA,""
"2021-03-30",1554.46,NA,""
"2021-03-31",1478.87,NA,""
"2021-04-01",1412.03,NA,""
"2021-04-02",1339.11,NA,""
"2021-04-03",1281.8,NA,""
"2021-04-04",1225.42,NA,""
"2021-04-05",1197.58,NA,""
"2021-04-06",1225.42,NA,""
"2021-04-07",1225.42,NA,""
"2021-04-08",1253.49,NA,""
"2021-04-09",1239.43,NA,""
"2021-04-10",1218.44,NA,""
"2021-04-11",1225.42,NA,""
"2021-04-12",1232.41,NA,""
"2021-04-13",1218.44,NA,""
"2021-04-14",1169.97,NA,""
"2021-04-15",1096.69,NA,""
"2021-04-16",1045.98,NA,""
"2021-04-17",996.32,NA,""
"2021-04-18",962.2,NA,""
"2021-04-19",947.73,NA,""
"2021-04-20",952.54,NA,""
"2021-04-21",1016.06,NA,""
"2021-04-22",1129.01,NA,""
"2021-04-23",1117.27,NA,""
"2021-04-24",1045.98,NA,""
"2021-04-25",991.42,NA,""
"2021-04-26",947.73,NA,""
"2021-04-27",909.62,NA,""
"2021-04-28",881.49,NA,""
"2021-04-29",862.96,NA,""
"2021-04-30",844.59,NA,""
"2021-05-01",844.59,NA,""
"2021-05-02",830.93,NA,""
"2021-05-03",812.87,NA,""
"2021-05-04",803.91,NA,""
"2021-05-05",812.87,NA,""
"2021-05-06",821.88,NA,""
"2021-05-07",826.4,NA,""
"2021-05-08",812.87,NA,""
"2021-05-09",786.11,NA,""
"2021-05-10",764.1,NA,""
"2021-05-11",751.03,NA,""
"2021-05-12",733.76,NA,""
"2021-05-13",725.19,NA,""
"2021-05-14",720.92,NA,""
"2021-05-15",716.66,NA,""
"2021-05-16",703.95,NA,""
"2021-05-17",699.74,NA,""
"2021-05-18",691.35,NA,""
"2021-05-19",691.35,NA,""
"2021-05-20",687.17,NA,""
"2021-05-21",678.84,NA,""
"2021-05-22",674.69,NA,""
"2021-05-23",666.43,NA,""
"2021-05-24",662.32,NA,""
"2021-05-25",670.56,NA,""
"2021-05-26",1204.51,NA,""
"2021-05-27",1524.06,NA,""
"2021-05-28",1296.04,NA,""
"2021-05-29",1071.2,NA,""
"2021-05-30",952.54,NA,""
"2021-05-31",862.96,NA,""
"2021-06-01",794.98,NA,""
"2021-06-02",729.47,NA,""
"2021-06-03",678.84,NA,""
"2021-06-04",650.05,NA,""
"2021-06-05",633.84,NA,""
"2021-06-06",625.8,NA,""
"2021-06-07",609.87,NA,""
"2021-06-08",609.87,NA,""
"2021-06-09",590.2,NA,""
"2021-06-10",582.41,NA,""
"2021-06-11",574.67,NA,""
"2021-06-12",566.97,NA,""
"2021-06-13",563.14,NA,""
"2021-06-14",555.51,NA,""
"2021-06-15",547.92,NA,""
"2021-06-16",536.64,NA,""
"2021-06-17",529.17,NA,""
"2021-06-18",521.74,NA,""
"2021-06-19",514.37,NA,""
"2021-06-20",503.39,NA,""
"2021-06-21",496.13,NA,""
"2021-06-22",488.91,NA,""
"2021-06-23",481.74,NA,""
"2021-06-24",474.62,NA,""
"2021-06-25",467.54,NA,""
"2021-06-26",460.51,NA,""
"2021-06-27",453.53,NA,""
"2021-06-28",446.59,NA,""
"2021-06-29",436.28,NA,""
"2021-06-30",429.46,NA,""
"2021-07-01",422.69,NA,""
"2021-07-02",415.96,NA,""
"2021-07-03",412.62,NA,""
"2021-07-04",405.97,NA,""
"2021-07-05",399.36,NA,""
"2021-07-06",392.8,NA,""
"2021-07-07",386.29,NA,""
"2021-07-08",379.83,NA,""
"2021-07-09",373.41,NA,""
"2021-07-10",367.05,NA,""
"2021-07-11",360.73,NA,""
"2021-07-12",357.59,NA,""
"2021-07-13",351.34,NA,""
"2021-07-14",345.14,NA,""
"2021-07-15",338.99,NA,""
"2021-07-16",335.93,NA,""
"2021-07-17",329.86,NA,""
"2021-07-18",323.83,NA,""
"2021-07-19",317.85,NA,""
"2021-07-20",314.88,NA,""
"2021-07-21",308.97,NA,""
"2021-07-22",303.11,NA,""
"2021-07-23",300.2,NA,""
"2021-07-24",294.42,NA,""
"2021-07-25",288.68,NA,""
"2021-07-26",285.84,NA,""
"2021-07-27",280.18,NA,""
"2021-07-28",277.36,NA,""
"2021-07-29",271.78,NA,""
"2021-07-30",269,NA,""
"2021-07-31",263.49,NA,""
"2021-08-01",260.76,NA,""
"2021-08-02",255.32,NA,""
"2021-08-03",252.62,NA,""
"2021-08-04",247.26,NA,""
"2021-08-05",244.6,NA,""
"2021-08-06",239.32,NA,""
"2021-08-07",236.69,NA,""
"2021-08-08",231.49,NA,""
"2021-08-09",228.9,NA,""
"2021-08-10",223.77,NA,""
"2021-08-11",221.22,NA,""
"2021-08-12",218.69,NA,""
"2021-08-13",213.66,NA,""
"2021-08-14",211.16,NA,""
"2021-08-15",213.66,NA,""
"2021-08-16",208.68,NA,""
"2021-08-17",208.68,NA,""
"2021-08-18",206.21,NA,""
"2021-08-19",206.21,NA,""
"2021-08-20",198.88,NA,""
"2021-08-21",196.46,NA,""
"2021-08-22",196.46,NA,""
"2021-08-23",196.46,NA,""
"2021-08-24",194.05,NA,""
"2021-08-25",191.66,NA,""
"2021-08-26",186.92,NA,""
"2021-08-27",191.66,NA,""
"2021-08-28",206.21,NA,""
"2021-08-29",203.75,NA,""
"2021-08-30",198.88,NA,""
"2021-08-31",184.56,NA,""
"2021-09-01",175.28,NA,""
"2021-09-02",172.99,NA,""
"2021-09-03",177.58,NA,""
"2021-09-04",177.58,NA,""
"2021-09-05",177.58,NA,""
"2021-09-06",182.22,NA,""
"2021-09-07",175.28,NA,""
"2021-09-08",170.72,NA,""
"2021-09-09",170.72,NA,""
"2021-09-10",166.21,NA,""
"2021-09-11",163.98,NA,""
"2021-09-12",161.75,NA,""
"2021-09-13",159.55,NA,""
"2021-09-14",159.55,NA,""
"2021-09-15",159.55,NA,""
"2021-09-16",161.75,NA,""
"2021-09-17",161.75,NA,""
"2021-09-18",161.75,NA,""
"2021-09-19",159.55,NA,""
"2021-09-20",159.55,NA,""
"2021-09-21",159.55,NA,""
"2021-09-22",157.35,NA,""
"2021-09-23",157.35,NA,""
"2021-09-24",155.17,NA,""
"2021-09-25",150.85,NA,""
"2021-09-26",146.58,NA,""
"2021-09-27",146.58,NA,""
"2021-09-28",146.58,NA,""
"2021-09-29",146.58,NA,""
"2021-09-30",148.71,NA,""
"2021-10-01",150.85,NA,""
"2021-10-02",150.85,NA,""
"2021-10-03",150.85,NA,""
"2021-10-04",153,NA,""
"2021-10-05",155.17,NA,""
"2021-10-06",155.17,NA,""
"2021-10-07",159.55,NA,""
"2021-10-08",177.58,NA,""
"2021-10-09",179.9,NA,""
"2021-10-10",177.58,NA,""
"2021-10-11",191.66,NA,""
"2021-10-12",194.05,17.3,""
"2021-10-13",182.22,NA,""
"2021-10-14",184.56,NA,""
"2021-10-15",191.66,NA,""
"2021-10-16",211.16,NA,""
"2021-10-17",252.62,NA,""
"2021-10-18",294.42,NA,""
"2021-10-19",335.93,NA,""
"2021-10-20",409.29,NA,""
"2021-10-21",426.07,NA,""
"2021-10-22",399.36,NA,""
"2021-10-23",399.36,NA,""
"2021-10-24",409.29,NA,""
"2021-10-25",386.29,NA,""
"2021-10-26",320.83,NA,""
"2021-10-27",277.36,NA,""
"2021-10-28",258.03,NA,""
"2021-10-29",255.32,NA,""
"2021-10-30",277.36,NA,""
"2021-10-31",280.18,NA,""
"2021-11-01",314.88,NA,""
"2021-11-02",329.86,NA,""
"2021-11-03",376.62,NA,""
"2021-11-04",460.51,NA,""
"2021-11-05",499.75,NA,""
"2021-11-06",555.51,NA,""
"2021-11-07",551.71,NA,""
"2021-11-08",544.15,NA,""
"2021-11-09",514.37,NA,""
"2021-11-10",499.75,NA,""
"2021-11-11",492.51,NA,""
"2021-11-12",507.04,NA,""
"2021-11-13",532.9,NA,""
"2021-11-14",555.51,NA,""
"2021-11-15",625.8,NA,""
"2021-11-16",844.59,NA,""
"2021-11-17",1025.99,NA,""
"2021-11-18",971.89,NA,""
"2021-11-19",858.35,247.4,""
"2021-11-20",772.87,NA,""
"2021-11-21",835.47,NA,""
"2021-11-22",1296.04,NA,""
"2021-11-23",1404.68,NA,""
"2021-11-24",1324.7,NA,""
"2021-11-25",1239.43,NA,""
"2021-11-26",1106.96,NA,""
"2021-11-27",1025.99,NA,""
"2021-11-28",938.14,NA,""
"2021-11-29",821.88,NA,""
"2021-11-30",738.06,NA,""
"2021-12-01",683,NA,""
"2021-12-02",633.84,NA,""
"2021-12-03",641.92,NA,""
"2021-12-04",759.73,NA,""
"2021-12-05",909.62,NA,""
"2021-12-06",858.35,NA,""
"2021-12-07",803.91,NA,""
"2021-12-08",821.88,NA,""
"2021-12-09",840.03,NA,""
"2021-12-10",790.54,NA,""
"2021-12-11",777.27,NA,""
"2021-12-12",759.73,NA,""
"2021-12-13",725.19,NA,""
"2021-12-14",695.54,NA,""
"2021-12-15",703.95,NA,""
"2021-12-16",996.32,NA,""
"2021-12-17",1829.71,NA,""
"2021-12-18",2242.01,NA,""
"2021-12-19",2374.28,NA,""
"2021-12-20",2356.48,NA,""
"2021-12-21",2215.89,NA,""
"2021-12-22",2086.99,NA,""
"2021-12-23",2121.09,NA,""
"2021-12-24",2163.99,NA,""
"2021-12-25",2138.21,NA,""
"2021-12-26",2086.99,NA,""
"2021-12-27",1994.28,NA,""
"2021-12-28",1870.36,NA,""
"2021-12-29",1646.97,NA,""
"2021-12-30",1441.6,NA,""
"2021-12-31",1324.7,NA,""
"2022-01-01",1316.56,NA,""
"2022-01-02",1627.95,NA,""
"2022-01-03",2120.41,NA,""
"2022-01-04",2336.63,NA,""
"2022-01-05",2390.02,NA,""
"2022-01-06",2394.5,NA,""
"2022-01-07",2425.94,NA,""
"2022-01-08",2516.87,NA,""
"2022-01-09",2567.56,NA,""
"2022-01-10",2679.86,NA,""
"2022-01-11",2784.83,NA,""
"2022-01-12",2886.83,NA,""
"2022-01-13",2985.62,NA,""
"2022-01-14",3198.28,NA,""
"2022-01-15",3535.86,NA,""
"2022-01-16",3867.11,NA,""
"2022-01-17",4003.6,NA,""
"2022-01-18",3935.07,NA,""
"2022-01-19",3617.33,NA,""
"2022-01-20",3239.59,NA,""
"2022-01-21",2818.63,NA,""
"2022-01-22",2421.44,NA,""
"2022-01-23",2171.38,NA,""
"2022-01-24",1882.28,NA,""
"2022-01-25",1695.55,NA,""
"2022-01-26",1554.39,NA,""
"2022-01-27",1475.37,NA,""
"2022-01-28",1613.1,NA,""
"2022-01-29",1772.21,NA,""
"2022-01-30",1922.36,NA,""
"2022-01-31",2197.08,NA,""
"2022-02-01",2275.07,NA,""
"2022-02-02",2398.98,NA,""
"2022-02-03",2526.05,NA,""
"2022-02-04",2618.74,NA,""
"2022-02-05",2646.87,NA,""
"2022-02-06",2586.12,NA,""
"2022-02-07",2521.46,NA,""
"2022-02-08",2390.02,NA,""
"2022-02-09",2462.12,NA,""
"2022-02-10",2553.69,NA,""
"2022-02-11",2609.4,NA,""
"2022-02-12",2656.27,NA,""
"2022-02-13",2679.86,NA,""
"2022-02-14",2703.54,NA,""
"2022-02-15",2703.54,NA,""
"2022-02-16",2732.1,NA,""
"2022-02-17",2833.18,NA,""
"2022-02-18",2940.97,NA,""
"2022-02-19",2995.59,NA,""
"2022-02-20",3035.62,NA,""
"2022-02-21",3045.66,NA,""
"2022-02-22",3096.14,NA,""
"2022-02-23",3229.24,NA,""
"2022-02-24",3322.96,NA,""
"2022-02-25",3343.97,NA,""
"2022-02-26",3291.58,NA,""
"2022-02-27",3198.28,NA,""
"2022-02-28",3045.66,NA,""
"2022-03-01",2808.95,NA,""
"2022-03-02",2572.2,NA,""
"2022-03-03",2421.44,NA,""
"2022-03-04",2323.37,NA,""
"2022-03-05",2240.25,NA,""
"2022-03-06",2111.97,NA,""
"2022-03-07",2016.09,NA,""
"2022-03-08",1942.56,NA,""
"2022-03-09",1854.46,NA,""
"2022-03-10",1850.51,NA,""
"2022-03-11",1898.26,NA,""
"2022-03-12",1815.07,NA,""
"2022-03-13",1650.33,NA,""
"2022-03-14",1532.64,NA,""
"2022-03-15",1489.59,NA,""
"2022-03-16",1650.33,NA,""
"2022-03-17",1776.09,NA,""
"2022-03-18",1914.31,NA,""
"2022-03-19",1987.34,NA,""
"2022-03-20",2003.75,NA,""
"2022-03-21",1890.26,NA,""
"2022-03-22",1803.33,NA,""
"2022-03-23",1703.14,NA,""
"2022-03-24",1650.33,NA,""
"2022-03-25",1554.39,NA,""
"2022-03-26",1447.13,NA,""
"2022-03-27",1343.56,NA,""
"2022-03-28",1201.58,NA,""
"2022-03-29",895.51,NA,""
"2022-03-30",950.134,NA,""
"2022-03-31",942.929,NA,""
"2022-04-01",1518.22,NA,""
"2022-04-02",1454.16,NA,""
"2022-04-03",1299.83,NA,""
"2022-04-04",1276.57,NA,""
"2022-04-05",1240.43,NA,""
"2022-04-06",1179.19,NA,""
"2022-04-07",1110.14,NA,""
"2022-04-08",1045.98,NA,""
"2022-04-09",986.52,NA,""
"2022-04-10",952.542,NA,""
"2022-04-11",909.623,NA,""
"2022-04-12",893.167,NA,""
"2022-04-13",909.623,NA,""
"2022-04-14",919.086,NA,""
"2022-04-15",900.204,NA,""
"2022-04-16",895.51,NA,""
"2022-04-17",890.827,NA,""
"2022-04-18",865.264,NA,""
"2022-04-19",830.932,NA,""
"2022-04-20",790.539,NA,""
"2022-04-21",759.734,NA,""
"2022-04-22",687.167,NA,""
"2022-04-23",625.803,NA,""
"2022-04-24",609.865,NA,""
"2022-04-25",601.964,NA,""
"2022-04-26",586.297,NA,""
"2022-04-27",578.532,NA,""
"2022-04-28",570.812,NA,""
"2022-04-29",559.317,NA,""
"2022-04-30",544.15,NA,""
"2022-05-01",547.925,NA,""
"2022-05-02",559.317,NA,""
"2022-05-03",551.711,NA,""
"2022-05-04",529.167,NA,""
"2022-05-05",516.207,NA,""
"2022-05-06",510.695,NA,""
"2022-05-07",523.595,NA,""
"2022-05-08",516.207,NA,""
"2022-05-09",519.895,NA,""
"2022-05-10",534.764,NA,""
"2022-05-11",532.895,NA,""
"2022-05-12",527.307,NA,""
"2022-05-13",521.744,NA,""
"2022-05-14",514.367,NA,""
"2022-05-15",510.695,NA,""
"2022-05-16",503.388,NA,""
"2022-05-17",494.318,NA,""
"2022-05-18",492.512,NA,""
"2022-05-19",487.114,NA,""
"2022-05-20",485.32,NA,""
"2022-05-21",485.32,NA,""
"2022-05-22",474.619,NA,""
"2022-05-23",464.022,NA,""
"2022-05-24",457.016,NA,""
"2022-05-25",453.531,NA,""
"2022-05-26",455.272,NA,""
"2022-05-27",464.022,NA,""
"2022-05-28",457.016,NA,""
"2022-05-29",457.016,NA,""
"2022-05-30",457.016,NA,""
"2022-05-31",450.057,NA,""
"2022-06-01",444.868,NA,""
"2022-06-02",436.279,NA,""
"2022-06-03",429.46,NA,""
"2022-06-04",427.763,NA,""
"2022-06-05",422.689,NA,""
"2022-06-06",415.964,NA,""
"2022-06-07",412.62,NA,""
"2022-06-08",409.288,NA,""
"2022-06-09",396.076,NA,""
"2022-06-10",396.076,NA,""
"2022-06-11",394.438,NA,""
"2022-06-12",389.541,NA,""
"2022-06-13",389.541,NA,""
"2022-06-14",389.541,NA,""
"2022-06-15",396.076,NA,""
"2022-06-16",412.62,NA,""
"2022-06-17",419.321,NA,""
"2022-06-18",415.964,NA,""
"2022-06-19",399.361,NA,""
"2022-06-20",396.076,NA,""
"2022-06-21",389.541,NA,""
"2022-06-22",384.672,NA,""
"2022-06-23",376.616,NA,""
"2022-06-24",370.224,NA,""
"2022-06-25",363.881,NA,""
"2022-06-26",356.02,NA,""
"2022-06-27",352.897,NA,""
"2022-06-28",345.141,NA,""
"2022-06-29",346.686,NA,""
"2022-06-30",342.06,NA,""
"2022-07-01",338.991,NA,""
"2022-07-02",335.934,NA,""
"2022-07-03",332.889,NA,""
"2022-07-04",329.857,NA,""
"2022-07-05",325.33,NA,""
"2022-07-06",319.338,NA,""
"2022-07-07",317.848,NA,""
"2022-07-08",317.848,NA,""
"2022-07-09",317.848,NA,""
"2022-07-10",311.917,NA,""
"2022-07-11",308.97,NA,""
"2022-07-12",303.112,NA,""
"2022-07-13",300.202,NA,""
"2022-07-14",297.304,NA,""
"2022-07-15",294.418,NA,""
"2022-07-16",294.418,NA,""
"2022-07-17",291.545,NA,""
"2022-07-18",291.545,NA,""
"2022-07-19",288.684,NA,""
"2022-07-20",281.586,NA,""
"2022-07-21",280.176,NA,""
"2022-07-22",277.364,NA,""
"2022-07-23",274.565,NA,""
"2022-07-24",269.005,NA,""
"2022-07-25",269.005,NA,""
"2022-07-26",263.494,NA,""
"2022-07-27",263.494,NA,""
"2022-07-28",263.494,NA,""
"2022-07-29",260.758,NA,""
"2022-07-30",260.758,NA,""
"2022-07-31",258.034,NA,""
"2022-08-01",256.676,NA,""
"2022-08-02",251.279,NA,""
"2022-08-03",247.263,NA,""
"2022-08-04",247.263,NA,""
"2022-08-05",247.263,NA,""
"2022-08-06",247.263,NA,""
"2022-08-07",245.931,NA,""
"2022-08-08",241.954,NA,""
"2022-08-09",236.694,NA,""
"2022-08-10",231.486,NA,""
"2022-08-11",231.486,NA,""
"2022-08-12",231.486,NA,""
"2022-08-13",228.901,NA,""
"2022-08-14",226.329,NA,""
"2022-08-15",225.047,NA,""
"2022-08-16",225.047,NA,""
"2022-08-17",227.613,NA,""
"2022-08-18",234.084,NA,""
"2022-08-19",231.486,NA,""
"2022-08-20",226.329,NA,""
"2022-08-21",221.222,NA,""
"2022-08-22",218.688,NA,""
"2022-08-23",213.658,NA,""
"2022-08-24",211.163,NA,""
"2022-08-25",206.21,NA,""
"2022-08-26",206.21,NA,""
"2022-08-27",206.21,NA,""
"2022-08-28",206.21,NA,""
"2022-08-29",203.753,NA,""
"2022-08-30",201.309,NA,""
"2022-08-31",197.667,NA,""
"2022-09-01",497.524196280759,NA,""
"2022-09-02",495.00544513534,NA,""
"2022-09-03",493.662157264276,NA,""
"2022-09-04",492.650705640792,NA,""
"2022-09-05",492.825462248537,NA,""
"2022-09-06",492.999109568328,NA,""
"2022-09-07",492.319833265998,NA,""
"2022-09-08",491.010409890887,NA,""
"2022-09-09",488.973720986687,NA,""
"2022-09-10",486.640421000466,NA,""
"2022-09-11",484.225682081528,NA,""
"2022-09-12",483.2572651486,NA,""
"2022-09-13",482.310879698001,NA,""
"2022-09-14",482.288096272011,NA,""
"2022-09-15",481.89399192447,NA,""
"2022-09-16",480.459051339459,NA,""
"2022-09-17",478.988903360757,NA,""
"2022-09-18",476.898783500516,NA,""
"2022-09-19",475.98405620279,NA,""
"2022-09-20",431.427882242131,NA,""
"2022-09-21",429.839950964487,NA,""
"2022-09-22",429.888221210314,NA,""
"2022-09-23",432.388724196974,NA,""
"2022-09-24",429.368894341676,NA,""
"2022-09-25",432.513632284033,NA,""
"2022-09-26",431.738945846524,32.9,""
"2022-09-27",431.370663981153,NA,""
"2022-09-28",430.727103708923,NA,""
"2022-09-29",430.165082148434,NA,""
"2022-09-30",430.807455897949,NA,""
"2022-10-01",433.349414437072,NA,""
"2022-10-02",436.689649638358,NA,""
"2022-10-03",435.135660012657,NA,""
"2022-10-04",432.258428178127,NA,""
"2022-10-05",429.208552707074,NA,""
"2022-10-06",427.200269925913,NA,""
"2022-10-07",424.322469378118,NA,""
"2022-10-08",426.584258368724,NA,""
"2022-10-09",429.489222051585,NA,""
"2022-10-10",430.194042462589,NA,""
"2022-10-11",433.563118831419,NA,""
"2022-10-12",437.308257249092,NA,""
"2022-10-13",434.72513972324,NA,""
"2022-10-14",432.594149454553,NA,""
"2022-10-15",435.781751794487,NA,""
"2022-10-16",436.845863990064,NA,""
"2022-10-17",439.911459930417,NA,""
"2022-10-18",442.140264035321,NA,""
"2022-10-19",443.241431294948,NA,""
"2022-10-20",444.724391247813,NA,""
"2022-10-21",442.426712023623,NA,""
"2022-10-22",440.229145322152,NA,""
"2022-10-23",434.926574510631,NA,""
"2022-10-24",433.960771387414,NA,""
"2022-10-25",426.764867200267,NA,""
"2022-10-26",426.522643827098,NA,""
"2022-10-27",428.619223017031,NA,""
"2022-10-28",430.758715738118,NA,""
"2022-10-29",438.221245096415,NA,""
"2022-10-30",448.504694040106,NA,""
"2022-10-31",453.506637781086,NA,""
"2022-11-01",465.455356658369,NA,""
"2022-11-02",480.241538169816,NA,""
"2022-11-03",482.665445230338,NA,""
"2022-11-04",488.937781194584,NA,""
"2022-11-05",496.483320870027,NA,""
"2022-11-06",508.034739161745,NA,""
"2022-11-07",521.641172035862,NA,""
"2022-11-08",524.806055442979,NA,""
"2022-11-09",523.96871735408,NA,""
"2022-11-10",516.657375746519,NA,""
"2022-11-11",508.856347130739,NA,""
"2022-11-12",498.139406949665,NA,""
"2022-11-13",490.32388755839,NA,""
"2022-11-14",490.526920246038,NA,""
"2022-11-15",482.195822265942,NA,""
"2022-11-16",488.485256340474,NA,""
"2022-11-17",493.035134775292,NA,""
"2022-11-18",492.884398434816,NA,""
"2022-11-19",490.341469276889,NA,""
"2022-11-20",486.83468282641,NA,""
"2022-11-21",492.3794571439,NA,""
"2022-11-22",507.965700023576,NA,""
"2022-11-23",522.098282293325,NA,""
"2022-11-24",545.354286023994,NA,""
"2022-11-25",569.608185131445,NA,""
"2022-11-26",580.795904283919,NA,""
"2022-11-27",590.521858023603,NA,""
"2022-11-28",584.161905878467,NA,""
"2022-11-29",578.55961150283,NA,""
"2022-11-30",601.030640357839,NA,""
"2022-12-01",659.05977080841,NA,""
"2022-12-02",713.649246894923,NA,""
"2022-12-03",735.753542399165,NA,""
"2022-12-04",742.069213080707,NA,""
"2022-12-05",747.075911251476,NA,""
"2022-12-06",759.38088486586,NA,""
"2022-12-07",775.708264111045,NA,""
"2022-12-08",784.344862082238,NA,""
"2022-12-09",757.96102873888,NA,""
"2022-12-10",736.259942877422,NA,""
"2022-12-11",704.830121174857,NA,""
"2022-12-12",666.230504028254,NA,""
"2022-12-13",614.086299930133,NA,""
"2022-12-14",597.972198296372,NA,""
"2022-12-15",568.673888083322,NA,""
"2022-12-16",549.283977661831,NA,""
"2022-12-17",553.27820126863,NA,""
"2022-12-18",530.150265767468,NA,""
"2022-12-19",520.783401680862,NA,""
"2022-12-20",516.234599868266,NA,""
"2022-12-21",538.796990144514,NA,""
"2022-12-22",563.136335835493,NA,""
"2022-12-23",610.383069307967,NA,""
"2022-12-24",634.940577742049,NA,""
"2022-12-25",710.207454337743,NA,""
"2022-12-26",732.72491426332,NA,""
"2022-12-27",801.707569370248,NA,""
"2022-12-28",898.617014114235,NA,""
"2022-12-29",1045.3578617382,NA,""
"2022-12-30",1171.32781730033,NA,""
"2022-12-31",1268.91875422509,NA,""
